Entity,Code,Year,GNI per capita
Afghanistan,AFG,2020,2817.996
Afghanistan,AFG,2021,2157.1118
Afghanistan,AFG,2022,1979.5304
Afghanistan,AFG,2023,2050.8665
Albania,ALB,1995,4976.2266
Albania,ALB,1996,5368.619
Albania,ALB,1997,4725.2993
Albania,ALB,1998,5214.422
Albania,ALB,1999,6072.353
Albania,ALB,2000,6641.989
Albania,ALB,2001,7346.567
Albania,ALB,2002,7613.549
Albania,ALB,2003,8085.6777
Albania,ALB,2004,8641.149
Albania,ALB,2005,9004.925
Albania,ALB,2006,9690.086
Albania,ALB,2007,10474.722
Albania,ALB,2008,11168.34
Albania,ALB,2009,11364.513
Albania,ALB,2010,11675.284
Albania,ALB,2011,11936.705
Albania,ALB,2012,12157.325
Albania,ALB,2013,12837.962
Albania,ALB,2014,13322.859
Albania,ALB,2015,13960.94
Albania,ALB,2016,14843.592
Albania,ALB,2017,15463.067
Albania,ALB,2018,16258.025
Albania,ALB,2019,16657.39
Albania,ALB,2020,16164.476
Albania,ALB,2021,17960.38
Albania,ALB,2022,19436.006
Albania,ALB,2023,20937.305
Albania,ALB,2024,22397.496
Algeria,DZA,1990,9771.919
Algeria,DZA,1991,9503.373
Algeria,DZA,1992,9136.346
Algeria,DZA,1993,8472.89
Algeria,DZA,1994,8185.4233
Algeria,DZA,1995,8182.849
Algeria,DZA,1996,8622.807
Algeria,DZA,1997,8793.649
Algeria,DZA,1998,8465.934
Algeria,DZA,1999,8902.947
Algeria,DZA,2000,11301.336
Algeria,DZA,2001,10868.231
Algeria,DZA,2002,11035.855
Algeria,DZA,2003,12065.051
Algeria,DZA,2004,12930.268
Algeria,DZA,2005,14480.699
Algeria,DZA,2006,15610.651
Algeria,DZA,2007,15945.822
Algeria,DZA,2008,16587.117
Algeria,DZA,2009,13952.522
Algeria,DZA,2010,15594.222
Algeria,DZA,2011,16082.684
Algeria,DZA,2012,16491.465
Algeria,DZA,2013,16032.312
Algeria,DZA,2014,15880.32
Algeria,DZA,2015,14597.597
Algeria,DZA,2016,14613.86
Algeria,DZA,2017,14747.829
Algeria,DZA,2018,14946.874
Algeria,DZA,2019,14652.415
Algeria,DZA,2020,13002.564
Algeria,DZA,2021,14213.309
Algeria,DZA,2022,16253.346
Algeria,DZA,2023,15961.87
Algeria,DZA,2024,15873.683
Andorra,AND,2021,63827.88
Angola,AGO,2002,7174.934
Angola,AGO,2003,7226.264
Angola,AGO,2004,8137.0566
Angola,AGO,2005,9725.736
Angola,AGO,2006,10997.148
Angola,AGO,2007,11032.445
Angola,AGO,2008,11160.5205
Angola,AGO,2009,9316.852
Angola,AGO,2010,10660.145
Angola,AGO,2011,11621.377
Angola,AGO,2012,11759.982
Angola,AGO,2013,11464.534
Angola,AGO,2014,10360.994
Angola,AGO,2015,8646.253
Angola,AGO,2016,8415.051
Angola,AGO,2017,8571.768
Angola,AGO,2018,9031.098
Angola,AGO,2019,8010.619
Angola,AGO,2020,7208.0215
Angola,AGO,2021,8254.768
Angola,AGO,2022,8402.745
Angola,AGO,2023,7788.904
Angola,AGO,2024,8055.1494
Antigua and Barbuda,ATG,2021,24824.887
Argentina,ARG,1990,14642.268
Argentina,ARG,1991,16248.168
Argentina,ARG,1992,18074.701
Argentina,ARG,1993,19529.412
Argentina,ARG,1994,20460.074
Argentina,ARG,1995,19129.15
Argentina,ARG,1996,20152.277
Argentina,ARG,1997,21719.578
Argentina,ARG,1998,22105.56
Argentina,ARG,1999,20771.988
Argentina,ARG,2000,20469.066
Argentina,ARG,2001,18984.682
Argentina,ARG,2002,16807.332
Argentina,ARG,2003,18171.832
Argentina,ARG,2004,18083.727
Argentina,ARG,2005,19249.672
Argentina,ARG,2006,22637.938
Argentina,ARG,2007,24795.709
Argentina,ARG,2008,26093.936
Argentina,ARG,2009,23967.328
Argentina,ARG,2010,26389.594
Argentina,ARG,2011,28577.658
Argentina,ARG,2012,28129.158
Argentina,ARG,2013,28444.332
Argentina,ARG,2014,27224.42
Argentina,ARG,2015,27720.56
Argentina,ARG,2016,26942.16
Argentina,ARG,2017,27772.33
Argentina,ARG,2018,26440.514
Argentina,ARG,2019,25128.246
Argentina,ARG,2020,22767.227
Argentina,ARG,2021,25772.62
Argentina,ARG,2022,27489.281
Argentina,ARG,2023,26934.281
Argentina,ARG,2024,25824.309
Armenia,ARM,1994,4019.3633
Armenia,ARM,1995,3982.929
Armenia,ARM,1996,4290.7603
Armenia,ARM,1997,4688.833
Armenia,ARM,1998,4873.033
Armenia,ARM,1999,5090.3594
Armenia,ARM,2000,5342.737
Armenia,ARM,2001,5928.766
Armenia,ARM,2002,6783.0083
Armenia,ARM,2003,7839.901
Armenia,ARM,2004,8669.6455
Armenia,ARM,2005,9990.128
Armenia,ARM,2006,11424.591
Armenia,ARM,2007,13114.573
Armenia,ARM,2008,14041.96
Armenia,ARM,2009,11494.068
Armenia,ARM,2010,12262.223
Armenia,ARM,2011,12143.653
Armenia,ARM,2012,12745.743
Armenia,ARM,2013,13115.979
Armenia,ARM,2014,13237.054
Armenia,ARM,2015,13376.4795
Armenia,ARM,2016,13132.343
Armenia,ARM,2017,14340.011
Armenia,ARM,2018,14947.882
Armenia,ARM,2019,15929.517
Armenia,ARM,2020,14732.492
Armenia,ARM,2021,15464.009
Armenia,ARM,2022,17431.662
Armenia,ARM,2023,18575.102
Armenia,ARM,2024,18666.145
Aruba,ABW,2021,33829.23
Australia,AUS,1990,31095.967
Australia,AUS,1991,30292.797
Australia,AUS,1992,30129.076
Australia,AUS,1993,31003.19
Australia,AUS,1994,31777.68
Australia,AUS,1995,32639.871
Australia,AUS,1996,33662.69
Australia,AUS,1997,34875.305
Australia,AUS,1998,36183.543
Australia,AUS,1999,37251.746
Australia,AUS,2000,38659.492
Australia,AUS,2001,39109.344
Australia,AUS,2002,40355.484
Australia,AUS,2003,41206.426
Australia,AUS,2004,43055.805
Australia,AUS,2005,44196.08
Australia,AUS,2006,45598.125
Australia,AUS,2007,46849.676
Australia,AUS,2008,48309.406
Australia,AUS,2009,49245.21
Australia,AUS,2010,48947.13
Australia,AUS,2011,51317.3
Australia,AUS,2012,53008.73
Australia,AUS,2013,52665.027
Australia,AUS,2014,52756.723
Australia,AUS,2015,52222.75
Australia,AUS,2016,51560.086
Australia,AUS,2017,53145.516
Australia,AUS,2018,53836.633
Australia,AUS,2019,54774.46
Australia,AUS,2020,54720.742
Australia,AUS,2021,57556.836
Australia,AUS,2022,59134.29
Australia,AUS,2023,59439.473
Australia,AUS,2024,58610.67
Austria,AUT,1995,48500.273
Austria,AUT,1996,49467.125
Austria,AUT,1997,50234.53
Austria,AUT,1998,51812.01
Austria,AUT,1999,52973.246
Austria,AUT,2000,54714.76
Austria,AUT,2001,54895.805
Austria,AUT,2002,56038.293
Austria,AUT,2003,56523.23
Austria,AUT,2004,57660.277
Austria,AUT,2005,58358.566
Austria,AUT,2006,60247.832
Austria,AUT,2007,61987.56
Austria,AUT,2008,62912.32
Austria,AUT,2009,60335.36
Austria,AUT,2010,61231.707
Austria,AUT,2011,61903.887
Austria,AUT,2012,61621.703
Austria,AUT,2013,61209.27
Austria,AUT,2014,61271.703
Austria,AUT,2015,61094.895
Austria,AUT,2016,62567.766
Austria,AUT,2017,62530.58
Austria,AUT,2018,63521.41
Austria,AUT,2019,64512.516
Austria,AUT,2020,61260.527
Austria,AUT,2021,64007.543
Austria,AUT,2022,64044.957
Austria,AUT,2023,63324.734
Austria,AUT,2024,62384.586
Azerbaijan,AZE,2021,19693.906
Bahamas,BHS,1990,29728.668
Bahamas,BHS,1991,27595.34
Bahamas,BHS,1992,27022.57
Bahamas,BHS,1993,26162.92
Bahamas,BHS,1994,26500.324
Bahamas,BHS,1995,30804.104
Bahamas,BHS,1996,33318.383
Bahamas,BHS,1997,32577.898
Bahamas,BHS,1998,33908.164
Bahamas,BHS,1999,37950.16
Bahamas,BHS,2000,38769.26
Bahamas,BHS,2001,37749.12
Bahamas,BHS,2002,40509.85
Bahamas,BHS,2003,39073.78
Bahamas,BHS,2004,38386.418
Bahamas,BHS,2005,39186.695
Bahamas,BHS,2006,38263.453
Bahamas,BHS,2007,38840.324
Bahamas,BHS,2008,37288.29
Bahamas,BHS,2009,34063.98
Bahamas,BHS,2010,33569.547
Bahamas,BHS,2011,32296.523
Bahamas,BHS,2012,30200.123
Bahamas,BHS,2013,29658.098
Bahamas,BHS,2014,30800.84
Bahamas,BHS,2015,32389.094
Bahamas,BHS,2016,32120.617
Bahamas,BHS,2017,32879.836
Bahamas,BHS,2018,32248.555
Bahamas,BHS,2019,32712.787
Bahamas,BHS,2020,26050.158
Bahamas,BHS,2021,29228.209
Bahamas,BHS,2022,31439.785
Bahamas,BHS,2023,33623.168
Bahamas,BHS,2024,34709.96
Bahrain,BHR,2000,52218.445
Bahrain,BHR,2001,50619.617
Bahrain,BHR,2002,43630.586
Bahrain,BHR,2003,45674.562
Bahrain,BHR,2004,44922.35
Bahrain,BHR,2005,48767.695
Bahrain,BHR,2006,51296.59
Bahrain,BHR,2007,54395.99
Bahrain,BHR,2008,57984.348
Bahrain,BHR,2009,47376.97
Bahrain,BHR,2010,51735.61
Bahrain,BHR,2011,56204.37
Bahrain,BHR,2012,60372.164
Bahrain,BHR,2013,63405.125
Bahrain,BHR,2014,60273.758
Bahrain,BHR,2015,53599.81
Bahrain,BHR,2016,52665.523
Bahrain,BHR,2017,53799.312
Bahrain,BHR,2018,55329.543
Bahrain,BHR,2019,56719.094
Bahrain,BHR,2020,50453.664
Bahrain,BHR,2021,51553.094
Bahrain,BHR,2022,60432.21
Bahrain,BHR,2023,62996.984
Bahrain,BHR,2024,63324.06
Bangladesh,BGD,2016,5948.767
Bangladesh,BGD,2017,6213.0625
Bangladesh,BGD,2018,6648.2324
Bangladesh,BGD,2019,7118.433
Bangladesh,BGD,2020,7305.5703
Bangladesh,BGD,2021,7832.731
Bangladesh,BGD,2022,8200.666
Bangladesh,BGD,2023,8571.368
Bangladesh,BGD,2024,8852.248
Barbados,BRB,2021,17397.312
Belarus,BLR,1990,12801.589
Belarus,BLR,1991,12578.979
Belarus,BLR,1992,10541.435
Belarus,BLR,1993,8826.051
Belarus,BLR,1994,7367.4653
Belarus,BLR,1995,6753.7905
Belarus,BLR,1996,7014.693
Belarus,BLR,1997,7137.802
Belarus,BLR,1998,8481.302
Belarus,BLR,1999,8639.325
Belarus,BLR,2000,8963.804
Belarus,BLR,2001,9176.543
Belarus,BLR,2002,9697.072
Belarus,BLR,2003,10727.1455
Belarus,BLR,2004,12087.386
Belarus,BLR,2005,14702.373
Belarus,BLR,2006,16695.44
Belarus,BLR,2007,17992.652
Belarus,BLR,2008,21232.592
Belarus,BLR,2009,20490.975
Belarus,BLR,2010,22221.732
Belarus,BLR,2011,24686.094
Belarus,BLR,2012,26046.705
Belarus,BLR,2013,26163.336
Belarus,BLR,2014,26891.97
Belarus,BLR,2015,23523.545
Belarus,BLR,2016,22025
Belarus,BLR,2017,23360.623
Belarus,BLR,2018,25078.457
Belarus,BLR,2019,25848.959
Belarus,BLR,2020,25825.635
Belarus,BLR,2021,26597.54
Belarus,BLR,2022,26562.71
Belarus,BLR,2023,26814.219
Belarus,BLR,2024,28145.057
Belgium,BEL,1995,47742.516
Belgium,BEL,1996,48092.94
Belgium,BEL,1997,49754.73
Belgium,BEL,1998,50736.98
Belgium,BEL,1999,52040.508
Belgium,BEL,2000,53384.664
Belgium,BEL,2001,53426.965
Belgium,BEL,2002,54174.28
Belgium,BEL,2003,54401.617
Belgium,BEL,2004,55503.707
Belgium,BEL,2005,56156.71
Belgium,BEL,2006,57018.99
Belgium,BEL,2007,58732.004
Belgium,BEL,2008,57914.793
Belgium,BEL,2009,57249.617
Belgium,BEL,2010,57289
Belgium,BEL,2011,56237.285
Belgium,BEL,2012,57167.51
Belgium,BEL,2013,57255.09
Belgium,BEL,2014,57880.02
Belgium,BEL,2015,58549.55
Belgium,BEL,2016,59063.81
Belgium,BEL,2017,59510.094
Belgium,BEL,2018,60037.516
Belgium,BEL,2019,61431.344
Belgium,BEL,2020,58452.18
Belgium,BEL,2021,61448.523
Belgium,BEL,2022,61031.65
Belgium,BEL,2023,62624.98
Belgium,BEL,2024,62970.637
Belize,BLZ,1990,9477.417
Belize,BLZ,1991,10136.624
Belize,BLZ,1992,10575.93
Belize,BLZ,1993,10853.384
Belize,BLZ,1994,10522.362
Belize,BLZ,1995,10342.895
Belize,BLZ,1996,10240.506
Belize,BLZ,1997,10138.34
Belize,BLZ,1998,10207.666
Belize,BLZ,1999,10636.397
Belize,BLZ,2000,11317.476
Belize,BLZ,2001,11231.169
Belize,BLZ,2002,11595.067
Belize,BLZ,2003,11651.363
Belize,BLZ,2004,11336.33
Belize,BLZ,2005,11110.423
Belize,BLZ,2006,10693.184
Belize,BLZ,2007,11818.014
Belize,BLZ,2008,10978.911
Belize,BLZ,2009,9836.388
Belize,BLZ,2010,10178.595
Belize,BLZ,2011,10695.867
Belize,BLZ,2012,10628.108
Belize,BLZ,2013,11024.324
Belize,BLZ,2014,11362.041
Belize,BLZ,2015,11833.909
Belize,BLZ,2016,11877.8
Belize,BLZ,2017,11740.877
Belize,BLZ,2018,11015.385
Belize,BLZ,2019,11208.103
Belize,BLZ,2020,9545.961
Belize,BLZ,2021,11340.369
Belize,BLZ,2022,11979.462
Belize,BLZ,2023,11807.98
Belize,BLZ,2024,12098.052
Benin,BEN,1990,2077.9285
Benin,BEN,1991,2111.5105
Benin,BEN,1992,2058.3516
Benin,BEN,1993,2104.2168
Benin,BEN,1994,2036.526
Benin,BEN,1995,2121.7986
Benin,BEN,1996,2231.7607
Benin,BEN,1997,2296.882
Benin,BEN,1998,2307.4258
Benin,BEN,1999,2313.424
Benin,BEN,2000,2415.397
Benin,BEN,2001,2453.6511
Benin,BEN,2002,2514.9504
Benin,BEN,2003,2538.7458
Benin,BEN,2004,2614.0186
Benin,BEN,2005,2533.5557
Benin,BEN,2006,2546.912
Benin,BEN,2007,2599.6956
Benin,BEN,2008,2664.1726
Benin,BEN,2009,2663.2312
Benin,BEN,2010,2639.6946
Benin,BEN,2011,2667.0012
Benin,BEN,2012,2711.0173
Benin,BEN,2013,2850.6396
Benin,BEN,2014,2927.7422
Benin,BEN,2015,2917.2825
Benin,BEN,2016,2966.632
Benin,BEN,2017,3018.5012
Benin,BEN,2018,3116.9055
Benin,BEN,2019,3277.0881
Benin,BEN,2020,3287.4583
Benin,BEN,2021,3427.2114
Benin,BEN,2022,3529.4536
Benin,BEN,2023,3633.386
Benin,BEN,2024,3818.4185
Bermuda,BMU,2014,99483.914
Bermuda,BMU,2015,99002.06
Bermuda,BMU,2016,96969.055
Bermuda,BMU,2017,103320.164
Bermuda,BMU,2018,99956.44
Bermuda,BMU,2019,100384.664
Bermuda,BMU,2020,90869.45
Bermuda,BMU,2021,96262.16
Bermuda,BMU,2022,102468.875
Bermuda,BMU,2023,106076.125
Bermuda,BMU,2024,113651.87
Bhutan,BTN,1990,3239.2522
Bhutan,BTN,1991,3083.3489
Bhutan,BTN,1992,3225.263
Bhutan,BTN,1993,3340.7075
Bhutan,BTN,1994,3660.9883
Bhutan,BTN,1995,3839.3462
Bhutan,BTN,1996,4055.2415
Bhutan,BTN,1997,4339.403
Bhutan,BTN,1998,4222.3057
Bhutan,BTN,1999,4351.3833
Bhutan,BTN,2000,5312.1177
Bhutan,BTN,2001,5594.467
Bhutan,BTN,2002,5995.5034
Bhutan,BTN,2003,6300.354
Bhutan,BTN,2004,6489.687
Bhutan,BTN,2005,6887.5454
Bhutan,BTN,2006,7128.6377
Bhutan,BTN,2007,8082.6846
Bhutan,BTN,2008,8285.733
Bhutan,BTN,2009,8740.651
Bhutan,BTN,2010,9621.913
Bhutan,BTN,2011,10238.771
Bhutan,BTN,2012,10445.167
Bhutan,BTN,2013,10554.573
Bhutan,BTN,2014,11180.815
Bhutan,BTN,2015,11939.06
Bhutan,BTN,2016,12506.005
Bhutan,BTN,2017,12568.464
Bhutan,BTN,2018,12713.765
Bhutan,BTN,2019,13214.304
Bhutan,BTN,2020,12286.682
Bhutan,BTN,2021,12697.553
Bhutan,BTN,2022,12713.911
Bhutan,BTN,2023,13205.652
Bolivia,BOL,1990,5915.085
Bolivia,BOL,1991,5937.3833
Bolivia,BOL,1992,5888.0537
Bolivia,BOL,1993,5927.4966
Bolivia,BOL,1994,6165.5083
Bolivia,BOL,1995,6385.9126
Bolivia,BOL,1996,6606.6978
Bolivia,BOL,1997,6812.201
Bolivia,BOL,1998,7011.729
Bolivia,BOL,1999,6892.1943
Bolivia,BOL,2000,6910.045
Bolivia,BOL,2001,6974.875
Bolivia,BOL,2002,7088.8247
Bolivia,BOL,2003,7282.2275
Bolivia,BOL,2004,7651.9746
Bolivia,BOL,2005,7898.032
Bolivia,BOL,2006,8529.456
Bolivia,BOL,2007,8638.375
Bolivia,BOL,2008,9177.499
Bolivia,BOL,2009,8879.045
Bolivia,BOL,2010,9452.237
Bolivia,BOL,2011,9994.021
Bolivia,BOL,2012,10330.975
Bolivia,BOL,2013,10663.361
Bolivia,BOL,2014,10699.939
Bolivia,BOL,2015,10428.261
Bolivia,BOL,2016,10760.813
Bolivia,BOL,2017,11308.931
Bolivia,BOL,2018,11607.017
Bolivia,BOL,2019,11645.852
Bolivia,BOL,2020,10045.551
Bolivia,BOL,2021,10961.652
Bolivia,BOL,2022,11166.332
Bolivia,BOL,2023,11065.989
Bolivia,BOL,2024,10954.723
Bosnia and Herzegovina,BIH,2000,7845.2334
Bosnia and Herzegovina,BIH,2001,7963.7314
Bosnia and Herzegovina,BIH,2002,8355.621
Bosnia and Herzegovina,BIH,2003,8608.454
Bosnia and Herzegovina,BIH,2004,9158.868
Bosnia and Herzegovina,BIH,2005,9613.252
Bosnia and Herzegovina,BIH,2006,10214.061
Bosnia and Herzegovina,BIH,2007,11077.338
Bosnia and Herzegovina,BIH,2008,12019.684
Bosnia and Herzegovina,BIH,2009,12078.383
Bosnia and Herzegovina,BIH,2010,12056.035
Bosnia and Herzegovina,BIH,2011,12054.26
Bosnia and Herzegovina,BIH,2012,12287.915
Bosnia and Herzegovina,BIH,2013,12851.327
Bosnia and Herzegovina,BIH,2014,13100.349
Bosnia and Herzegovina,BIH,2015,13939.276
Bosnia and Herzegovina,BIH,2016,14658.263
Bosnia and Herzegovina,BIH,2017,15086.163
Bosnia and Herzegovina,BIH,2018,15894.6875
Bosnia and Herzegovina,BIH,2019,16636.84
Bosnia and Herzegovina,BIH,2020,16364.34
Bosnia and Herzegovina,BIH,2021,18053.56
Bosnia and Herzegovina,BIH,2022,18168.139
Bosnia and Herzegovina,BIH,2023,19081.592
Bosnia and Herzegovina,BIH,2024,20039.252
Botswana,BWA,1990,7507.523
Botswana,BWA,1991,8055.164
Botswana,BWA,1992,8116.817
Botswana,BWA,1993,8552.232
Botswana,BWA,1994,7440.191
Botswana,BWA,1995,7995.487
Botswana,BWA,1996,7820.5234
Botswana,BWA,1997,8578.128
Botswana,BWA,1998,9780.356
Botswana,BWA,1999,9239.1
Botswana,BWA,2000,9054.527
Botswana,BWA,2001,9389.753
Botswana,BWA,2002,8754.038
Botswana,BWA,2003,9861.5
Botswana,BWA,2004,9643.727
Botswana,BWA,2005,9452.03
Botswana,BWA,2006,10575.292
Botswana,BWA,2007,11679.604
Botswana,BWA,2008,12644.216
Botswana,BWA,2009,11819.687
Botswana,BWA,2010,12655.533
Botswana,BWA,2011,14475.695
Botswana,BWA,2012,14465.663
Botswana,BWA,2013,14675.675
Botswana,BWA,2014,16311.061
Botswana,BWA,2015,15075.506
Botswana,BWA,2016,16379.237
Botswana,BWA,2017,15526.716
Botswana,BWA,2018,15466.8125
Botswana,BWA,2019,17521.682
Botswana,BWA,2020,16765.857
Botswana,BWA,2021,17996.434
Botswana,BWA,2022,19332.16
Botswana,BWA,2023,19060.906
Brazil,BRA,1990,12257.861
Brazil,BRA,1991,12209.945
Brazil,BRA,1992,11995.07
Brazil,BRA,1993,12297.956
Brazil,BRA,1994,12621.176
Brazil,BRA,1995,13249.889
Brazil,BRA,1996,13370.835
Brazil,BRA,1997,13568.428
Brazil,BRA,1998,13339.479
Brazil,BRA,1999,12912.71
Brazil,BRA,2000,13243.772
Brazil,BRA,2001,13146.29
Brazil,BRA,2002,13559.365
Brazil,BRA,2003,13622.846
Brazil,BRA,2004,14366.498
Brazil,BRA,2005,14609.273
Brazil,BRA,2006,15117.755
Brazil,BRA,2007,15888.767
Brazil,BRA,2008,16494.217
Brazil,BRA,2009,16377.669
Brazil,BRA,2010,17528.904
Brazil,BRA,2011,18319.857
Brazil,BRA,2012,18433.262
Brazil,BRA,2013,18976.793
Brazil,BRA,2014,18737.666
Brazil,BRA,2015,17748.662
Brazil,BRA,2016,17033.438
Brazil,BRA,2017,17253.432
Brazil,BRA,2018,17286.36
Brazil,BRA,2019,17307.129
Brazil,BRA,2020,16808.314
Brazil,BRA,2021,17511.766
Brazil,BRA,2022,17886.531
Brazil,BRA,2023,18463.988
Brazil,BRA,2024,18865.219
Brunei,BRN,1990,88223.15
Brunei,BRN,1991,87306.516
Brunei,BRN,1992,72155.375
Brunei,BRN,1993,67910.73
Brunei,BRN,1994,62975.145
Brunei,BRN,1995,55740.914
Brunei,BRN,1996,60450.004
Brunei,BRN,1997,63456.254
Brunei,BRN,1998,55571.48
Brunei,BRN,1999,56549.727
Brunei,BRN,2000,62929.113
Brunei,BRN,2001,62586.293
Brunei,BRN,2002,60572.945
Brunei,BRN,2003,65552.15
Brunei,BRN,2004,71851.91
Brunei,BRN,2005,81965.336
Brunei,BRN,2006,89844.6
Brunei,BRN,2007,88185.49
Brunei,BRN,2008,106355.11
Brunei,BRN,2009,84656.89
Brunei,BRN,2010,88696.66
Brunei,BRN,2011,106493.055
Brunei,BRN,2012,107449.92
Brunei,BRN,2013,102459.92
Brunei,BRN,2014,97870.586
Brunei,BRN,2015,81577.59
Brunei,BRN,2016,75059.05
Brunei,BRN,2017,78865.77
Brunei,BRN,2018,76807.59
Brunei,BRN,2019,76665.68
Brunei,BRN,2020,69689.984
Brunei,BRN,2021,78749.75
Brunei,BRN,2022,89081.66
Brunei,BRN,2023,79542.67
Brunei,BRN,2024,80624.53
Bulgaria,BGR,1995,12647.687
Bulgaria,BGR,1996,11932.136
Bulgaria,BGR,1997,9381.918
Bulgaria,BGR,1998,10694.633
Bulgaria,BGR,1999,10147.216
Bulgaria,BGR,2000,11025.852
Bulgaria,BGR,2001,11928.161
Bulgaria,BGR,2002,13181.635
Bulgaria,BGR,2003,13982.692
Bulgaria,BGR,2004,14823.985
Bulgaria,BGR,2005,15649.778
Bulgaria,BGR,2006,16521.51
Bulgaria,BGR,2007,16813.158
Bulgaria,BGR,2008,18493.348
Bulgaria,BGR,2009,19252.732
Bulgaria,BGR,2010,19939.158
Bulgaria,BGR,2011,20601.068
Bulgaria,BGR,2012,20846.82
Bulgaria,BGR,2013,20905.326
Bulgaria,BGR,2014,21668.033
Bulgaria,BGR,2015,22401.133
Bulgaria,BGR,2016,23808.695
Bulgaria,BGR,2017,25000.418
Bulgaria,BGR,2018,25743.559
Bulgaria,BGR,2019,27638.838
Bulgaria,BGR,2020,27651.646
Bulgaria,BGR,2021,29722.838
Bulgaria,BGR,2022,30721.328
Bulgaria,BGR,2023,31406.195
Bulgaria,BGR,2024,32336.992
Burkina Faso,BFA,1990,1108.9164
Burkina Faso,BFA,1991,1165.5886
Burkina Faso,BFA,1992,1138.7211
Burkina Faso,BFA,1993,1139.8948
Burkina Faso,BFA,1994,1055.405
Burkina Faso,BFA,1995,1096.4249
Burkina Faso,BFA,1996,1187.879
Burkina Faso,BFA,1997,1226.5804
Burkina Faso,BFA,1998,1290.3297
Burkina Faso,BFA,1999,1283.646
Burkina Faso,BFA,2000,1259.0621
Burkina Faso,BFA,2001,1311.1631
Burkina Faso,BFA,2002,1328.5946
Burkina Faso,BFA,2003,1387.9932
Burkina Faso,BFA,2004,1409.0305
Burkina Faso,BFA,2005,1472.6306
Burkina Faso,BFA,2006,1515.7782
Burkina Faso,BFA,2007,1527.7584
Burkina Faso,BFA,2008,1567.2303
Burkina Faso,BFA,2009,1559.0269
Burkina Faso,BFA,2010,1654.856
Burkina Faso,BFA,2011,1741.8501
Burkina Faso,BFA,2012,1859.523
Burkina Faso,BFA,2013,1855.8713
Burkina Faso,BFA,2014,1844.8439
Burkina Faso,BFA,2015,1872.2805
Burkina Faso,BFA,2016,1966.1561
Burkina Faso,BFA,2017,2051.203
Burkina Faso,BFA,2018,2151.8953
Burkina Faso,BFA,2019,2267.1392
Burkina Faso,BFA,2020,2302.156
Burkina Faso,BFA,2021,2340.8394
Burkina Faso,BFA,2022,2221.6375
Burundi,BDI,2021,1037.985
Cambodia,KHM,1995,1426.8358
Cambodia,KHM,1996,1382.0035
Cambodia,KHM,1997,1395.543
Cambodia,KHM,1998,1373.2085
Cambodia,KHM,1999,1501.4042
Cambodia,KHM,2000,1643.3958
Cambodia,KHM,2001,1747.87
Cambodia,KHM,2002,1818.1427
Cambodia,KHM,2003,1987.9967
Cambodia,KHM,2004,2143.919
Cambodia,KHM,2005,2344.9402
Cambodia,KHM,2006,2562.861
Cambodia,KHM,2007,2807.3098
Cambodia,KHM,2008,3209.89
Cambodia,KHM,2009,3138.0862
Cambodia,KHM,2010,3274.6868
Cambodia,KHM,2011,3499.4805
Cambodia,KHM,2012,3671.6157
Cambodia,KHM,2013,3879.7778
Cambodia,KHM,2014,4185.404
Cambodia,KHM,2015,4458.2866
Cambodia,KHM,2016,4746.375
Cambodia,KHM,2017,5100.0996
Cambodia,KHM,2018,5543.296
Cambodia,KHM,2019,5982.7197
Cambodia,KHM,2020,6014.619
Cambodia,KHM,2021,5973.4224
Cambodia,KHM,2022,6196.8813
Cambodia,KHM,2023,6500.105
Cambodia,KHM,2024,6640.6685
Cameroon,CMR,1990,3771.1716
Cameroon,CMR,1991,3563.57
Cameroon,CMR,1992,3165.1133
Cameroon,CMR,1993,3191.553
Cameroon,CMR,1994,3199.8335
Cameroon,CMR,1995,3132.34
Cameroon,CMR,1996,3080.8599
Cameroon,CMR,1997,3262.0874
Cameroon,CMR,1998,3293.9233
Cameroon,CMR,1999,3408.3914
Cameroon,CMR,2000,3455.4634
Cameroon,CMR,2001,3417.5444
Cameroon,CMR,2002,3460.1265
Cameroon,CMR,2003,3683.3591
Cameroon,CMR,2004,3902.5122
Cameroon,CMR,2005,3958.3037
Cameroon,CMR,2006,4076.8188
Cameroon,CMR,2007,4069.561
Cameroon,CMR,2008,4056.7556
Cameroon,CMR,2009,4128.6167
Cameroon,CMR,2010,4136.1875
Cameroon,CMR,2011,4153.7817
Cameroon,CMR,2012,4250.0557
Cameroon,CMR,2013,4388.676
Cameroon,CMR,2014,4488.4844
Cameroon,CMR,2015,4573.3135
Cameroon,CMR,2016,4644.053
Cameroon,CMR,2017,4673.6523
Cameroon,CMR,2018,4752.2314
Cameroon,CMR,2019,4753.9927
Cameroon,CMR,2020,4594.0728
Cameroon,CMR,2021,4715.7393
Cameroon,CMR,2022,4799.0845
Cameroon,CMR,2023,4773.7456
Cameroon,CMR,2024,4880.208
Canada,CAN,1990,36818.766
Canada,CAN,1991,35548.812
Canada,CAN,1992,35216.45
Canada,CAN,1993,35668.617
Canada,CAN,1994,36739.19
Canada,CAN,1995,37753.977
Canada,CAN,1996,38230.46
Canada,CAN,1997,39420.324
Canada,CAN,1998,39887.18
Canada,CAN,1999,41834.348
Canada,CAN,2000,44719.54
Canada,CAN,2001,44750.49
Canada,CAN,2002,45251.12
Canada,CAN,2003,46498.9
Canada,CAN,2004,48328.984
Canada,CAN,2005,50044.945
Canada,CAN,2006,51224.434
Canada,CAN,2007,52310.832
Canada,CAN,2008,53018.79
Canada,CAN,2009,49193.47
Canada,CAN,2010,50812.637
Canada,CAN,2011,52458.176
Canada,CAN,2012,52628.15
Canada,CAN,2013,53534.656
Canada,CAN,2014,54212.14
Canada,CAN,2015,52945.766
Canada,CAN,2016,52857.246
Canada,CAN,2017,54426.65
Canada,CAN,2018,54995.773
Canada,CAN,2019,55342.78
Canada,CAN,2020,51712.855
Canada,CAN,2021,56471.27
Canada,CAN,2022,58337.137
Canada,CAN,2023,56168.473
Canada,CAN,2024,55393.58
Cape Verde,CPV,2007,6244.119
Cape Verde,CPV,2008,6548.422
Cape Verde,CPV,2009,6521.8896
Cape Verde,CPV,2010,6438.748
Cape Verde,CPV,2011,6623.2266
Cape Verde,CPV,2012,6634.6924
Cape Verde,CPV,2013,6780.901
Cape Verde,CPV,2014,6750.8193
Cape Verde,CPV,2015,6961.2646
Cape Verde,CPV,2016,7427.5635
Cape Verde,CPV,2017,7721.397
Cape Verde,CPV,2018,8266.2
Cape Verde,CPV,2019,8906.97
Cape Verde,CPV,2020,7072.866
Cape Verde,CPV,2021,7579.2026
Cape Verde,CPV,2022,8615.1875
Cape Verde,CPV,2023,8901.743
Cape Verde,CPV,2024,9725.891
Cayman Islands,CYM,2021,64425.973
Central African Republic,CAF,2009,1339.2905
Central African Republic,CAF,2010,1390.3793
Central African Republic,CAF,2011,1354.3396
Central African Republic,CAF,2012,1385.2688
Central African Republic,CAF,2013,844.8173
Central African Republic,CAF,2014,835.555
Central African Republic,CAF,2015,878.50494
Central African Republic,CAF,2016,917.37476
Central African Republic,CAF,2017,968.2329
Central African Republic,CAF,2018,1205.99
Central African Republic,CAF,2019,1229.3662
Central African Republic,CAF,2020,1200.168
Central African Republic,CAF,2021,1205.5549
Central African Republic,CAF,2022,1200.5944
Central African Republic,CAF,2023,1201.8424
Central African Republic,CAF,2024,1181.884
Chad,TCD,1990,2244.854
Chad,TCD,1991,2252.1968
Chad,TCD,1992,2264.0742
Chad,TCD,1993,1847.8262
Chad,TCD,1994,1870.9143
Chad,TCD,1995,1768.3943
Chad,TCD,1996,1697.6482
Chad,TCD,1997,1742.1361
Chad,TCD,1998,1800.9082
Chad,TCD,1999,1755.8723
Chad,TCD,2000,1700.5464
Chad,TCD,2001,2010.0876
Chad,TCD,2002,2846.8784
Chad,TCD,2003,2145.5916
Chad,TCD,2005,2398.5037
Chad,TCD,2006,2389.1255
Chad,TCD,2007,2460.4744
Chad,TCD,2008,2506.642
Chad,TCD,2009,2442.6843
Chad,TCD,2010,2848.7437
Chad,TCD,2011,2903.0718
Chad,TCD,2012,3097.2278
Chad,TCD,2013,2966.0156
Chad,TCD,2014,2817.4592
Chad,TCD,2015,2729.9663
Chad,TCD,2016,2437.1716
Chad,TCD,2017,2361.8965
Chad,TCD,2018,2507.018
Chad,TCD,2019,2487.335
Chad,TCD,2020,2294.5337
Chad,TCD,2021,2409.9475
Chad,TCD,2022,2605.0703
Chad,TCD,2023,2461.4749
Chad,TCD,2024,2424.6
Chile,CHL,1990,9020.451
Chile,CHL,1991,9554.181
Chile,CHL,1992,10383.731
Chile,CHL,1993,10856.359
Chile,CHL,1994,11367.38
Chile,CHL,1995,12628.358
Chile,CHL,1996,12816.161
Chile,CHL,1997,13495.743
Chile,CHL,1998,13808.738
Chile,CHL,1999,13579.008
Chile,CHL,2000,14040.158
Chile,CHL,2001,14167.184
Chile,CHL,2002,14402.015
Chile,CHL,2003,15067.355
Chile,CHL,2004,16307.5625
Chile,CHL,2005,17476.297
Chile,CHL,2006,19367.584
Chile,CHL,2007,20550.277
Chile,CHL,2008,19739.81
Chile,CHL,2009,19923.584
Chile,CHL,2010,21980.861
Chile,CHL,2011,22504.48
Chile,CHL,2012,23936.773
Chile,CHL,2013,24546.965
Chile,CHL,2014,24539.623
Chile,CHL,2015,25120.502
Chile,CHL,2016,25403.293
Chile,CHL,2017,25654.943
Chile,CHL,2018,25955.863
Chile,CHL,2019,25663.006
Chile,CHL,2020,23953.482
Chile,CHL,2021,27443.592
Chile,CHL,2022,27302.912
Chile,CHL,2023,27878.898
Chile,CHL,2024,28707.104
China,CHN,2021,20701.133
Colombia,COL,1990,9236.89
Colombia,COL,1991,9343.3
Colombia,COL,1992,9324.716
Colombia,COL,1993,9520.882
Colombia,COL,1994,10262.873
Colombia,COL,1995,10601.912
Colombia,COL,1996,10569.41
Colombia,COL,1997,10749.49
Colombia,COL,1998,10507.514
Colombia,COL,1999,10058.165
Colombia,COL,2000,9972.3955
Colombia,COL,2001,9798.535
Colombia,COL,2002,9897.75
Colombia,COL,2003,10057.472
Colombia,COL,2004,10535.211
Colombia,COL,2005,10910.231
Colombia,COL,2006,11529.685
Colombia,COL,2007,12240.758
Colombia,COL,2008,12826.465
Colombia,COL,2009,12863.668
Colombia,COL,2010,13505.579
Colombia,COL,2011,14486.89
Colombia,COL,2012,15070.198
Colombia,COL,2013,15778.478
Colombia,COL,2014,16289.876
Colombia,COL,2015,16329.774
Colombia,COL,2016,16445.117
Colombia,COL,2017,16564.18
Colombia,COL,2018,16742.25
Colombia,COL,2019,16989.232
Colombia,COL,2020,15464.443
Colombia,COL,2021,17225.967
Colombia,COL,2022,18314.822
Colombia,COL,2023,18386.717
Colombia,COL,2024,18648.168
Comoros,COM,1990,3083.609
Comoros,COM,1991,2825.065
Comoros,COM,1992,2999.4092
Comoros,COM,1993,3006.8442
Comoros,COM,1994,2828.9329
Comoros,COM,1995,2940.3386
Comoros,COM,1996,2870.7053
Comoros,COM,1997,2945.3
Comoros,COM,1998,2890.9893
Comoros,COM,1999,2920.9714
Comoros,COM,2000,2837.855
Comoros,COM,2001,2933.4302
Comoros,COM,2002,2993.0527
Comoros,COM,2003,2990.6318
Comoros,COM,2004,3022.5686
Comoros,COM,2005,3131.9932
Comoros,COM,2006,3022.6719
Comoros,COM,2007,3014.2607
Comoros,COM,2008,3005.193
Comoros,COM,2009,3156.3706
Comoros,COM,2010,3053.1082
Comoros,COM,2011,3238.9468
Comoros,COM,2012,3287.2444
Comoros,COM,2013,3355.8289
Comoros,COM,2014,3393.12
Comoros,COM,2015,3371.0696
Comoros,COM,2016,3405.2358
Comoros,COM,2017,3424.1953
Comoros,COM,2018,3462.3994
Comoros,COM,2019,3492.0679
Comoros,COM,2020,3320.3223
Comoros,COM,2021,3394.6013
Comoros,COM,2022,3357.1921
Comoros,COM,2023,3422.0928
Comoros,COM,2024,3470.8506
Congo,COG,1990,6006.117
Congo,COG,1991,6130.1846
Congo,COG,1992,6134.9756
Congo,COG,1993,5200.5054
Congo,COG,1994,5019.5874
Congo,COG,1995,2971.5933
Congo,COG,1996,3462.5693
Congo,COG,1997,3938.6323
Congo,COG,1998,3227.0437
Congo,COG,1999,2741.642
Congo,COG,2000,5455.9
Congo,COG,2001,5158.4336
Congo,COG,2002,5948.674
Congo,COG,2003,4211.687
Congo,COG,2004,6231.537
Congo,COG,2005,7539.488
Congo,COG,2006,8606.97
Congo,COG,2007,7375.64
Congo,COG,2008,9217.36
Congo,COG,2009,7793.4316
Congo,COG,2010,10585.212
Congo,COG,2011,10674.668
Congo,COG,2012,12235.847
Congo,COG,2013,11696.893
Congo,COG,2014,11683.496
Congo,COG,2015,9086.538
Congo,COG,2016,7084.709
Congo,COG,2017,6272.422
Congo,COG,2018,7328.8325
Congo,COG,2019,6453.488
Congo,COG,2020,5156.769
Congo,COG,2021,5565.8774
Congo,COG,2022,6642.8164
Congo,COG,2023,5790.8794
Congo,COG,2024,5644.429
Costa Rica,CRI,1991,11973.928
Costa Rica,CRI,1992,12866.663
Costa Rica,CRI,1993,13615.882
Costa Rica,CRI,1994,14111.324
Costa Rica,CRI,1995,14289.575
Costa Rica,CRI,1996,13840.785
Costa Rica,CRI,1997,14352.519
Costa Rica,CRI,1998,13918.017
Costa Rica,CRI,1999,13700.025
Costa Rica,CRI,2000,13666.168
Costa Rica,CRI,2001,13878.004
Costa Rica,CRI,2002,13996.009
Costa Rica,CRI,2003,14341.093
Costa Rica,CRI,2004,14662.317
Costa Rica,CRI,2005,14966.418
Costa Rica,CRI,2006,15829.285
Costa Rica,CRI,2007,16735.531
Costa Rica,CRI,2008,17085.973
Costa Rica,CRI,2009,16990.479
Costa Rica,CRI,2010,17808.31
Costa Rica,CRI,2011,18235.703
Costa Rica,CRI,2012,19029.064
Costa Rica,CRI,2013,19188.65
Costa Rica,CRI,2014,19650.352
Costa Rica,CRI,2015,20470.285
Costa Rica,CRI,2016,21316.44
Costa Rica,CRI,2017,21691.006
Costa Rica,CRI,2018,21910.932
Costa Rica,CRI,2019,22169.8
Costa Rica,CRI,2020,21157.506
Costa Rica,CRI,2021,22320.328
Costa Rica,CRI,2022,22516.836
Costa Rica,CRI,2023,23745.787
Costa Rica,CRI,2024,24652.654
Cote d'Ivoire,CIV,2008,2569.3486
Cote d'Ivoire,CIV,2009,2705.4373
Cote d'Ivoire,CIV,2010,2982.1511
Cote d'Ivoire,CIV,2011,2697.9053
Cote d'Ivoire,CIV,2012,2837.9126
Cote d'Ivoire,CIV,2013,3142.4524
Cote d'Ivoire,CIV,2014,4701.618
Cote d'Ivoire,CIV,2015,4999.938
Cote d'Ivoire,CIV,2016,5240.2827
Cote d'Ivoire,CIV,2017,5288.01
Cote d'Ivoire,CIV,2018,5362.8647
Cote d'Ivoire,CIV,2019,5569.333
Cote d'Ivoire,CIV,2020,5568.812
Cote d'Ivoire,CIV,2021,5859.402
Cote d'Ivoire,CIV,2022,6033.764
Cote d'Ivoire,CIV,2023,6296.4224
Cote d'Ivoire,CIV,2024,6458.151
Croatia,HRV,1995,16568.291
Croatia,HRV,1996,17820.705
Croatia,HRV,1997,19098.656
Croatia,HRV,1998,19874.283
Croatia,HRV,1999,19236.426
Croatia,HRV,2000,19960.307
Croatia,HRV,2001,21316.053
Croatia,HRV,2002,22729.127
Croatia,HRV,2003,23832.246
Croatia,HRV,2004,25486.88
Croatia,HRV,2005,26395.83
Croatia,HRV,2006,27816.611
Croatia,HRV,2007,29466.275
Croatia,HRV,2008,29908.092
Croatia,HRV,2009,27947.125
Croatia,HRV,2010,27737.213
Croatia,HRV,2011,27890.451
Croatia,HRV,2012,27303.566
Croatia,HRV,2013,27833.426
Croatia,HRV,2014,28054.525
Croatia,HRV,2015,29497.05
Croatia,HRV,2016,30538.23
Croatia,HRV,2017,32612.482
Croatia,HRV,2018,33861.426
Croatia,HRV,2019,35680.746
Croatia,HRV,2020,33403.09
Croatia,HRV,2021,36748.668
Croatia,HRV,2022,38499.76
Croatia,HRV,2023,40859.195
Croatia,HRV,2024,43183.14
Curacao,CUW,2021,25194.877
Cyprus,CYP,1990,27248.588
Cyprus,CYP,1991,27317.236
Cyprus,CYP,1992,28645.193
Cyprus,CYP,1993,28195.975
Cyprus,CYP,1994,29049.59
Cyprus,CYP,1995,29370.229
Cyprus,CYP,1996,29343.014
Cyprus,CYP,1997,29428.385
Cyprus,CYP,1998,33915.582
Cyprus,CYP,1999,32417.96
Cyprus,CYP,2000,32982.85
Cyprus,CYP,2001,34928.17
Cyprus,CYP,2002,35949.414
Cyprus,CYP,2003,37535.89
Cyprus,CYP,2004,38488.43
Cyprus,CYP,2005,39348.59
Cyprus,CYP,2006,40126.727
Cyprus,CYP,2007,41068.465
Cyprus,CYP,2008,43361.53
Cyprus,CYP,2009,42018.934
Cyprus,CYP,2010,41259.125
Cyprus,CYP,2011,41777.055
Cyprus,CYP,2012,38502.848
Cyprus,CYP,2013,35779.395
Cyprus,CYP,2014,34730.375
Cyprus,CYP,2015,36980.676
Cyprus,CYP,2016,38292.414
Cyprus,CYP,2017,40435.633
Cyprus,CYP,2018,42117.164
Cyprus,CYP,2019,43251.98
Cyprus,CYP,2020,40233.04
Cyprus,CYP,2021,43426.023
Cyprus,CYP,2022,45725.668
Cyprus,CYP,2023,46699.938
Cyprus,CYP,2024,47841.86
Czechia,CZE,1995,25337.096
Czechia,CZE,1996,26740.229
Czechia,CZE,1997,26693.285
Czechia,CZE,1998,27260.865
Czechia,CZE,1999,27518.57
Czechia,CZE,2000,28252.645
Czechia,CZE,2001,29386.107
Czechia,CZE,2002,30226.36
Czechia,CZE,2003,31358.258
Czechia,CZE,2004,32568.254
Czechia,CZE,2005,34151.004
Czechia,CZE,2006,35212.8
Czechia,CZE,2007,37087.258
Czechia,CZE,2008,37516.484
Czechia,CZE,2009,35589.965
Czechia,CZE,2010,35660.37
Czechia,CZE,2011,35760.46
Czechia,CZE,2012,35996.523
Czechia,CZE,2013,36296.254
Czechia,CZE,2014,37321.31
Czechia,CZE,2015,38855.84
Czechia,CZE,2016,39933.203
Czechia,CZE,2017,41958.83
Czechia,CZE,2018,43192.67
Czechia,CZE,2019,44401.355
Czechia,CZE,2020,42810.535
Czechia,CZE,2021,46397.18
Czechia,CZE,2022,45261.414
Czechia,CZE,2023,45394.18
Czechia,CZE,2024,46352.64
Democratic Republic of Congo,COD,1994,1400.1782
Democratic Republic of Congo,COD,1995,1354.1102
Democratic Republic of Congo,COD,1996,1329.0918
Democratic Republic of Congo,COD,1997,1285.0721
Democratic Republic of Congo,COD,1998,1169.2335
Democratic Republic of Congo,COD,1999,1131.3188
Democratic Republic of Congo,COD,2000,1007.7434
Democratic Republic of Congo,COD,2001,953.24414
Democratic Republic of Congo,COD,2002,941.0766
Democratic Republic of Congo,COD,2003,1008.71655
Democratic Republic of Congo,COD,2004,1049.2795
Democratic Republic of Congo,COD,2005,1085.6843
Democratic Republic of Congo,COD,2006,1131.7007
Democratic Republic of Congo,COD,2007,1197.5897
Democratic Republic of Congo,COD,2008,1179.8541
Democratic Republic of Congo,COD,2009,1101.9254
Democratic Republic of Congo,COD,2010,1190.736
Democratic Republic of Congo,COD,2011,1180.7239
Democratic Republic of Congo,COD,2012,1158.653
Democratic Republic of Congo,COD,2013,1176.2959
Democratic Republic of Congo,COD,2014,1202.0549
Democratic Republic of Congo,COD,2015,1208.2843
Democratic Republic of Congo,COD,2016,1195.0308
Democratic Republic of Congo,COD,2017,1245.274
Democratic Republic of Congo,COD,2018,1236.5464
Democratic Republic of Congo,COD,2019,1145.8397
Democratic Republic of Congo,COD,2020,1118.247
Democratic Republic of Congo,COD,2021,1355.1387
Democratic Republic of Congo,COD,2022,1344.4009
Democratic Republic of Congo,COD,2023,1293.8235
Democratic Republic of Congo,COD,2024,1537.9854
Denmark,DNK,1990,39647.207
Denmark,DNK,1991,39896.918
Denmark,DNK,1992,41076.67
Denmark,DNK,1993,41113.402
Denmark,DNK,1994,43152.97
Denmark,DNK,1995,46668.086
Denmark,DNK,1996,47875.027
Denmark,DNK,1997,49294.805
Denmark,DNK,1998,50339.516
Denmark,DNK,1999,51736.887
Denmark,DNK,2000,53135.1
Denmark,DNK,2001,53829.06
Denmark,DNK,2002,54147.395
Denmark,DNK,2003,54500.195
Denmark,DNK,2004,56632.85
Denmark,DNK,2005,58752.402
Denmark,DNK,2006,60855.926
Denmark,DNK,2007,60570.656
Denmark,DNK,2008,60915.75
Denmark,DNK,2009,57318.49
Denmark,DNK,2010,59219.15
Denmark,DNK,2011,59524.305
Denmark,DNK,2012,59594.773
Denmark,DNK,2013,61000.49
Denmark,DNK,2014,62162.23
Denmark,DNK,2015,62935.45
Denmark,DNK,2016,63869.84
Denmark,DNK,2017,65280.227
Denmark,DNK,2018,66331.64
Denmark,DNK,2019,67314.64
Denmark,DNK,2020,66980.29
Denmark,DNK,2021,72467.55
Denmark,DNK,2022,73500.18
Denmark,DNK,2023,70178.86
Denmark,DNK,2024,71584.7
Djibouti,DJI,2013,4378.009
Djibouti,DJI,2014,4592.4277
Djibouti,DJI,2015,4854.72
Djibouti,DJI,2016,5029.2085
Djibouti,DJI,2017,5135.64
Djibouti,DJI,2018,5283.6978
Djibouti,DJI,2019,5618.942
Djibouti,DJI,2020,5593.257
Djibouti,DJI,2021,5854.106
Djibouti,DJI,2022,6144.471
Djibouti,DJI,2023,6511.8105
Djibouti,DJI,2024,7243.8267
Dominica,DMA,2021,15823.12
Dominican Republic,DOM,1990,6822.3716
Dominican Republic,DOM,1991,7045.3545
Dominican Republic,DOM,1992,7609.456
Dominican Republic,DOM,1993,7978.1445
Dominican Republic,DOM,1994,8201.514
Dominican Republic,DOM,1995,8538.873
Dominican Republic,DOM,1996,8901.43
Dominican Republic,DOM,1997,9616.908
Dominican Republic,DOM,1998,10194.791
Dominican Republic,DOM,1999,10518.406
Dominican Republic,DOM,2000,10666.644
Dominican Republic,DOM,2001,10886.7
Dominican Republic,DOM,2002,11099.181
Dominican Republic,DOM,2003,10496.263
Dominican Republic,DOM,2004,10611.526
Dominican Republic,DOM,2005,11533.436
Dominican Republic,DOM,2006,12432.272
Dominican Republic,DOM,2007,13219.092
Dominican Republic,DOM,2008,13269.104
Dominican Republic,DOM,2009,13653.465
Dominican Republic,DOM,2010,14507.505
Dominican Republic,DOM,2011,14493.374
Dominican Republic,DOM,2012,14751.386
Dominican Republic,DOM,2013,15146.237
Dominican Republic,DOM,2014,16039.9
Dominican Republic,DOM,2015,17504.805
Dominican Republic,DOM,2016,18635.37
Dominican Republic,DOM,2017,18977.334
Dominican Republic,DOM,2018,20039.7
Dominican Republic,DOM,2019,20828.59
Dominican Republic,DOM,2020,19178.848
Dominican Republic,DOM,2021,20958.234
Dominican Republic,DOM,2022,21983.596
Dominican Republic,DOM,2023,22794.441
Dominican Republic,DOM,2024,23475.951
East Timor,TLS,2000,3430.7917
East Timor,TLS,2001,3710.791
East Timor,TLS,2002,3893.825
East Timor,TLS,2003,3252.392
East Timor,TLS,2004,3403.887
East Timor,TLS,2005,4165.5547
East Timor,TLS,2006,5772.0566
East Timor,TLS,2007,7649.9062
East Timor,TLS,2008,11114.429
East Timor,TLS,2009,8484.338
East Timor,TLS,2010,10185.956
East Timor,TLS,2011,12261.39
East Timor,TLS,2012,10435.372
East Timor,TLS,2013,9351.5205
East Timor,TLS,2014,7464.8887
East Timor,TLS,2015,6239.0415
East Timor,TLS,2016,4951.221
East Timor,TLS,2017,4884.1616
East Timor,TLS,2018,4702.2334
East Timor,TLS,2019,5721.492
East Timor,TLS,2020,4682.6836
East Timor,TLS,2021,6521.3955
East Timor,TLS,2022,5333.705
East Timor,TLS,2023,3842.4893
East Timor,TLS,2024,3469.89
Ecuador,ECU,1990,7821.7036
Ecuador,ECU,1991,8135.3584
Ecuador,ECU,1992,8405.306
Ecuador,ECU,1993,7603.4873
Ecuador,ECU,1994,7793.0386
Ecuador,ECU,1995,7793.4653
Ecuador,ECU,1996,7941.2036
Ecuador,ECU,1997,8161.6484
Ecuador,ECU,1998,7927.836
Ecuador,ECU,1999,7277.027
Ecuador,ECU,2000,7892.284
Ecuador,ECU,2001,8085.0713
Ecuador,ECU,2002,8610.748
Ecuador,ECU,2003,8817.327
Ecuador,ECU,2004,9144.137
Ecuador,ECU,2005,9759.996
Ecuador,ECU,2006,10347.858
Ecuador,ECU,2007,10648.77
Ecuador,ECU,2008,11636.629
Ecuador,ECU,2009,11037.144
Ecuador,ECU,2010,11509.926
Ecuador,ECU,2011,12559.811
Ecuador,ECU,2012,13022.76
Ecuador,ECU,2013,13750.869
Ecuador,ECU,2014,14141.678
Ecuador,ECU,2015,13407.531
Ecuador,ECU,2016,13191.817
Ecuador,ECU,2017,13888.376
Ecuador,ECU,2018,13787.762
Ecuador,ECU,2019,13558.995
Ecuador,ECU,2020,11915.707
Ecuador,ECU,2021,13289.0205
Ecuador,ECU,2022,13879.157
Ecuador,ECU,2023,13953.339
Ecuador,ECU,2024,13942.547
Egypt,EGY,1990,7447.158
Egypt,EGY,1991,7868.0737
Egypt,EGY,1992,8313.618
Egypt,EGY,1993,8328.531
Egypt,EGY,1994,8351.558
Egypt,EGY,1995,8553.486
Egypt,EGY,1996,8709.186
Egypt,EGY,1997,8971.241
Egypt,EGY,1998,9045.717
Egypt,EGY,1999,9506.609
Egypt,EGY,2000,10010.365
Egypt,EGY,2001,10329.383
Egypt,EGY,2002,10286.086
Egypt,EGY,2003,10460.974
Egypt,EGY,2004,10784.704
Egypt,EGY,2005,11066.506
Egypt,EGY,2006,11854.765
Egypt,EGY,2007,12381.437
Egypt,EGY,2008,13041.022
Egypt,EGY,2009,12848.099
Egypt,EGY,2010,13075.4375
Egypt,EGY,2011,13245.413
Egypt,EGY,2012,13050.686
Egypt,EGY,2013,13131.164
Egypt,EGY,2014,13096.23
Egypt,EGY,2015,13434.484
Egypt,EGY,2016,13708.709
Egypt,EGY,2017,13841.451
Egypt,EGY,2018,14205.904
Egypt,EGY,2019,14527.543
Egypt,EGY,2020,14859.219
Egypt,EGY,2021,15124.153
Egypt,EGY,2022,15840.477
Egypt,EGY,2023,15982.443
Egypt,EGY,2024,15804.979
El Salvador,SLV,1990,5975.885
El Salvador,SLV,1991,6003.27
El Salvador,SLV,1992,6325.9194
El Salvador,SLV,1993,6782.0747
El Salvador,SLV,1994,7184.9478
El Salvador,SLV,1995,7680.65
El Salvador,SLV,1996,7655.487
El Salvador,SLV,1997,7932.3174
El Salvador,SLV,1998,8155.7935
El Salvador,SLV,1999,8127.3228
El Salvador,SLV,2000,8162.7466
El Salvador,SLV,2001,8248.378
El Salvador,SLV,2002,8303.651
El Salvador,SLV,2003,8303.557
El Salvador,SLV,2004,8263.1455
El Salvador,SLV,2005,8529.282
El Salvador,SLV,2006,8929.564
El Salvador,SLV,2007,9069.836
El Salvador,SLV,2008,8952.47
El Salvador,SLV,2009,8584.791
El Salvador,SLV,2010,8678.195
El Salvador,SLV,2011,8819.287
El Salvador,SLV,2012,8991.095
El Salvador,SLV,2013,9079.529
El Salvador,SLV,2014,9153.351
El Salvador,SLV,2015,9511.216
El Salvador,SLV,2016,9749.315
El Salvador,SLV,2017,9815.676
El Salvador,SLV,2018,9930.026
El Salvador,SLV,2019,10305.583
El Salvador,SLV,2020,9473.429
El Salvador,SLV,2021,10181.448
El Salvador,SLV,2022,10219.878
El Salvador,SLV,2023,10668.277
El Salvador,SLV,2024,10825.277
Equatorial Guinea,GNQ,2005,15122.269
Equatorial Guinea,GNQ,2006,30484.467
Equatorial Guinea,GNQ,2007,33470.266
Equatorial Guinea,GNQ,2008,41436.52
Equatorial Guinea,GNQ,2009,24960.104
Equatorial Guinea,GNQ,2010,22346.035
Equatorial Guinea,GNQ,2011,28793.98
Equatorial Guinea,GNQ,2012,30411.477
Equatorial Guinea,GNQ,2013,27743.643
Equatorial Guinea,GNQ,2014,25392.432
Equatorial Guinea,GNQ,2015,19465.56
Equatorial Guinea,GNQ,2016,16017.495
Equatorial Guinea,GNQ,2017,15527.386
Equatorial Guinea,GNQ,2018,15719.416
Equatorial Guinea,GNQ,2019,13158.333
Equatorial Guinea,GNQ,2020,11224.262
Equatorial Guinea,GNQ,2021,12596.607
Equatorial Guinea,GNQ,2022,12809.496
Equatorial Guinea,GNQ,2023,12209.008
Equatorial Guinea,GNQ,2024,11774.105
Estonia,EST,2000,16803.783
Estonia,EST,2001,17973.273
Estonia,EST,2002,19606.363
Estonia,EST,2003,21472.605
Estonia,EST,2004,23318.053
Estonia,EST,2005,26245.242
Estonia,EST,2006,29254.027
Estonia,EST,2007,31770.912
Estonia,EST,2008,31281.45
Estonia,EST,2009,27699.373
Estonia,EST,2010,27671.08
Estonia,EST,2011,30228.354
Estonia,EST,2012,31850.832
Estonia,EST,2013,33454.96
Estonia,EST,2014,34946.367
Estonia,EST,2015,35866.27
Estonia,EST,2016,37277.098
Estonia,EST,2017,39190.484
Estonia,EST,2018,40953.38
Estonia,EST,2019,42543.1
Estonia,EST,2020,40401.523
Estonia,EST,2021,43275.75
Estonia,EST,2022,42946.05
Estonia,EST,2023,41134.418
Estonia,EST,2024,41321.15
Eswatini,SWZ,2013,9245.257
Eswatini,SWZ,2014,9233.598
Eswatini,SWZ,2015,9580.337
Eswatini,SWZ,2016,9681.141
Eswatini,SWZ,2017,9630.918
Eswatini,SWZ,2018,9297.416
Eswatini,SWZ,2019,9552.925
Eswatini,SWZ,2020,9311.631
Eswatini,SWZ,2021,9237.016
Eswatini,SWZ,2022,9160.661
Eswatini,SWZ,2023,9734.2705
Eswatini,SWZ,2024,9632.491
Ethiopia,ETH,2011,1354.1444
Ethiopia,ETH,2012,1475.9521
Ethiopia,ETH,2013,1604.6343
Ethiopia,ETH,2014,1757.0819
Ethiopia,ETH,2015,1917.0841
Ethiopia,ETH,2016,2044.3422
Ethiopia,ETH,2017,2176.1365
Ethiopia,ETH,2018,2224.6118
Ethiopia,ETH,2019,2341.284
Ethiopia,ETH,2020,2476.355
Ethiopia,ETH,2021,2575.0684
Ethiopia,ETH,2022,2633.072
Ethiopia,ETH,2023,2771.8354
Ethiopia,ETH,2024,3004.3623
Europe and Central Asia (WB),WB_ECA,1995,27260.61
Europe and Central Asia (WB),WB_ECA,1996,27619.31
Europe and Central Asia (WB),WB_ECA,1997,28277.635
Europe and Central Asia (WB),WB_ECA,1998,29152.174
Europe and Central Asia (WB),WB_ECA,1999,29995.22
Europe and Central Asia (WB),WB_ECA,2000,30947.863
Europe and Central Asia (WB),WB_ECA,2001,31658.092
Europe and Central Asia (WB),WB_ECA,2002,32066.883
Europe and Central Asia (WB),WB_ECA,2003,32581.035
Europe and Central Asia (WB),WB_ECA,2004,33490.28
Europe and Central Asia (WB),WB_ECA,2005,34394.195
Europe and Central Asia (WB),WB_ECA,2006,35538.926
Europe and Central Asia (WB),WB_ECA,2007,36680.195
Europe and Central Asia (WB),WB_ECA,2008,36711.46
Europe and Central Asia (WB),WB_ECA,2009,35292.098
Europe and Central Asia (WB),WB_ECA,2010,35991.86
Europe and Central Asia (WB),WB_ECA,2011,36503.203
Europe and Central Asia (WB),WB_ECA,2012,36325.324
Europe and Central Asia (WB),WB_ECA,2013,36517.926
Europe and Central Asia (WB),WB_ECA,2014,37004.746
Europe and Central Asia (WB),WB_ECA,2015,37386.74
Europe and Central Asia (WB),WB_ECA,2016,37764.613
Europe and Central Asia (WB),WB_ECA,2017,38648.53
Europe and Central Asia (WB),WB_ECA,2018,39474.258
Europe and Central Asia (WB),WB_ECA,2019,40190.133
Europe and Central Asia (WB),WB_ECA,2020,38058.91
Europe and Central Asia (WB),WB_ECA,2021,40555.133
Europe and Central Asia (WB),WB_ECA,2022,41109.305
Europe and Central Asia (WB),WB_ECA,2023,41815.254
Europe and Central Asia (WB),WB_ECA,2024,42502.945
European Union (27),OWID_EU27,1995,34937.184
European Union (27),OWID_EU27,1996,35597.848
European Union (27),OWID_EU27,1997,36464.918
European Union (27),OWID_EU27,1998,37627.793
European Union (27),OWID_EU27,1999,38732.72
European Union (27),OWID_EU27,2000,39809.676
European Union (27),OWID_EU27,2001,40631.074
European Union (27),OWID_EU27,2002,41047.27
European Union (27),OWID_EU27,2003,41410.883
European Union (27),OWID_EU27,2004,42423.707
European Union (27),OWID_EU27,2005,43139.8
European Union (27),OWID_EU27,2006,44490.54
European Union (27),OWID_EU27,2007,45783.934
European Union (27),OWID_EU27,2008,45692.137
European Union (27),OWID_EU27,2009,44276.734
European Union (27),OWID_EU27,2010,44907.266
European Union (27),OWID_EU27,2011,45535.66
European Union (27),OWID_EU27,2012,45087.1
European Union (27),OWID_EU27,2013,45211.17
European Union (27),OWID_EU27,2014,46062.34
European Union (27),OWID_EU27,2015,47237.055
European Union (27),OWID_EU27,2016,48437.23
European Union (27),OWID_EU27,2017,49631.324
European Union (27),OWID_EU27,2018,50703.54
European Union (27),OWID_EU27,2019,51770.35
European Union (27),OWID_EU27,2020,48998.43
European Union (27),OWID_EU27,2021,52131.113
European Union (27),OWID_EU27,2022,52735.887
European Union (27),OWID_EU27,2023,53397.516
European Union (27),OWID_EU27,2024,54095.887
Faroe Islands,FRO,2021,70779.125
Fiji,FJI,2021,9701.152
Finland,FIN,1995,38710.484
Finland,FIN,1996,39771.46
Finland,FIN,1997,42655.5
Finland,FIN,1998,45161.844
Finland,FIN,1999,47113.79
Finland,FIN,2000,49152.64
Finland,FIN,2001,50682.137
Finland,FIN,2002,51236.664
Finland,FIN,2003,51087.125
Finland,FIN,2004,53234.023
Finland,FIN,2005,53785.97
Finland,FIN,2006,55342.9
Finland,FIN,2007,57532.703
Finland,FIN,2008,57027.31
Finland,FIN,2009,52828.906
Finland,FIN,2010,54025.797
Finland,FIN,2011,54178.22
Finland,FIN,2012,52892.816
Finland,FIN,2013,52372.312
Finland,FIN,2014,52420.316
Finland,FIN,2015,52995.367
Finland,FIN,2016,53926.15
Finland,FIN,2017,55259.82
Finland,FIN,2018,56202.59
Finland,FIN,2019,56731.91
Finland,FIN,2020,56180.42
Finland,FIN,2021,57709.016
Finland,FIN,2022,57497.293
Finland,FIN,2023,55493.14
Finland,FIN,2024,55001.805
France,FRA,1990,38889.383
France,FRA,1991,39052.113
France,FRA,1992,39550.164
France,FRA,1993,39350.75
France,FRA,1994,40020.16
France,FRA,1995,40696.82
France,FRA,1996,41235.008
France,FRA,1997,42288.992
France,FRA,1998,43737.562
France,FRA,1999,45307.887
France,FRA,2000,46325.773
France,FRA,2001,46994.312
France,FRA,2002,46996.99
France,FRA,2003,47220.438
France,FRA,2004,48133.65
France,FRA,2005,48667.617
France,FRA,2006,49574.527
France,FRA,2007,50673.773
France,FRA,2008,50601.496
France,FRA,2009,49343.21
France,FRA,2010,49879.51
France,FRA,2011,50647.24
France,FRA,2012,50221.11
France,FRA,2013,50570.17
France,FRA,2014,50971.42
France,FRA,2015,51739.242
France,FRA,2016,52202.117
France,FRA,2017,52927.84
France,FRA,2018,53528.625
France,FRA,2019,54965.953
France,FRA,2020,50445.25
France,FRA,2021,54159.91
France,FRA,2022,54557.297
France,FRA,2023,54757.9
France,FRA,2024,55091.11
Gabon,GAB,1990,10299.875
Gabon,GAB,1991,10338.816
Gabon,GAB,1992,9076.1
Gabon,GAB,1993,8679.616
Gabon,GAB,1994,8988.253
Gabon,GAB,1995,8754.277
Gabon,GAB,1996,9598.513
Gabon,GAB,1997,9843.738
Gabon,GAB,1998,9178.814
Gabon,GAB,1999,9213.735
Gabon,GAB,2000,10657.028
Gabon,GAB,2001,9783.233
Gabon,GAB,2002,10129.263
Gabon,GAB,2003,9732.795
Gabon,GAB,2004,9691.987
Gabon,GAB,2005,11420.585
Gabon,GAB,2006,10917.152
Gabon,GAB,2007,11004.041
Gabon,GAB,2008,11883.565
Gabon,GAB,2009,9753.163
Gabon,GAB,2010,11286.366
Gabon,GAB,2011,13222.889
Gabon,GAB,2012,14124.881
Gabon,GAB,2013,13526.578
Gabon,GAB,2014,13271.647
Gabon,GAB,2015,12199.16
Gabon,GAB,2016,11940.417
Gabon,GAB,2017,12449.321
Gabon,GAB,2018,16018.134
Gabon,GAB,2019,16600
Gabon,GAB,2020,14535.565
Gabon,GAB,2021,17425.854
Gabon,GAB,2022,19550.303
Gabon,GAB,2023,17638.404
Gabon,GAB,2024,18077.45
Gambia,GMB,2004,2671.7847
Gambia,GMB,2005,2534.8982
Gambia,GMB,2006,2439.5962
Gambia,GMB,2007,2455.4346
Gambia,GMB,2008,2554.076
Gambia,GMB,2009,2634.66
Gambia,GMB,2010,2712.941
Gambia,GMB,2011,2524.5532
Gambia,GMB,2012,2556.0752
Gambia,GMB,2013,2511.6562
Gambia,GMB,2014,2340.4849
Gambia,GMB,2015,2433.5676
Gambia,GMB,2016,2473.3257
Gambia,GMB,2017,2490.4841
Gambia,GMB,2018,2548.0623
Gambia,GMB,2019,2780.3274
Gambia,GMB,2020,2787.9197
Gambia,GMB,2021,2708.315
Gambia,GMB,2022,2788.7168
Gambia,GMB,2023,2982.2588
Gambia,GMB,2024,3196.883
Georgia,GEO,2010,11054.938
Georgia,GEO,2011,11769.108
Georgia,GEO,2012,12820.269
Georgia,GEO,2013,13223.026
Georgia,GEO,2014,14172.72
Georgia,GEO,2015,14616.538
Georgia,GEO,2016,14768.848
Georgia,GEO,2017,15733.726
Georgia,GEO,2018,16833.77
Georgia,GEO,2019,17533.445
Georgia,GEO,2020,16549.426
Georgia,GEO,2021,17737.217
Georgia,GEO,2022,19505.443
Georgia,GEO,2023,21126.814
Georgia,GEO,2024,23913.748
Germany,DEU,1990,38865.754
Germany,DEU,1991,40053.57
Germany,DEU,1992,40940.938
Germany,DEU,1993,40439.742
Germany,DEU,1994,41178.17
Germany,DEU,1995,45883.426
Germany,DEU,1996,46247.113
Germany,DEU,1997,46789.105
Germany,DEU,1998,47829.727
Germany,DEU,1999,48850.21
Germany,DEU,2000,49668.74
Germany,DEU,2001,50332.83
Germany,DEU,2002,50151.23
Germany,DEU,2003,50063.914
Germany,DEU,2004,51399.902
Germany,DEU,2005,51747.125
Germany,DEU,2006,53950.547
Germany,DEU,2007,55496.246
Germany,DEU,2008,55469.836
Germany,DEU,2009,53857.188
Germany,DEU,2010,55687.93
Germany,DEU,2011,58653.477
Germany,DEU,2012,58716.07
Germany,DEU,2013,58877.273
Germany,DEU,2014,59976.76
Germany,DEU,2015,60913.137
Germany,DEU,2016,62622.84
Germany,DEU,2017,63730.555
Germany,DEU,2018,64908.12
Germany,DEU,2019,65375.96
Germany,DEU,2020,62268.527
Germany,DEU,2021,64644.758
Germany,DEU,2022,64656.16
Germany,DEU,2023,65179.652
Germany,DEU,2024,65115.836
Ghana,GHA,2006,3520.0442
Ghana,GHA,2007,3688.2888
Ghana,GHA,2008,3899.8645
Ghana,GHA,2009,4087.4688
Ghana,GHA,2010,4192.6675
Ghana,GHA,2011,4761.1816
Ghana,GHA,2012,4926.7935
Ghana,GHA,2013,5513.068
Ghana,GHA,2014,5274.251
Ghana,GHA,2015,5209.3003
Ghana,GHA,2016,5317.155
Ghana,GHA,2017,5476.207
Ghana,GHA,2018,5792.397
Ghana,GHA,2019,6061.7505
Ghana,GHA,2020,6297.127
Ghana,GHA,2021,6405.092
Ghana,GHA,2022,6751.2544
Ghana,GHA,2023,6394.3774
Ghana,GHA,2024,6958.775
Greece,GRC,2006,40166.7
Greece,GRC,2007,41232.957
Greece,GRC,2008,40813.836
Greece,GRC,2009,39372.67
Greece,GRC,2010,37092.617
Greece,GRC,2011,33032.844
Greece,GRC,2012,31182.93
Greece,GRC,2013,30540.562
Greece,GRC,2014,31346.94
Greece,GRC,2015,31791.346
Greece,GRC,2016,31938.186
Greece,GRC,2017,32344.25
Greece,GRC,2018,32569.793
Greece,GRC,2019,33391.105
Greece,GRC,2020,30615.229
Greece,GRC,2021,33291.824
Greece,GRC,2022,35351.504
Greece,GRC,2023,36948.2
Greece,GRC,2024,38018.39
Grenada,GRD,2021,13944.104
Guatemala,GTM,1990,6887.52
Guatemala,GTM,1991,7265.6924
Guatemala,GTM,1992,7420.4336
Guatemala,GTM,1993,7559.9805
Guatemala,GTM,1994,7772.803
Guatemala,GTM,1995,7962.404
Guatemala,GTM,1996,7740.401
Guatemala,GTM,1997,8056.6675
Guatemala,GTM,1998,8599.2
Guatemala,GTM,1999,8561.466
Guatemala,GTM,2000,8708.321
Guatemala,GTM,2001,8677.317
Guatemala,GTM,2002,8685.553
Guatemala,GTM,2003,8637.038
Guatemala,GTM,2004,8622.5
Guatemala,GTM,2005,8630.702
Guatemala,GTM,2006,8817.809
Guatemala,GTM,2007,9150.175
Guatemala,GTM,2008,9311.941
Guatemala,GTM,2009,9429.6
Guatemala,GTM,2010,9467.74
Guatemala,GTM,2011,9720.979
Guatemala,GTM,2012,9854.664
Guatemala,GTM,2013,9827.777
Guatemala,GTM,2014,10061.181
Guatemala,GTM,2015,10446.221
Guatemala,GTM,2016,10638.171
Guatemala,GTM,2017,10779.459
Guatemala,GTM,2018,10905.027
Guatemala,GTM,2019,11341.699
Guatemala,GTM,2020,11143.91
Guatemala,GTM,2021,11532.862
Guatemala,GTM,2022,11589.014
Guatemala,GTM,2023,12192.407
Guatemala,GTM,2024,12682.174
Guinea,GIN,2006,2375.7102
Guinea,GIN,2007,2401.057
Guinea,GIN,2008,2481.8433
Guinea,GIN,2009,2284.332
Guinea,GIN,2010,2598.9502
Guinea,GIN,2011,2523.2024
Guinea,GIN,2012,2701.467
Guinea,GIN,2013,2618.0327
Guinea,GIN,2014,2713.026
Guinea,GIN,2015,2741.4487
Guinea,GIN,2016,2865.8733
Guinea,GIN,2017,3356.271
Guinea,GIN,2018,3434.896
Guinea,GIN,2019,3554.5361
Guinea,GIN,2020,3607.239
Guinea,GIN,2021,3587.6296
Guinea,GIN,2022,3511.054
Guinea,GIN,2023,3493.4229
Guinea,GIN,2024,3671.5764
Guinea-Bissau,GNB,1997,1705.9194
Guinea-Bissau,GNB,1998,1395.6499
Guinea-Bissau,GNB,1999,1612.7239
Guinea-Bissau,GNB,2000,1680.8347
Guinea-Bissau,GNB,2001,1711.2483
Guinea-Bissau,GNB,2002,1840.6907
Guinea-Bissau,GNB,2003,1769.898
Guinea-Bissau,GNB,2004,1835.1731
Guinea-Bissau,GNB,2005,1794.5511
Guinea-Bissau,GNB,2006,1769.9658
Guinea-Bissau,GNB,2007,1818.33
Guinea-Bissau,GNB,2008,1937.6073
Guinea-Bissau,GNB,2009,1815.519
Guinea-Bissau,GNB,2010,1982.1929
Guinea-Bissau,GNB,2011,2072.7944
Guinea-Bissau,GNB,2012,1891.255
Guinea-Bissau,GNB,2013,1921.9423
Guinea-Bissau,GNB,2014,2007.7792
Guinea-Bissau,GNB,2015,2276.9395
Guinea-Bissau,GNB,2016,2321.6565
Guinea-Bissau,GNB,2017,2456.2954
Guinea-Bissau,GNB,2018,2242.0186
Guinea-Bissau,GNB,2019,2418.5486
Guinea-Bissau,GNB,2020,2432.9143
Guinea-Bissau,GNB,2021,2545.217
Guinea-Bissau,GNB,2022,2553.115
Guinea-Bissau,GNB,2023,2655.0588
Guinea-Bissau,GNB,2024,2789.9229
Guyana,GUY,2021,18312.574
Haiti,HTI,1990,3315.264
Haiti,HTI,1991,3358.1987
Haiti,HTI,1992,3158.0078
Haiti,HTI,1993,2809.077
Haiti,HTI,1994,2567.293
Haiti,HTI,1995,2833.4763
Haiti,HTI,1996,2996.1833
Haiti,HTI,1997,3057.698
Haiti,HTI,1998,3041.0925
Haiti,HTI,1999,3221.4626
Haiti,HTI,2000,3331.4583
Haiti,HTI,2001,3211.5056
Haiti,HTI,2002,3191.3118
Haiti,HTI,2003,3062.8682
Haiti,HTI,2004,3036.983
Haiti,HTI,2005,2994.827
Haiti,HTI,2006,3103.953
Haiti,HTI,2007,3116.657
Haiti,HTI,2008,3177.3047
Haiti,HTI,2009,3402.3967
Haiti,HTI,2010,3097.3242
Haiti,HTI,2011,3107.8005
Haiti,HTI,2012,3090.2454
Haiti,HTI,2013,3268.287
Haiti,HTI,2014,3235.522
Haiti,HTI,2015,3328.7852
Haiti,HTI,2016,3473.9548
Haiti,HTI,2017,3560.3508
Haiti,HTI,2018,3505.2712
Haiti,HTI,2019,3469.6926
Haiti,HTI,2020,3228.3823
Haiti,HTI,2021,3148.5227
Haiti,HTI,2022,3134.055
Haiti,HTI,2023,3110.8496
Haiti,HTI,2024,2994.9607
High-income countries,OWID_HIC,1994,34803.215
High-income countries,OWID_HIC,1995,36172.246
High-income countries,OWID_HIC,1996,37159.77
High-income countries,OWID_HIC,1997,38271.543
High-income countries,OWID_HIC,1998,39261.625
High-income countries,OWID_HIC,1999,40403.39
High-income countries,OWID_HIC,2000,41793.746
High-income countries,OWID_HIC,2001,42281.258
High-income countries,OWID_HIC,2002,42761.19
High-income countries,OWID_HIC,2003,43444.23
High-income countries,OWID_HIC,2004,44792.49
High-income countries,OWID_HIC,2005,45974.766
High-income countries,OWID_HIC,2006,47337.688
High-income countries,OWID_HIC,2007,48186
High-income countries,OWID_HIC,2008,47757.35
High-income countries,OWID_HIC,2009,46123.87
High-income countries,OWID_HIC,2010,47535.426
High-income countries,OWID_HIC,2011,48479.293
High-income countries,OWID_HIC,2012,48967.69
High-income countries,OWID_HIC,2013,49389.16
High-income countries,OWID_HIC,2014,50209.98
High-income countries,OWID_HIC,2015,50807.387
High-income countries,OWID_HIC,2016,51267.293
High-income countries,OWID_HIC,2017,52490.1
High-income countries,OWID_HIC,2018,53642.875
High-income countries,OWID_HIC,2019,54539.53
High-income countries,OWID_HIC,2020,52052.395
High-income countries,OWID_HIC,2021,55637.14
High-income countries,OWID_HIC,2022,56888.7
High-income countries,OWID_HIC,2023,57388.812
Honduras,HND,2000,4461.5913
Honduras,HND,2001,4444.242
Honduras,HND,2002,4469.599
Honduras,HND,2003,4524.7197
Honduras,HND,2004,4663.949
Honduras,HND,2005,4860.474
Honduras,HND,2006,5057.7437
Honduras,HND,2007,5341.389
Honduras,HND,2008,5462.9746
Honduras,HND,2009,5244.1055
Honduras,HND,2010,5180.422
Honduras,HND,2011,5236.061
Honduras,HND,2012,5246.1777
Honduras,HND,2013,5296.147
Honduras,HND,2014,5276.4478
Honduras,HND,2015,5406.3174
Honduras,HND,2016,5487.6655
Honduras,HND,2017,5713.2
Honduras,HND,2018,5732.279
Honduras,HND,2019,5776.5806
Honduras,HND,2020,5192.864
Honduras,HND,2021,5679.998
Honduras,HND,2022,5880.3535
Honduras,HND,2023,6020.195
Honduras,HND,2024,6079.2563
Hong Kong,HKG,1993,40684.957
Hong Kong,HKG,1994,41456.242
Hong Kong,HKG,1995,40785.14
Hong Kong,HKG,1996,40477.973
Hong Kong,HKG,1997,42819.277
Hong Kong,HKG,1998,41628.51
Hong Kong,HKG,1999,41702.32
Hong Kong,HKG,2000,43438.598
Hong Kong,HKG,2001,44249.273
Hong Kong,HKG,2002,44677.066
Hong Kong,HKG,2003,45902.633
Hong Kong,HKG,2004,47420.88
Hong Kong,HKG,2005,49248.504
Hong Kong,HKG,2006,52201.465
Hong Kong,HKG,2007,56021.477
Hong Kong,HKG,2008,57524.76
Hong Kong,HKG,2009,54775.664
Hong Kong,HKG,2010,56364.062
Hong Kong,HKG,2011,58651.31
Hong Kong,HKG,2012,57895.375
Hong Kong,HKG,2013,59981.01
Hong Kong,HKG,2014,61142.43
Hong Kong,HKG,2015,62900.59
Hong Kong,HKG,2016,64518.445
Hong Kong,HKG,2017,67682.02
Hong Kong,HKG,2018,69519.02
Hong Kong,HKG,2019,67818.4
Hong Kong,HKG,2020,64125.17
Hong Kong,HKG,2021,70450.336
Hong Kong,HKG,2022,67925.234
Hong Kong,HKG,2023,68990.53
Hong Kong,HKG,2024,72422.06
Hungary,HUN,1999,20619.395
Hungary,HUN,2000,21437.293
Hungary,HUN,2001,22486.271
Hungary,HUN,2002,23898.488
Hungary,HUN,2003,24939.39
Hungary,HUN,2004,26121.564
Hungary,HUN,2005,26968.326
Hungary,HUN,2006,27813.842
Hungary,HUN,2007,27622.756
Hungary,HUN,2008,28061.494
Hungary,HUN,2009,26963.955
Hungary,HUN,2010,27223.055
Hungary,HUN,2011,27512.201
Hungary,HUN,2012,27245.799
Hungary,HUN,2013,28376.621
Hungary,HUN,2014,29352.172
Hungary,HUN,2015,30543.904
Hungary,HUN,2016,32216.836
Hungary,HUN,2017,33005.203
Hungary,HUN,2018,34687.17
Hungary,HUN,2019,37062.336
Hungary,HUN,2020,36198.49
Hungary,HUN,2021,37727.273
Hungary,HUN,2022,37661.418
Hungary,HUN,2023,38009.547
Hungary,HUN,2024,37897.99
Iceland,ISL,2021,61705.4
India,IND,1990,2180.9524
India,IND,1991,2155.8723
India,IND,1992,2227.2441
India,IND,1993,2287.9531
India,IND,1994,2392.076
India,IND,1995,2521.986
India,IND,1996,2661.4004
India,IND,1997,2720.1038
India,IND,1998,2832.9368
India,IND,1999,3024.9604
India,IND,2000,3074.5095
India,IND,2001,3167.3103
India,IND,2002,3232.5076
India,IND,2003,3426.3696
India,IND,2004,3635.3296
India,IND,2005,3859.0505
India,IND,2006,4102.8457
India,IND,2007,4366.7275
India,IND,2008,4429.63
India,IND,2009,4709.1
India,IND,2010,5010.5493
India,IND,2011,5209.379
India,IND,2012,5402.432
India,IND,2013,5667.21
India,IND,2014,6014.755
India,IND,2015,6418.5347
India,IND,2016,6866.999
India,IND,2017,7253.6353
India,IND,2018,7639.0864
India,IND,2019,7861.8013
India,IND,2020,7299.3823
India,IND,2021,7955.247
India,IND,2022,8484.24
India,IND,2023,9182.703
India,IND,2024,9686.162
Indonesia,IDN,2010,8661.716
Indonesia,IDN,2011,9114.035
Indonesia,IDN,2012,9410.798
Indonesia,IDN,2013,9701.836
Indonesia,IDN,2014,10068.142
Indonesia,IDN,2015,10472.818
Indonesia,IDN,2016,10931.938
Indonesia,IDN,2017,11373.121
Indonesia,IDN,2018,11745.958
Indonesia,IDN,2019,12128.975
Indonesia,IDN,2020,11872.166
Indonesia,IDN,2021,12410.736
Indonesia,IDN,2022,13026.135
Indonesia,IDN,2023,13318.243
Indonesia,IDN,2024,13851.491
Iran,IRN,1990,10215.963
Iran,IRN,1991,10700.847
Iran,IRN,1992,10753.997
Iran,IRN,1993,13371.3955
Iran,IRN,1994,13159.325
Iran,IRN,1995,12682.061
Iran,IRN,1996,13226.014
Iran,IRN,1997,12705.531
Iran,IRN,1998,11548.553
Iran,IRN,1999,13229.632
Iran,IRN,2000,13514.459
Iran,IRN,2001,13846.854
Iran,IRN,2002,15845.266
Iran,IRN,2003,16784.006
Iran,IRN,2004,17582.29
Iran,IRN,2005,18901.707
Iran,IRN,2006,19569.43
Iran,IRN,2007,21524.021
Iran,IRN,2008,21213.934
Iran,IRN,2009,20412.643
Iran,IRN,2010,21868.186
Iran,IRN,2011,22453.932
Iran,IRN,2012,19093.475
Iran,IRN,2013,18061.734
Iran,IRN,2014,17966.586
Iran,IRN,2015,15930.226
Iran,IRN,2016,17129.857
Iran,IRN,2017,17811.516
Iran,IRN,2018,16105.146
Iran,IRN,2019,14019.085
Iran,IRN,2020,13811.533
Iran,IRN,2021,15880.215
Iran,IRN,2022,16493.623
Iran,IRN,2023,16174.438
Iran,IRN,2024,16076.526
Iraq,IRQ,2007,11827.059
Iraq,IRQ,2008,13962.31
Iraq,IRQ,2009,10916.951
Iraq,IRQ,2010,12323.1875
Iraq,IRQ,2011,14470.442
Iraq,IRQ,2012,15349.553
Iraq,IRQ,2013,15204.455
Iraq,IRQ,2014,13947.326
Iraq,IRQ,2015,9624.385
Iraq,IRQ,2016,10766.33
Iraq,IRQ,2017,11447.622
Iraq,IRQ,2018,12836.417
Iraq,IRQ,2019,12974.475
Iraq,IRQ,2020,9300.3545
Iraq,IRQ,2021,12606.423
Iraq,IRQ,2022,15601.312
Iraq,IRQ,2023,12690.859
Iraq,IRQ,2024,12009.755
Ireland,IRL,1995,32443.775
Ireland,IRL,1996,34478.633
Ireland,IRL,1997,37271.598
Ireland,IRL,1998,40297.11
Ireland,IRL,1999,42724.414
Ireland,IRL,2000,46433.35
Ireland,IRL,2001,47707.266
Ireland,IRL,2002,48737.508
Ireland,IRL,2003,50556.66
Ireland,IRL,2004,51398.645
Ireland,IRL,2005,53687.31
Ireland,IRL,2006,55371.992
Ireland,IRL,2007,55529.383
Ireland,IRL,2008,51999.965
Ireland,IRL,2009,47508.17
Ireland,IRL,2010,48053.605
Ireland,IRL,2011,47751.547
Ireland,IRL,2012,47481.164
Ireland,IRL,2013,50404.79
Ireland,IRL,2014,54320.746
Ireland,IRL,2015,66025.13
Ireland,IRL,2016,68581.55
Ireland,IRL,2017,71574.65
Ireland,IRL,2018,72641.88
Ireland,IRL,2019,74993.89
Ireland,IRL,2020,76165.59
Ireland,IRL,2021,83553.086
Ireland,IRL,2022,84942.766
Ireland,IRL,2023,86356.05
Ireland,IRL,2024,88655.91
Israel,ISR,1990,23550.873
Israel,ISR,1991,24522.373
Israel,ISR,1992,25491.258
Israel,ISR,1993,25891.094
Israel,ISR,1994,27022.254
Israel,ISR,1995,27978.041
Israel,ISR,1996,29123.133
Israel,ISR,1997,29650.209
Israel,ISR,1998,30418.436
Israel,ISR,1999,30601.965
Israel,ISR,2000,31494.879
Israel,ISR,2001,31562.09
Israel,ISR,2002,30958.914
Israel,ISR,2003,30558.264
Israel,ISR,2004,31255.578
Israel,ISR,2005,32473.08
Israel,ISR,2006,33736.406
Israel,ISR,2007,35072.383
Israel,ISR,2008,34652.66
Israel,ISR,2009,34905.53
Israel,ISR,2010,36044.39
Israel,ISR,2011,37088.926
Israel,ISR,2012,37203.85
Israel,ISR,2013,38285.164
Israel,ISR,2014,39513.26
Israel,ISR,2015,40303.203
Israel,ISR,2016,41556.156
Israel,ISR,2017,42605.527
Israel,ISR,2018,43288.707
Israel,ISR,2019,44300.668
Israel,ISR,2020,42652.727
Israel,ISR,2021,45798.523
Israel,ISR,2022,48036.92
Israel,ISR,2023,46720.54
Israel,ISR,2024,46940.04
Italy,ITA,1995,45144.91
Italy,ITA,1996,45995.914
Italy,ITA,1997,47143.016
Italy,ITA,1998,48244.55
Italy,ITA,1999,49205.934
Italy,ITA,2000,50326.773
Italy,ITA,2001,51518.438
Italy,ITA,2002,51678.492
Italy,ITA,2003,51506.42
Italy,ITA,2004,51907.035
Italy,ITA,2005,51833.133
Italy,ITA,2006,52295.4
Italy,ITA,2007,52721.402
Italy,ITA,2008,50942.64
Italy,ITA,2009,49015.582
Italy,ITA,2010,48946.492
Italy,ITA,2011,48751.664
Italy,ITA,2012,46980.285
Italy,ITA,2013,46204.207
Italy,ITA,2014,46603.7
Italy,ITA,2015,47038.7
Italy,ITA,2016,48518.582
Italy,ITA,2017,49281.26
Italy,ITA,2018,49754.86
Italy,ITA,2019,50267.293
Italy,ITA,2020,46658.36
Italy,ITA,2021,50378.027
Italy,ITA,2022,51198.574
Italy,ITA,2023,52417.707
Italy,ITA,2024,53200.453
Jamaica,JAM,2021,10157.181
Japan,JPN,1994,39232.125
Japan,JPN,1995,40154.035
Japan,JPN,1996,41307.113
Japan,JPN,1997,41502.83
Japan,JPN,1998,40980.953
Japan,JPN,1999,40703.96
Japan,JPN,2000,41616.57
Japan,JPN,2001,41734.453
Japan,JPN,2002,41594.887
Japan,JPN,2003,42058.844
Japan,JPN,2004,42897.105
Japan,JPN,2005,43464.906
Japan,JPN,2006,43820.297
Japan,JPN,2007,44344.6
Japan,JPN,2008,42917.69
Japan,JPN,2009,41052.21
Japan,JPN,2010,42459.72
Japan,JPN,2011,42145.574
Japan,JPN,2012,42649.754
Japan,JPN,2013,43676.824
Japan,JPN,2014,43901.895
Japan,JPN,2015,45410.832
Japan,JPN,2016,45974.387
Japan,JPN,2017,46607.21
Japan,JPN,2018,46668.582
Japan,JPN,2019,46653.062
Japan,JPN,2020,45134.54
Japan,JPN,2021,46472.266
Japan,JPN,2022,46515.2
Japan,JPN,2023,47902.508
Jordan,JOR,2021,9136.542
Kazakhstan,KAZ,1993,11838.232
Kazakhstan,KAZ,1994,10839.354
Kazakhstan,KAZ,1995,9170.339
Kazakhstan,KAZ,1996,8563.403
Kazakhstan,KAZ,1997,9049.402
Kazakhstan,KAZ,1998,9249.714
Kazakhstan,KAZ,1999,9938.872
Kazakhstan,KAZ,2000,11060.285
Kazakhstan,KAZ,2001,11739.716
Kazakhstan,KAZ,2002,12151.238
Kazakhstan,KAZ,2003,12760.337
Kazakhstan,KAZ,2004,14415.608
Kazakhstan,KAZ,2005,16169.835
Kazakhstan,KAZ,2006,18258.871
Kazakhstan,KAZ,2007,20012.113
Kazakhstan,KAZ,2008,21994.275
Kazakhstan,KAZ,2009,19630.896
Kazakhstan,KAZ,2010,21929.18
Kazakhstan,KAZ,2011,24924.256
Kazakhstan,KAZ,2012,25903.176
Kazakhstan,KAZ,2013,27640.791
Kazakhstan,KAZ,2014,28955.094
Kazakhstan,KAZ,2015,27264.258
Kazakhstan,KAZ,2016,26002.4
Kazakhstan,KAZ,2017,27161.096
Kazakhstan,KAZ,2018,28417.975
Kazakhstan,KAZ,2019,29101.518
Kazakhstan,KAZ,2020,28050.34
Kazakhstan,KAZ,2021,28902.85
Kazakhstan,KAZ,2022,32624.395
Kazakhstan,KAZ,2023,32537.447
Kazakhstan,KAZ,2024,34259.15
Kenya,KEN,1990,3549.2742
Kenya,KEN,1991,3593.662
Kenya,KEN,1992,3494.1006
Kenya,KEN,1993,3446.869
Kenya,KEN,1994,3487.7817
Kenya,KEN,1995,3408.7483
Kenya,KEN,1996,3488.9395
Kenya,KEN,1997,3487.2927
Kenya,KEN,1998,3573.9136
Kenya,KEN,1999,3551.5315
Kenya,KEN,2000,3362.4922
Kenya,KEN,2001,3476.371
Kenya,KEN,2002,3434.3625
Kenya,KEN,2003,3363.2334
Kenya,KEN,2004,3424.1868
Kenya,KEN,2005,3536.2
Kenya,KEN,2006,3705.7534
Kenya,KEN,2007,3795.4663
Kenya,KEN,2008,3706.0598
Kenya,KEN,2009,3427.395
Kenya,KEN,2010,3554.3638
Kenya,KEN,2011,3599.014
Kenya,KEN,2012,3725.7593
Kenya,KEN,2013,3753.947
Kenya,KEN,2014,3901.5037
Kenya,KEN,2015,4131.1177
Kenya,KEN,2016,4629.879
Kenya,KEN,2017,4689.481
Kenya,KEN,2018,4880.3354
Kenya,KEN,2019,5063.3574
Kenya,KEN,2020,4987.8013
Kenya,KEN,2021,5264.441
Kenya,KEN,2022,5400.6597
Kenya,KEN,2023,5531.6675
Kenya,KEN,2024,5704.4736
Kiribati,KIR,2006,2999.7097
Kiribati,KIR,2007,3112.1262
Kiribati,KIR,2008,2961.474
Kiribati,KIR,2009,2630.322
Kiribati,KIR,2010,2837.368
Kiribati,KIR,2011,2747.9478
Kiribati,KIR,2012,3098.15
Kiribati,KIR,2013,3540.753
Kiribati,KIR,2014,4031.2375
Kiribati,KIR,2015,4856.8613
Kiribati,KIR,2016,4436.927
Kiribati,KIR,2017,4822.4165
Kiribati,KIR,2018,4828.0728
Kiribati,KIR,2019,5350.12
Kiribati,KIR,2020,4711.19
Kiribati,KIR,2021,4730.7896
Kiribati,KIR,2022,5011.88
Kiribati,KIR,2023,5153.4307
Kosovo,OWID_KOS,2008,7484.063
Kosovo,OWID_KOS,2009,7632.823
Kosovo,OWID_KOS,2010,8034.5796
Kosovo,OWID_KOS,2011,8768.165
Kosovo,OWID_KOS,2012,9004.768
Kosovo,OWID_KOS,2013,9393.521
Kosovo,OWID_KOS,2014,9663.987
Kosovo,OWID_KOS,2015,10073.31
Kosovo,OWID_KOS,2016,10791.834
Kosovo,OWID_KOS,2017,11124.847
Kosovo,OWID_KOS,2018,11426.564
Kosovo,OWID_KOS,2019,12092.813
Kosovo,OWID_KOS,2020,11741.492
Kosovo,OWID_KOS,2021,12597.575
Kosovo,OWID_KOS,2022,12557.967
Kosovo,OWID_KOS,2023,13948.77
Kosovo,OWID_KOS,2024,15564.397
Kuwait,KWT,2010,76012.055
Kuwait,KWT,2011,87521.28
Kuwait,KWT,2012,92617.07
Kuwait,KWT,2013,86510.35
Kuwait,KWT,2014,77337.32
Kuwait,KWT,2015,54495.402
Kuwait,KWT,2016,49321.855
Kuwait,KWT,2017,53256.184
Kuwait,KWT,2018,56888.38
Kuwait,KWT,2019,56567.46
Kuwait,KWT,2020,44802.453
Kuwait,KWT,2021,58893.2
Kuwait,KWT,2022,67548.91
Kuwait,KWT,2023,59021.355
Kyrgyzstan,KGZ,2010,3924.7927
Kyrgyzstan,KGZ,2011,4025.9526
Kyrgyzstan,KGZ,2012,4192.2
Kyrgyzstan,KGZ,2013,4271.5156
Kyrgyzstan,KGZ,2014,4504.6724
Kyrgyzstan,KGZ,2015,4603.992
Kyrgyzstan,KGZ,2016,4854.1665
Kyrgyzstan,KGZ,2017,5118.363
Kyrgyzstan,KGZ,2018,5321.5713
Kyrgyzstan,KGZ,2019,5373.379
Kyrgyzstan,KGZ,2020,5235.266
Kyrgyzstan,KGZ,2021,5350.5444
Kyrgyzstan,KGZ,2022,6295.116
Kyrgyzstan,KGZ,2023,7103.5215
Kyrgyzstan,KGZ,2024,8035.9746
Laos,LAO,2021,7620.2485
Latin America and Caribbean (WB),WB_LAC,1990,11600.086
Latin America and Caribbean (WB),WB_LAC,1991,11844.964
Latin America and Caribbean (WB),WB_LAC,1992,12042.762
Latin America and Caribbean (WB),WB_LAC,1993,12407.028
Latin America and Caribbean (WB),WB_LAC,1994,12856.929
Latin America and Caribbean (WB),WB_LAC,1995,12733.099
Latin America and Caribbean (WB),WB_LAC,1996,13019.613
Latin America and Caribbean (WB),WB_LAC,1997,13566.8955
Latin America and Caribbean (WB),WB_LAC,1998,13676.0625
Latin America and Caribbean (WB),WB_LAC,1999,13458.419
Latin America and Caribbean (WB),WB_LAC,2000,13764.484
Latin America and Caribbean (WB),WB_LAC,2001,13504.296
Latin America and Caribbean (WB),WB_LAC,2002,13512.677
Latin America and Caribbean (WB),WB_LAC,2003,13726.01
Latin America and Caribbean (WB),WB_LAC,2004,14210.94
Latin America and Caribbean (WB),WB_LAC,2005,14562.113
Latin America and Caribbean (WB),WB_LAC,2006,15393.84
Latin America and Caribbean (WB),WB_LAC,2007,16115.857
Latin America and Caribbean (WB),WB_LAC,2008,16598.42
Latin America and Caribbean (WB),WB_LAC,2009,15977.908
Latin America and Caribbean (WB),WB_LAC,2010,16967.53
Latin America and Caribbean (WB),WB_LAC,2011,17689.807
Latin America and Caribbean (WB),WB_LAC,2012,17910.105
Latin America and Caribbean (WB),WB_LAC,2013,18270.334
Latin America and Caribbean (WB),WB_LAC,2014,18255.746
Latin America and Caribbean (WB),WB_LAC,2015,18020.084
Latin America and Caribbean (WB),WB_LAC,2016,17826.66
Latin America and Caribbean (WB),WB_LAC,2017,18182.459
Latin America and Caribbean (WB),WB_LAC,2018,18205
Latin America and Caribbean (WB),WB_LAC,2019,18166.762
Latin America and Caribbean (WB),WB_LAC,2020,16909.48
Latin America and Caribbean (WB),WB_LAC,2021,18143.908
Latin America and Caribbean (WB),WB_LAC,2022,18657.93
Latin America and Caribbean (WB),WB_LAC,2023,19324.14
Latin America and Caribbean (WB),WB_LAC,2024,19537.74
Latvia,LVA,1995,10126.054
Latvia,LVA,1996,10429.968
Latvia,LVA,1997,11139.962
Latvia,LVA,1998,12225.113
Latvia,LVA,1999,12669.202
Latvia,LVA,2000,13360.258
Latvia,LVA,2001,14566.092
Latvia,LVA,2002,15677.071
Latvia,LVA,2003,17099.553
Latvia,LVA,2004,18627.668
Latvia,LVA,2005,21138.422
Latvia,LVA,2006,23686.137
Latvia,LVA,2007,27192.582
Latvia,LVA,2008,26918.54
Latvia,LVA,2009,24978.332
Latvia,LVA,2010,23131.357
Latvia,LVA,2011,24392.709
Latvia,LVA,2012,25840.062
Latvia,LVA,2013,26903.984
Latvia,LVA,2014,27686.13
Latvia,LVA,2015,28895.3
Latvia,LVA,2016,30594.412
Latvia,LVA,2017,31957.287
Latvia,LVA,2018,33516.496
Latvia,LVA,2019,34717.008
Latvia,LVA,2020,34637.4
Latvia,LVA,2021,36222.68
Latvia,LVA,2022,36191.305
Latvia,LVA,2023,36448.38
Latvia,LVA,2024,37141.84
Lebanon,LBN,1990,4914.666
Lebanon,LBN,1991,6513.2793
Lebanon,LBN,1992,9117.93
Lebanon,LBN,1993,10512.795
Lebanon,LBN,1994,11586.45
Lebanon,LBN,1995,12145.813
Lebanon,LBN,1996,13118.634
Lebanon,LBN,1997,12955.248
Lebanon,LBN,1998,13464.634
Lebanon,LBN,1999,13176.779
Lebanon,LBN,2000,12906.642
Lebanon,LBN,2001,13239.176
Lebanon,LBN,2002,12887.3
Lebanon,LBN,2003,11361.071
Lebanon,LBN,2004,13505.866
Lebanon,LBN,2005,13607.716
Lebanon,LBN,2006,13646.72
Lebanon,LBN,2007,14679.529
Lebanon,LBN,2008,15180.598
Lebanon,LBN,2009,17502.244
Lebanon,LBN,2010,18154.555
Lebanon,LBN,2011,17220.678
Lebanon,LBN,2012,17772.658
Lebanon,LBN,2013,16946.348
Lebanon,LBN,2014,15842.893
Lebanon,LBN,2015,16777.875
Lebanon,LBN,2016,17987.846
Lebanon,LBN,2017,18794.064
Lebanon,LBN,2018,18768.166
Lebanon,LBN,2019,18209.133
Lebanon,LBN,2020,14000.781
Lebanon,LBN,2021,10650.659
Lebanon,LBN,2022,9834.377
Lebanon,LBN,2023,10236.56
Lesotho,LSO,2007,2920.5242
Lesotho,LSO,2008,3062.2676
Lesotho,LSO,2009,2791.838
Lesotho,LSO,2010,2916.1094
Lesotho,LSO,2011,2939.1355
Lesotho,LSO,2012,2910.6226
Lesotho,LSO,2013,2955.8682
Lesotho,LSO,2014,3048.0476
Lesotho,LSO,2015,3230.4314
Lesotho,LSO,2016,3227.5762
Lesotho,LSO,2017,2975.8115
Lesotho,LSO,2018,3167.6309
Lesotho,LSO,2019,3121.937
Lesotho,LSO,2020,2974.1323
Lesotho,LSO,2021,2968.2517
Lesotho,LSO,2022,3037.9043
Lesotho,LSO,2023,3044.2322
Liberia,LBR,2021,1443.6726
Libya,LBY,2010,22242.312
Libya,LBY,2011,12549.37
Libya,LBY,2012,24319.775
Libya,LBY,2013,19691.55
Libya,LBY,2014,14601.9375
Libya,LBY,2015,12996.304
Libya,LBY,2016,12021.429
Libya,LBY,2017,12189.002
Libya,LBY,2018,12718.619
Libya,LBY,2019,10221.283
Libya,LBY,2020,10141.323
Libya,LBY,2021,12448.614
Libya,LBY,2022,14016.644
Libya,LBY,2023,12316.303
Libya,LBY,2024,13509.8125
Lithuania,LTU,1995,10774.816
Lithuania,LTU,1996,11828.434
Lithuania,LTU,1997,13146.508
Lithuania,LTU,1998,14139.722
Lithuania,LTU,1999,14263.761
Lithuania,LTU,2000,15185.5625
Lithuania,LTU,2001,16363.5
Lithuania,LTU,2002,17730.78
Lithuania,LTU,2003,19490.006
Lithuania,LTU,2004,21861.053
Lithuania,LTU,2005,24213.008
Lithuania,LTU,2006,25887.998
Lithuania,LTU,2007,28789.205
Lithuania,LTU,2008,30654.713
Lithuania,LTU,2009,27278.81
Lithuania,LTU,2010,27241.139
Lithuania,LTU,2011,28737.557
Lithuania,LTU,2012,30132.523
Lithuania,LTU,2013,31871.56
Lithuania,LTU,2014,33878.035
Lithuania,LTU,2015,34967.266
Lithuania,LTU,2016,36757.62
Lithuania,LTU,2017,38901.324
Lithuania,LTU,2018,40932.723
Lithuania,LTU,2019,43193.785
Lithuania,LTU,2020,43720.984
Lithuania,LTU,2021,44335.32
Lithuania,LTU,2022,41589.723
Lithuania,LTU,2023,43912.227
Lithuania,LTU,2024,45884.45
Lower-middle-income countries,OWID_LMC,1990,2848.3354
Lower-middle-income countries,OWID_LMC,1991,2865.0918
Lower-middle-income countries,OWID_LMC,1992,2960.9875
Lower-middle-income countries,OWID_LMC,1993,2999.1562
Lower-middle-income countries,OWID_LMC,1994,3076.095
Lower-middle-income countries,OWID_LMC,1995,3195.958
Lower-middle-income countries,OWID_LMC,1996,3339.4285
Lower-middle-income countries,OWID_LMC,1997,3406.6265
Lower-middle-income countries,OWID_LMC,1998,3516.8462
Lower-middle-income countries,OWID_LMC,1999,3679.6895
Lower-middle-income countries,OWID_LMC,2000,3758.4739
Lower-middle-income countries,OWID_LMC,2001,3855.6636
Lower-middle-income countries,OWID_LMC,2002,3911.1355
Lower-middle-income countries,OWID_LMC,2003,4075.5022
Lower-middle-income countries,OWID_LMC,2004,4291.3525
Lower-middle-income countries,OWID_LMC,2005,4541.2383
Lower-middle-income countries,OWID_LMC,2006,4797.6655
Lower-middle-income countries,OWID_LMC,2007,5023.559
Lower-middle-income countries,OWID_LMC,2008,5128.6763
Lower-middle-income countries,OWID_LMC,2009,5300.79
Lower-middle-income countries,OWID_LMC,2010,5584.8667
Lower-middle-income countries,OWID_LMC,2011,5766.516
Lower-middle-income countries,OWID_LMC,2012,5947.3184
Lower-middle-income countries,OWID_LMC,2013,6183.746
Lower-middle-income countries,OWID_LMC,2014,6461.536
Lower-middle-income countries,OWID_LMC,2015,6762.2207
Lower-middle-income countries,OWID_LMC,2016,7217.5254
Lower-middle-income countries,OWID_LMC,2017,7545.975
Lower-middle-income countries,OWID_LMC,2018,7899.145
Lower-middle-income countries,OWID_LMC,2019,8108.404
Lower-middle-income countries,OWID_LMC,2020,7682.991
Lower-middle-income countries,OWID_LMC,2021,8135.0244
Lower-middle-income countries,OWID_LMC,2022,8566.556
Lower-middle-income countries,OWID_LMC,2023,9051.7705
Lower-middle-income countries,OWID_LMC,2024,9451.123
Luxembourg,LUX,1990,66862.82
Luxembourg,LUX,1991,71217.305
Luxembourg,LUX,1992,70429.125
Luxembourg,LUX,1993,72782.93
Luxembourg,LUX,1994,72566.875
Luxembourg,LUX,1995,74979.43
Luxembourg,LUX,1996,76183.26
Luxembourg,LUX,1997,79378.375
Luxembourg,LUX,1998,78805.414
Luxembourg,LUX,1999,84447.06
Luxembourg,LUX,2000,86465.08
Luxembourg,LUX,2001,86985.16
Luxembourg,LUX,2002,83525.82
Luxembourg,LUX,2003,80869.56
Luxembourg,LUX,2004,93075.586
Luxembourg,LUX,2005,95769.62
Luxembourg,LUX,2006,91273.13
Luxembourg,LUX,2007,102551.75
Luxembourg,LUX,2008,95917.43
Luxembourg,LUX,2009,74607.85
Luxembourg,LUX,2010,83379.09
Luxembourg,LUX,2011,84675.64
Luxembourg,LUX,2012,93884.52
Luxembourg,LUX,2013,89115
Luxembourg,LUX,2014,91898.76
Luxembourg,LUX,2015,81728.016
Luxembourg,LUX,2016,84833.57
Luxembourg,LUX,2017,90580.01
Luxembourg,LUX,2018,90495.516
Luxembourg,LUX,2019,86258.695
Luxembourg,LUX,2020,86955.664
Luxembourg,LUX,2021,92640.93
Luxembourg,LUX,2022,85215.75
Luxembourg,LUX,2023,87964.76
Luxembourg,LUX,2024,85030.47
Macao,MAC,2002,46801.676
Macao,MAC,2003,51213.656
Macao,MAC,2004,60601.953
Macao,MAC,2005,62059.426
Macao,MAC,2006,64878.95
Macao,MAC,2007,79650.31
Macao,MAC,2008,71657.375
Macao,MAC,2009,76752
Macao,MAC,2010,94814.95
Macao,MAC,2011,109510.72
Macao,MAC,2012,116877.414
Macao,MAC,2013,130184.86
Macao,MAC,2014,130624.07
Macao,MAC,2015,108365.266
Macao,MAC,2016,108424.484
Macao,MAC,2017,118786.36
Macao,MAC,2018,125161.18
Macao,MAC,2019,121503.016
Macao,MAC,2020,72433.9
Macao,MAC,2021,73163.484
Macao,MAC,2022,70146.24
Macao,MAC,2023,105553.3
Madagascar,MDG,1990,1742.6638
Madagascar,MDG,1991,1534.1444
Madagascar,MDG,1992,1517.2251
Madagascar,MDG,1993,1515.5397
Madagascar,MDG,1994,1450.8468
Madagascar,MDG,1995,1430.0334
Madagascar,MDG,1996,1451.1372
Madagascar,MDG,1997,1471.4951
Madagascar,MDG,1998,1518.5203
Madagascar,MDG,1999,1528.0754
Madagascar,MDG,2000,1556.8806
Madagascar,MDG,2001,1657.8041
Madagascar,MDG,2002,1393.37
Madagascar,MDG,2003,1590.7458
Madagascar,MDG,2004,1579.2969
Madagascar,MDG,2005,1539.4106
Madagascar,MDG,2006,1579.1813
Madagascar,MDG,2007,1613.5708
Madagascar,MDG,2008,1697.0491
Madagascar,MDG,2009,1526.1837
Madagascar,MDG,2010,1533.7155
Madagascar,MDG,2011,1545.2058
Madagascar,MDG,2012,1546.3231
Madagascar,MDG,2013,1543.3319
Madagascar,MDG,2014,1530.6991
Madagascar,MDG,2015,1574.5675
Madagascar,MDG,2016,1649.219
Madagascar,MDG,2017,1608.3641
Madagascar,MDG,2018,1659.0317
Madagascar,MDG,2019,1627.0344
Madagascar,MDG,2020,1556.6423
Madagascar,MDG,2021,1548.8666
Madagascar,MDG,2022,1566.9946
Madagascar,MDG,2023,1569.5807
Madagascar,MDG,2024,1570.0831
Malawi,MWI,2017,1631.3148
Malawi,MWI,2018,1570.6083
Malawi,MWI,2019,1641.0115
Malawi,MWI,2020,1631.0593
Malawi,MWI,2021,1636.8881
Malawi,MWI,2022,1565.5946
Malawi,MWI,2023,1562.0946
Malaysia,MYS,2015,26866.238
Malaysia,MYS,2016,27661.535
Malaysia,MYS,2017,28757.643
Malaysia,MYS,2018,29448.959
Malaysia,MYS,2019,30437.861
Malaysia,MYS,2020,28543.055
Malaysia,MYS,2021,29011.127
Malaysia,MYS,2022,31100.902
Malaysia,MYS,2023,31883.02
Malaysia,MYS,2024,32966.2
Maldives,MDV,2014,25393.633
Maldives,MDV,2015,23508.258
Maldives,MDV,2016,22279.238
Maldives,MDV,2017,22575.676
Maldives,MDV,2018,22795.773
Maldives,MDV,2019,23491.13
Maldives,MDV,2020,14624.759
Maldives,MDV,2021,17110.994
Maldives,MDV,2022,19561.967
Maldives,MDV,2023,19054.684
Maldives,MDV,2024,21146.926
Mali,MLI,1990,1643.6704
Mali,MLI,1991,1827.1466
Mali,MLI,1992,1662.7671
Mali,MLI,1993,1706.9435
Mali,MLI,1994,1650.506
Mali,MLI,1995,1651.2097
Mali,MLI,1996,1742.9446
Mali,MLI,1997,1753.3408
Mali,MLI,1998,1875.7549
Mali,MLI,1999,1868.3597
Mali,MLI,2000,1769.7473
Mali,MLI,2001,1853.5446
Mali,MLI,2002,1779.0106
Mali,MLI,2003,2006.8455
Mali,MLI,2004,1991.6322
Mali,MLI,2005,1997.1556
Mali,MLI,2006,2103.1367
Mali,MLI,2007,2105.9712
Mali,MLI,2008,2094.1082
Mali,MLI,2009,2298.3835
Mali,MLI,2010,2395.2817
Mali,MLI,2011,2462.0479
Mali,MLI,2012,2364.2693
Mali,MLI,2013,2222.3433
Mali,MLI,2014,2333.1692
Mali,MLI,2015,2426.5972
Mali,MLI,2016,2510.1572
Mali,MLI,2017,2552.5327
Mali,MLI,2018,2607.375
Mali,MLI,2019,2659.0166
Mali,MLI,2020,2703.6282
Mali,MLI,2021,2696.1465
Mali,MLI,2022,2730.803
Mali,MLI,2023,2766.833
Mali,MLI,2024,2838.714
Malta,MLT,2000,27328.105
Malta,MLT,2001,28639.486
Malta,MLT,2002,29461.28
Malta,MLT,2003,30332.035
Malta,MLT,2004,30236.355
Malta,MLT,2005,29407.854
Malta,MLT,2006,29862.215
Malta,MLT,2007,31763.533
Malta,MLT,2008,32916.824
Malta,MLT,2009,31146.88
Malta,MLT,2010,33168.24
Malta,MLT,2011,33675.203
Malta,MLT,2012,34377.98
Malta,MLT,2013,35692.49
Malta,MLT,2014,38377.348
Malta,MLT,2015,41930.266
Malta,MLT,2016,41198.47
Malta,MLT,2017,47796.145
Malta,MLT,2018,48504.37
Malta,MLT,2019,48372.215
Malta,MLT,2020,42779.203
Malta,MLT,2021,49504.31
Malta,MLT,2022,51992.56
Malta,MLT,2023,52801.934
Malta,MLT,2024,54738.566
Marshall Islands,MHL,1997,4453.359
Marshall Islands,MHL,1998,4570.171
Marshall Islands,MHL,1999,4617.5376
Marshall Islands,MHL,2000,4673.614
Marshall Islands,MHL,2001,4908.527
Marshall Islands,MHL,2002,4962.3403
Marshall Islands,MHL,2003,4867.1514
Marshall Islands,MHL,2004,4841.9263
Marshall Islands,MHL,2005,5016.302
Marshall Islands,MHL,2006,4968.735
Marshall Islands,MHL,2007,5144.657
Marshall Islands,MHL,2008,4835.843
Marshall Islands,MHL,2009,4906.128
Marshall Islands,MHL,2010,4963.7705
Marshall Islands,MHL,2011,4951.4204
Marshall Islands,MHL,2012,4806.885
Marshall Islands,MHL,2013,5170.726
Marshall Islands,MHL,2014,5344.625
Marshall Islands,MHL,2015,5960.6865
Marshall Islands,MHL,2016,6152.3755
Marshall Islands,MHL,2017,6321.309
Marshall Islands,MHL,2018,6744.2544
Marshall Islands,MHL,2019,7614.202
Marshall Islands,MHL,2020,7629.619
Marshall Islands,MHL,2021,7412.624
Marshall Islands,MHL,2022,7622.224
Marshall Islands,MHL,2023,8047.7227
Marshall Islands,MHL,2024,8628.521
Mauritania,MRT,1990,3242.0916
Mauritania,MRT,1991,3097.966
Mauritania,MRT,1992,3108.4412
Mauritania,MRT,1993,3361.9111
Mauritania,MRT,1994,3015.2185
Mauritania,MRT,1995,3546.0088
Mauritania,MRT,1996,3905.2952
Mauritania,MRT,1997,3794.8464
Mauritania,MRT,1998,3823.1792
Mauritania,MRT,1999,3876.296
Mauritania,MRT,2000,3528.9062
Mauritania,MRT,2001,3245.2983
Mauritania,MRT,2002,3557.441
Mauritania,MRT,2003,3955.695
Mauritania,MRT,2004,4039.178
Mauritania,MRT,2005,4587.404
Mauritania,MRT,2006,4777.147
Mauritania,MRT,2007,4600.6567
Mauritania,MRT,2008,4518.365
Mauritania,MRT,2009,4413.288
Mauritania,MRT,2010,4832.1313
Mauritania,MRT,2011,5337.0684
Mauritania,MRT,2012,5181.553
Mauritania,MRT,2013,5173.577
Mauritania,MRT,2014,4456.825
Mauritania,MRT,2015,4398.331
Mauritania,MRT,2016,4810.269
Mauritania,MRT,2017,4916.2314
Mauritania,MRT,2018,5498.6206
Mauritania,MRT,2019,5689.3506
Mauritania,MRT,2020,5984.4077
Mauritania,MRT,2021,5744.058
Mauritania,MRT,2022,5382.2417
Mauritania,MRT,2023,5836.12
Mauritania,MRT,2024,6125.557
Mauritius,MUS,1990,10193.947
Mauritius,MUS,1991,10504.252
Mauritius,MUS,1992,11056.903
Mauritius,MUS,1993,11187.004
Mauritius,MUS,1994,11317.678
Mauritius,MUS,1995,11651.775
Mauritius,MUS,1996,12408.98
Mauritius,MUS,1997,13076.956
Mauritius,MUS,1998,14190.899
Mauritius,MUS,1999,14441.332
Mauritius,MUS,2000,15160.959
Mauritius,MUS,2001,15392.104
Mauritius,MUS,2002,16170.416
Mauritius,MUS,2003,16158.255
Mauritius,MUS,2004,16983.824
Mauritius,MUS,2005,16256.354
Mauritius,MUS,2006,17084.209
Mauritius,MUS,2007,18720.674
Mauritius,MUS,2008,18367.59
Mauritius,MUS,2009,18053.576
Mauritius,MUS,2010,17819.275
Mauritius,MUS,2011,18028.664
Mauritius,MUS,2012,19755.514
Mauritius,MUS,2013,22269.518
Mauritius,MUS,2014,23518.523
Mauritius,MUS,2015,25589.248
Mauritius,MUS,2016,27053.049
Mauritius,MUS,2017,28289.092
Mauritius,MUS,2018,29192.443
Mauritius,MUS,2019,30033.162
Mauritius,MUS,2020,25104.902
Mauritius,MUS,2021,25356.678
Mauritius,MUS,2022,24072.951
Mauritius,MUS,2023,26729.549
Mauritius,MUS,2024,27929.713
Mexico,MEX,1990,16262.196
Mexico,MEX,1991,16631.732
Mexico,MEX,1992,17007.363
Mexico,MEX,1993,17480.04
Mexico,MEX,1994,18014.201
Mexico,MEX,1995,16247.805
Mexico,MEX,1996,16912.709
Mexico,MEX,1997,18111.42
Mexico,MEX,1998,18848.373
Mexico,MEX,1999,19405.031
Mexico,MEX,2000,20311.904
Mexico,MEX,2001,19825.334
Mexico,MEX,2002,19691.791
Mexico,MEX,2003,19944.486
Mexico,MEX,2004,20418.885
Mexico,MEX,2005,20524.06
Mexico,MEX,2006,21222.686
Mexico,MEX,2007,21486.371
Mexico,MEX,2008,21665.79
Mexico,MEX,2009,19627.447
Mexico,MEX,2010,20283.395
Mexico,MEX,2011,20432.904
Mexico,MEX,2012,20642.516
Mexico,MEX,2013,20463.238
Mexico,MEX,2014,20743.6
Mexico,MEX,2015,20715.941
Mexico,MEX,2016,20824.25
Mexico,MEX,2017,21260.457
Mexico,MEX,2018,21360.49
Mexico,MEX,2019,21194.361
Mexico,MEX,2020,19158.307
Mexico,MEX,2021,20245.562
Mexico,MEX,2022,20650.855
Mexico,MEX,2023,22409.74
Mexico,MEX,2024,22498.307
Micronesia (country),FSM,2021,4409.987
"Middle East, North Africa, Afghanistan and Pakistan (WB)",WB_MENAP,2000,10128.312
"Middle East, North Africa, Afghanistan and Pakistan (WB)",WB_MENAP,2001,10118.519
"Middle East, North Africa, Afghanistan and Pakistan (WB)",WB_MENAP,2002,10452.478
"Middle East, North Africa, Afghanistan and Pakistan (WB)",WB_MENAP,2003,10835.805
"Middle East, North Africa, Afghanistan and Pakistan (WB)",WB_MENAP,2004,11553.847
"Middle East, North Africa, Afghanistan and Pakistan (WB)",WB_MENAP,2005,12438.499
"Middle East, North Africa, Afghanistan and Pakistan (WB)",WB_MENAP,2006,13190.744
"Middle East, North Africa, Afghanistan and Pakistan (WB)",WB_MENAP,2007,13774.049
"Middle East, North Africa, Afghanistan and Pakistan (WB)",WB_MENAP,2008,14437.488
"Middle East, North Africa, Afghanistan and Pakistan (WB)",WB_MENAP,2009,13045.569
"Middle East, North Africa, Afghanistan and Pakistan (WB)",WB_MENAP,2010,13783.488
"Middle East, North Africa, Afghanistan and Pakistan (WB)",WB_MENAP,2011,14730.671
"Middle East, North Africa, Afghanistan and Pakistan (WB)",WB_MENAP,2012,14657.903
"Middle East, North Africa, Afghanistan and Pakistan (WB)",WB_MENAP,2013,14437.7705
"Middle East, North Africa, Afghanistan and Pakistan (WB)",WB_MENAP,2014,14192.604
"Middle East, North Africa, Afghanistan and Pakistan (WB)",WB_MENAP,2015,13000.698
"Middle East, North Africa, Afghanistan and Pakistan (WB)",WB_MENAP,2016,13224.605
"Middle East, North Africa, Afghanistan and Pakistan (WB)",WB_MENAP,2017,13664.254
"Middle East, North Africa, Afghanistan and Pakistan (WB)",WB_MENAP,2018,13968.815
"Middle East, North Africa, Afghanistan and Pakistan (WB)",WB_MENAP,2019,13690.818
"Middle East, North Africa, Afghanistan and Pakistan (WB)",WB_MENAP,2020,12451.333
"Middle East, North Africa, Afghanistan and Pakistan (WB)",WB_MENAP,2021,13709.059
"Middle East, North Africa, Afghanistan and Pakistan (WB)",WB_MENAP,2022,14987.878
"Middle East, North Africa, Afghanistan and Pakistan (WB)",WB_MENAP,2023,14587.692
"Middle East, North Africa, Afghanistan and Pakistan (WB)",WB_MENAP,2024,14451.236
Moldova,MDA,1996,5947.7036
Moldova,MDA,1997,6091.424
Moldova,MDA,1998,5434.0737
Moldova,MDA,1999,5610.9023
Moldova,MDA,2000,5520.132
Moldova,MDA,2001,6134.5215
Moldova,MDA,2002,6803.1216
Moldova,MDA,2003,7243.7026
Moldova,MDA,2004,7982.274
Moldova,MDA,2005,8289.704
Moldova,MDA,2006,8397.687
Moldova,MDA,2007,8453.032
Moldova,MDA,2008,8986.062
Moldova,MDA,2009,8508.66
Moldova,MDA,2010,9693.54
Moldova,MDA,2011,10327.126
Moldova,MDA,2012,10613.015
Moldova,MDA,2013,11545.525
Moldova,MDA,2014,12097.318
Moldova,MDA,2015,11972.263
Moldova,MDA,2016,12607.657
Moldova,MDA,2017,13501.286
Moldova,MDA,2018,14141.329
Moldova,MDA,2019,15041.746
Moldova,MDA,2020,14112.511
Moldova,MDA,2021,15987.331
Moldova,MDA,2022,15508.591
Moldova,MDA,2023,16217.011
Moldova,MDA,2024,17178.412
Mongolia,MNG,2010,6949.9546
Mongolia,MNG,2011,7872.674
Mongolia,MNG,2012,8853.202
Mongolia,MNG,2013,9728.515
Mongolia,MNG,2014,10491.659
Mongolia,MNG,2015,10258.886
Mongolia,MNG,2016,10527.042
Mongolia,MNG,2017,10793.991
Mongolia,MNG,2018,12047.309
Mongolia,MNG,2019,12626.321
Mongolia,MNG,2020,12250.272
Mongolia,MNG,2021,12632.651
Mongolia,MNG,2022,13776.923
Mongolia,MNG,2023,16350.081
Mongolia,MNG,2024,16784.441
Montenegro,MNE,2006,15261.715
Montenegro,MNE,2007,17065.86
Montenegro,MNE,2008,18192.81
Montenegro,MNE,2009,17465.969
Montenegro,MNE,2010,17810.072
Montenegro,MNE,2011,18319.246
Montenegro,MNE,2012,17811.992
Montenegro,MNE,2013,18748.865
Montenegro,MNE,2014,19285.035
Montenegro,MNE,2015,20099.871
Montenegro,MNE,2016,21299.295
Montenegro,MNE,2017,22690.479
Montenegro,MNE,2018,23848.469
Montenegro,MNE,2019,25128.682
Montenegro,MNE,2020,20446.121
Montenegro,MNE,2021,24182.402
Montenegro,MNE,2022,26552.887
Montenegro,MNE,2023,29097.082
Montenegro,MNE,2024,29697.545
Morocco,MAR,1990,4137.4565
Morocco,MAR,1991,4385.2344
Morocco,MAR,1992,4290.254
Morocco,MAR,1993,4109.9355
Morocco,MAR,1994,4383.7305
Morocco,MAR,1995,4266.6055
Morocco,MAR,1996,4714.39
Morocco,MAR,1997,4632.3325
Morocco,MAR,1998,4921.613
Morocco,MAR,1999,4938.8833
Morocco,MAR,2000,4903.387
Morocco,MAR,2001,5177.6064
Morocco,MAR,2002,5352.5166
Morocco,MAR,2003,5682.2437
Morocco,MAR,2004,5837.1895
Morocco,MAR,2005,5905.4653
Morocco,MAR,2006,6219.4326
Morocco,MAR,2007,6378.8916
Morocco,MAR,2008,6712.1724
Morocco,MAR,2009,6825.7256
Morocco,MAR,2010,6917.6177
Morocco,MAR,2011,7060.7847
Morocco,MAR,2012,7091.026
Morocco,MAR,2013,7347.1616
Morocco,MAR,2014,7506.837
Morocco,MAR,2015,8003.1465
Morocco,MAR,2016,8067.049
Morocco,MAR,2017,8269.19
Morocco,MAR,2018,8421.63
Morocco,MAR,2019,8632.242
Morocco,MAR,2020,8054.436
Morocco,MAR,2021,8504.336
Morocco,MAR,2022,8191.8936
Morocco,MAR,2023,8732.785
Morocco,MAR,2024,9168.866
Mozambique,MOZ,1991,552.16016
Mozambique,MOZ,1992,457.9848
Mozambique,MOZ,1993,487.79614
Mozambique,MOZ,1994,507.37604
Mozambique,MOZ,1995,473.72977
Mozambique,MOZ,1996,527.97015
Mozambique,MOZ,1997,585.87836
Mozambique,MOZ,1998,636.10443
Mozambique,MOZ,1999,706.0102
Mozambique,MOZ,2000,671.3637
Mozambique,MOZ,2001,698.64624
Mozambique,MOZ,2002,719.4836
Mozambique,MOZ,2003,827.30817
Mozambique,MOZ,2004,864.3855
Mozambique,MOZ,2005,900.5423
Mozambique,MOZ,2006,943.43646
Mozambique,MOZ,2007,1016.14514
Mozambique,MOZ,2008,1096.1509
Mozambique,MOZ,2009,1151.591
Mozambique,MOZ,2010,1146.1514
Mozambique,MOZ,2011,1202.2195
Mozambique,MOZ,2012,1325.9408
Mozambique,MOZ,2013,1368.927
Mozambique,MOZ,2014,1399.5608
Mozambique,MOZ,2015,1472.3368
Mozambique,MOZ,2016,1473.2784
Mozambique,MOZ,2017,1516.3157
Mozambique,MOZ,2018,1540.8756
Mozambique,MOZ,2019,1464.1758
Mozambique,MOZ,2020,1402.3464
Mozambique,MOZ,2021,1426.6039
Mozambique,MOZ,2022,1424.3678
Mozambique,MOZ,2023,1450.481
Mozambique,MOZ,2024,1396.6233
Myanmar,MMR,2021,5096.6987
Namibia,NAM,1990,6129.5522
Namibia,NAM,1991,5925.731
Namibia,NAM,1992,5973.833
Namibia,NAM,1993,5444.4155
Namibia,NAM,1994,5682.6626
Namibia,NAM,1995,5632.5444
Namibia,NAM,1996,5719.2007
Namibia,NAM,1997,5903.8843
Namibia,NAM,1998,6128.5117
Namibia,NAM,1999,5975.9272
Namibia,NAM,2000,6391.31
Namibia,NAM,2001,6547.2544
Namibia,NAM,2002,6849.756
Namibia,NAM,2003,6807.5493
Namibia,NAM,2004,7332.679
Namibia,NAM,2005,7476.2954
Namibia,NAM,2006,8234.572
Namibia,NAM,2007,8428.39
Namibia,NAM,2008,8908.1
Namibia,NAM,2009,8712.059
Namibia,NAM,2010,8965.837
Namibia,NAM,2011,9481.441
Namibia,NAM,2012,9766.244
Namibia,NAM,2013,10365.341
Namibia,NAM,2014,10904.607
Namibia,NAM,2015,11361.726
Namibia,NAM,2016,11317.884
Namibia,NAM,2017,11232.476
Namibia,NAM,2018,10741.685
Namibia,NAM,2019,10607.171
Namibia,NAM,2020,9650.659
Namibia,NAM,2021,9342.496
Namibia,NAM,2022,9964.108
Namibia,NAM,2023,10344.116
Namibia,NAM,2024,10769.129
Nauru,NRU,2021,18209.586
Nepal,NPL,2001,2280.7195
Nepal,NPL,2002,2228.5542
Nepal,NPL,2003,2244.9875
Nepal,NPL,2004,2319.2231
Nepal,NPL,2005,2373.8362
Nepal,NPL,2006,2403.3865
Nepal,NPL,2007,2457.4734
Nepal,NPL,2008,2579.2205
Nepal,NPL,2009,2687.1934
Nepal,NPL,2010,2850.2876
Nepal,NPL,2011,3027.447
Nepal,NPL,2012,3127.7056
Nepal,NPL,2013,3216.0227
Nepal,NPL,2014,3453.2153
Nepal,NPL,2015,3636.739
Nepal,NPL,2016,3762.1914
Nepal,NPL,2017,4155.0566
Nepal,NPL,2018,4483.483
Nepal,NPL,2019,4670.3423
Nepal,NPL,2020,4458.577
Nepal,NPL,2021,4570.5513
Nepal,NPL,2022,4783.959
Nepal,NPL,2023,4866.5684
Nepal,NPL,2024,5070.9453
Netherlands,NLD,1990,42195.28
Netherlands,NLD,1991,43077.754
Netherlands,NLD,1992,43114.17
Netherlands,NLD,1993,43536.473
Netherlands,NLD,1994,44891.566
Netherlands,NLD,1995,46525.984
Netherlands,NLD,1996,48182.53
Netherlands,NLD,1997,50093.336
Netherlands,NLD,1998,51604.88
Netherlands,NLD,1999,54228.457
Netherlands,NLD,2000,56071.92
Netherlands,NLD,2001,56388.81
Netherlands,NLD,2002,55991.266
Netherlands,NLD,2003,56586.742
Netherlands,NLD,2004,57256.01
Netherlands,NLD,2005,58459.227
Netherlands,NLD,2006,60892.656
Netherlands,NLD,2007,62581.79
Netherlands,NLD,2008,61345.887
Netherlands,NLD,2009,59639.98
Netherlands,NLD,2010,61402.81
Netherlands,NLD,2011,61866.42
Netherlands,NLD,2012,60699.984
Netherlands,NLD,2013,60671.438
Netherlands,NLD,2014,61074.848
Netherlands,NLD,2015,62227.223
Netherlands,NLD,2016,62526.203
Netherlands,NLD,2017,64597.13
Netherlands,NLD,2018,66495.51
Netherlands,NLD,2019,66699.086
Netherlands,NLD,2020,63299.38
Netherlands,NLD,2021,69406.25
Netherlands,NLD,2022,69504.055
Netherlands,NLD,2023,69746.15
Netherlands,NLD,2024,70390.12
New Zealand,NZL,1990,26393.645
New Zealand,NZL,1991,23929.541
New Zealand,NZL,1992,24100.246
New Zealand,NZL,1993,25294.068
New Zealand,NZL,1994,26526.152
New Zealand,NZL,1995,27278.266
New Zealand,NZL,1996,27455.654
New Zealand,NZL,1997,28322.93
New Zealand,NZL,1998,28563.037
New Zealand,NZL,1999,29449.805
New Zealand,NZL,2000,30180.186
New Zealand,NZL,2001,31723.205
New Zealand,NZL,2002,32502.045
New Zealand,NZL,2003,34005.375
New Zealand,NZL,2004,34701.86
New Zealand,NZL,2005,35054.39
New Zealand,NZL,2006,35264.4
New Zealand,NZL,2007,36982.914
New Zealand,NZL,2008,35950.59
New Zealand,NZL,2009,36900.23
New Zealand,NZL,2010,37309.492
New Zealand,NZL,2011,38293.41
New Zealand,NZL,2012,38732.04
New Zealand,NZL,2013,40495.477
New Zealand,NZL,2014,41223.18
New Zealand,NZL,2015,42091.31
New Zealand,NZL,2016,43086.785
New Zealand,NZL,2017,44266.29
New Zealand,NZL,2018,44927.594
New Zealand,NZL,2019,46191.04
New Zealand,NZL,2020,45619.54
New Zealand,NZL,2021,46937.133
New Zealand,NZL,2022,47481.496
New Zealand,NZL,2023,46357.023
Nicaragua,NIC,1994,3515.9795
Nicaragua,NIC,1995,3850.939
Nicaragua,NIC,1996,4016.6187
Nicaragua,NIC,1997,4209.6436
Nicaragua,NIC,1998,4478.379
Nicaragua,NIC,1999,4622.7017
Nicaragua,NIC,2000,4690.2715
Nicaragua,NIC,2001,4709.2725
Nicaragua,NIC,2002,4721.938
Nicaragua,NIC,2003,4746.1294
Nicaragua,NIC,2004,4895.9263
Nicaragua,NIC,2005,5069.4136
Nicaragua,NIC,2006,5000.926
Nicaragua,NIC,2007,5221.653
Nicaragua,NIC,2008,5387.5596
Nicaragua,NIC,2009,5278.801
Nicaragua,NIC,2010,5448.0806
Nicaragua,NIC,2011,5714.2676
Nicaragua,NIC,2012,5912.3027
Nicaragua,NIC,2013,5985.8823
Nicaragua,NIC,2014,6373.546
Nicaragua,NIC,2015,6872.7515
Nicaragua,NIC,2016,7119.9175
Nicaragua,NIC,2017,7298.551
Nicaragua,NIC,2018,6713.698
Nicaragua,NIC,2019,6569.9087
Nicaragua,NIC,2020,6406.7446
Nicaragua,NIC,2021,6745.4497
Nicaragua,NIC,2022,6530.426
Nicaragua,NIC,2023,7359.566
Nicaragua,NIC,2024,7785.769
Niger,NER,1990,1443.3623
Niger,NER,1991,1407.052
Niger,NER,1992,1309.6344
Niger,NER,1993,1333.209
Niger,NER,1994,1322.5027
Niger,NER,1995,1359.6857
Niger,NER,1996,1301.2101
Niger,NER,1997,1290.0216
Niger,NER,1998,1355.0151
Niger,NER,1999,1317.6089
Niger,NER,2000,1262.5497
Niger,NER,2001,1325.575
Niger,NER,2002,1345.3271
Niger,NER,2003,1320.5393
Niger,NER,2004,1286.1417
Niger,NER,2005,1318.8688
Niger,NER,2006,1338.9355
Niger,NER,2007,1324.5303
Niger,NER,2008,1371.5038
Niger,NER,2009,1342.8972
Niger,NER,2010,1398.2854
Niger,NER,2011,1397.3328
Niger,NER,2012,1459.1504
Niger,NER,2013,1489.0454
Niger,NER,2014,1527.1866
Niger,NER,2015,1540.807
Niger,NER,2016,1550.6826
Niger,NER,2017,1564.7068
Niger,NER,2018,1638.6735
Niger,NER,2019,1680.9586
Niger,NER,2020,1543.4332
Niger,NER,2021,1614.654
Niger,NER,2022,1810.6454
Niger,NER,2023,1903.0565
Niger,NER,2024,2066.04
Nigeria,NGA,2021,7481.556
North America (WB),WB_NA,1990,42419.273
North America (WB),WB_NA,1991,41827.688
North America (WB),WB_NA,1992,42463.812
North America (WB),WB_NA,1993,42896.16
North America (WB),WB_NA,1994,44193.812
North America (WB),WB_NA,1995,45183.074
North America (WB),WB_NA,1996,46559.254
North America (WB),WB_NA,1997,48372.98
North America (WB),WB_NA,1998,50383.863
North America (WB),WB_NA,1999,52102.117
North America (WB),WB_NA,2000,53977.332
North America (WB),WB_NA,2001,54262.336
North America (WB),WB_NA,2002,54549.523
North America (WB),WB_NA,2003,55324.723
North America (WB),WB_NA,2004,56943.684
North America (WB),WB_NA,2005,58327.24
North America (WB),WB_NA,2006,59799.38
North America (WB),WB_NA,2007,59773.137
North America (WB),WB_NA,2008,58407.395
North America (WB),WB_NA,2009,56777.54
North America (WB),WB_NA,2010,58371.652
North America (WB),WB_NA,2011,59171.79
North America (WB),WB_NA,2012,60423.18
North America (WB),WB_NA,2013,60956.887
North America (WB),WB_NA,2014,62405.48
North America (WB),WB_NA,2015,63643.973
North America (WB),WB_NA,2016,63954.33
North America (WB),WB_NA,2017,65271.13
North America (WB),WB_NA,2018,66742.88
North America (WB),WB_NA,2019,68129.3
North America (WB),WB_NA,2020,65842.64
North America (WB),WB_NA,2021,70192.23
North America (WB),WB_NA,2022,71922.77
North America (WB),WB_NA,2023,72231.234
North Macedonia,MKD,1990,11250.455
North Macedonia,MKD,1991,11046.026
North Macedonia,MKD,1992,10204.043
North Macedonia,MKD,1993,9166.323
North Macedonia,MKD,1994,9261.944
North Macedonia,MKD,1995,9506.947
North Macedonia,MKD,1996,9030.213
North Macedonia,MKD,1997,8581.601
North Macedonia,MKD,1998,8459.585
North Macedonia,MKD,1999,8808.967
North Macedonia,MKD,2000,10713.964
North Macedonia,MKD,2001,10642.553
North Macedonia,MKD,2002,10744.993
North Macedonia,MKD,2003,10963.622
North Macedonia,MKD,2004,11547.7705
North Macedonia,MKD,2005,12192.695
North Macedonia,MKD,2006,12955.783
North Macedonia,MKD,2007,13369.624
North Macedonia,MKD,2008,14267.288
North Macedonia,MKD,2009,14571.448
North Macedonia,MKD,2010,15121.878
North Macedonia,MKD,2011,15138.241
North Macedonia,MKD,2012,15244.465
North Macedonia,MKD,2013,15929.302
North Macedonia,MKD,2014,16852.377
North Macedonia,MKD,2015,17725.115
North Macedonia,MKD,2016,18748.52
North Macedonia,MKD,2017,19081.49
North Macedonia,MKD,2018,20005.049
North Macedonia,MKD,2019,20961.455
North Macedonia,MKD,2020,20295.48
North Macedonia,MKD,2021,21172.479
North Macedonia,MKD,2022,21811.998
North Macedonia,MKD,2023,22027.297
North Macedonia,MKD,2024,22899.17
Norway,NOR,1990,44212.785
Norway,NOR,1991,44953.03
Norway,NOR,1992,45757.902
Norway,NOR,1993,46791.086
Norway,NOR,1994,48483.977
Norway,NOR,1995,50509.89
Norway,NOR,1996,54025.707
Norway,NOR,1997,56919.664
Norway,NOR,1998,55997.47
Norway,NOR,1999,59216.918
Norway,NOR,2000,67226.25
Norway,NOR,2001,68207.95
Norway,NOR,2002,66738.164
Norway,NOR,2003,67237.195
Norway,NOR,2004,71611.27
Norway,NOR,2005,78207.45
Norway,NOR,2006,82466.67
Norway,NOR,2007,82977.95
Norway,NOR,2008,86787.11
Norway,NOR,2009,78330.15
Norway,NOR,2010,80197.88
Norway,NOR,2011,82804.93
Norway,NOR,2012,84517.27
Norway,NOR,2013,84386.16
Norway,NOR,2014,84875.016
Norway,NOR,2015,82340.69
Norway,NOR,2016,79832.11
Norway,NOR,2017,82022.8
Norway,NOR,2018,85231.164
Norway,NOR,2019,82100.55
Norway,NOR,2020,76655.35
Norway,NOR,2021,88781.53
Norway,NOR,2022,110848.88
Oman,OMN,1998,23047.13
Oman,OMN,1999,24539.367
Oman,OMN,2000,27049.334
Oman,OMN,2001,26841.457
Oman,OMN,2002,27580.309
Oman,OMN,2003,29141.186
Oman,OMN,2004,32376.42
Oman,OMN,2005,32915.258
Oman,OMN,2006,39811.758
Oman,OMN,2007,43762.184
Oman,OMN,2008,50059.434
Oman,OMN,2009,44742.258
Oman,OMN,2010,48650.887
Oman,OMN,2011,50279.055
Oman,OMN,2012,48982.453
Oman,OMN,2013,47130.27
Oman,OMN,2014,43837.52
Oman,OMN,2015,37143.957
Oman,OMN,2016,34683.504
Oman,OMN,2017,36458.52
Oman,OMN,2018,38276.758
Oman,OMN,2019,36583.652
Oman,OMN,2020,33512.168
Oman,OMN,2021,36069.477
Oman,OMN,2022,40663.824
Oman,OMN,2023,37725.28
Oman,OMN,2024,36389.52
Pakistan,PAK,1990,3264.795
Pakistan,PAK,1991,3304.2
Pakistan,PAK,1992,3510.8933
Pakistan,PAK,1993,3457.8806
Pakistan,PAK,1994,3481.9568
Pakistan,PAK,1995,3573.973
Pakistan,PAK,1996,3636.38
Pakistan,PAK,1997,3536.5942
Pakistan,PAK,1998,3609.7642
Pakistan,PAK,1999,3612.4612
Pakistan,PAK,2000,3607.2505
Pakistan,PAK,2001,3602.7036
Pakistan,PAK,2002,3603.3257
Pakistan,PAK,2003,3696.8586
Pakistan,PAK,2004,3875.9924
Pakistan,PAK,2005,4055.8044
Pakistan,PAK,2006,4119.728
Pakistan,PAK,2007,4164.249
Pakistan,PAK,2008,4040.0762
Pakistan,PAK,2009,4038.7769
Pakistan,PAK,2010,4042.9507
Pakistan,PAK,2011,4083.551
Pakistan,PAK,2012,4070.5256
Pakistan,PAK,2013,4170.5825
Pakistan,PAK,2014,4283.744
Pakistan,PAK,2015,4413.2417
Pakistan,PAK,2016,4699.655
Pakistan,PAK,2017,4876.3384
Pakistan,PAK,2018,5085.23
Pakistan,PAK,2019,5131.953
Pakistan,PAK,2020,5015.5947
Pakistan,PAK,2021,5299.512
Pakistan,PAK,2022,5367.038
Pakistan,PAK,2023,5454.2114
Pakistan,PAK,2024,5583.943
Palau,PLW,2000,14113.236
Palau,PLW,2001,15006.416
Palau,PLW,2002,15366.835
Palau,PLW,2003,15329.35
Palau,PLW,2004,15878.529
Palau,PLW,2005,16358.282
Palau,PLW,2006,16699.717
Palau,PLW,2007,17193.031
Palau,PLW,2008,16689.928
Palau,PLW,2009,16490.639
Palau,PLW,2010,16008.465
Palau,PLW,2011,16591.791
Palau,PLW,2012,17027.408
Palau,PLW,2013,17448.77
Palau,PLW,2014,18051.125
Palau,PLW,2015,19919.445
Palau,PLW,2016,20314.855
Palau,PLW,2017,19858.791
Palau,PLW,2018,19195.906
Palau,PLW,2019,19437.504
Palau,PLW,2020,18697.092
Palau,PLW,2021,16390.893
Palau,PLW,2022,16018.015
Palau,PLW,2023,16126.703
Palestine,PSE,1994,4727.1567
Palestine,PSE,1995,4887.8506
Palestine,PSE,1996,4684.7393
Palestine,PSE,1997,5171.949
Palestine,PSE,1998,5910.61
Palestine,PSE,1999,6228.9863
Palestine,PSE,2000,5268.454
Palestine,PSE,2001,4529.9062
Palestine,PSE,2002,3801.1392
Palestine,PSE,2003,4181.096
Palestine,PSE,2004,4883.161
Palestine,PSE,2005,5361.453
Palestine,PSE,2006,5245.101
Palestine,PSE,2007,5362.206
Palestine,PSE,2008,5678.5015
Palestine,PSE,2009,5888.487
Palestine,PSE,2010,5921.0947
Palestine,PSE,2011,6350.939
Palestine,PSE,2012,6600.114
Palestine,PSE,2013,6837.5195
Palestine,PSE,2014,6751.985
Palestine,PSE,2015,6939.08
Palestine,PSE,2016,7312.665
Palestine,PSE,2017,7349.581
Palestine,PSE,2018,7492.468
Palestine,PSE,2019,7425.1987
Palestine,PSE,2020,6305.651
Palestine,PSE,2021,6797.466
Palestine,PSE,2022,7064.529
Palestine,PSE,2023,6446.592
Palestine,PSE,2024,4188.6313
Panama,PAN,1996,11560.697
Panama,PAN,1997,12363.215
Panama,PAN,1998,12857.326
Panama,PAN,1999,13009.127
Panama,PAN,2000,13424.816
Panama,PAN,2001,13451.682
Panama,PAN,2002,13970.343
Panama,PAN,2003,14297.992
Panama,PAN,2004,14534.104
Panama,PAN,2005,15639.149
Panama,PAN,2006,16669.354
Panama,PAN,2007,18322.758
Panama,PAN,2008,19526.572
Panama,PAN,2009,20638.818
Panama,PAN,2010,20591.037
Panama,PAN,2011,23221.658
Panama,PAN,2012,24575.9
Panama,PAN,2013,26171.236
Panama,PAN,2014,26249.129
Panama,PAN,2015,28519.42
Panama,PAN,2016,29148.96
Panama,PAN,2017,30420.672
Panama,PAN,2018,30202.56
Panama,PAN,2019,31268.52
Panama,PAN,2020,26064
Panama,PAN,2021,29100.51
Panama,PAN,2022,32299.275
Panama,PAN,2023,34655.953
Panama,PAN,2024,35141.09
Papua New Guinea,PNG,2021,3734.7314
Paraguay,PRY,1995,9870.091
Paraguay,PRY,1996,9818.2295
Paraguay,PRY,1997,9439.85
Paraguay,PRY,1998,9665.679
Paraguay,PRY,1999,9293.553
Paraguay,PRY,2000,8324.499
Paraguay,PRY,2001,8651.256
Paraguay,PRY,2002,9348.448
Paraguay,PRY,2003,8920.515
Paraguay,PRY,2004,9177.405
Paraguay,PRY,2005,9066.9
Paraguay,PRY,2006,9456.565
Paraguay,PRY,2007,10317.581
Paraguay,PRY,2008,10761.181
Paraguay,PRY,2009,10758.484
Paraguay,PRY,2010,11855.012
Paraguay,PRY,2011,12270.082
Paraguay,PRY,2012,11906.57
Paraguay,PRY,2013,12733.82
Paraguay,PRY,2014,13298.298
Paraguay,PRY,2015,13298.769
Paraguay,PRY,2016,13899.706
Paraguay,PRY,2017,14335.819
Paraguay,PRY,2018,14485.669
Paraguay,PRY,2019,14281.429
Paraguay,PRY,2020,14048.75
Paraguay,PRY,2021,14841.863
Paraguay,PRY,2022,14378.716
Paraguay,PRY,2023,14731.784
Paraguay,PRY,2024,14941.154
Peru,PER,1990,5409.7344
Peru,PER,1991,5462.3184
Peru,PER,1992,5290.8496
Peru,PER,1993,5395.464
Peru,PER,1994,5991.571
Peru,PER,1995,6381.113
Peru,PER,1996,6451.9614
Peru,PER,1997,6785.63
Peru,PER,1998,6563.4697
Peru,PER,1999,6417.375
Peru,PER,2000,6408.7764
Peru,PER,2001,6327.8823
Peru,PER,2002,6548.669
Peru,PER,2003,6686.4033
Peru,PER,2004,6924.796
Peru,PER,2005,7287.62
Peru,PER,2006,8140.5303
Peru,PER,2007,8917.931
Peru,PER,2008,9515.622
Peru,PER,2009,9665.345
Peru,PER,2010,10770.082
Peru,PER,2011,11726.381
Peru,PER,2012,12360.31
Peru,PER,2013,12906.112
Peru,PER,2014,13054.065
Peru,PER,2015,13246.858
Peru,PER,2016,13480.171
Peru,PER,2017,13788.398
Peru,PER,2018,14010.057
Peru,PER,2019,14236.867
Peru,PER,2020,12750.801
Peru,PER,2021,14099.158
Peru,PER,2022,14086.018
Peru,PER,2023,14337.788
Peru,PER,2024,15032.344
Philippines,PHL,1990,4189.344
Philippines,PHL,1991,4181.2866
Philippines,PHL,1992,4229.264
Philippines,PHL,1993,4284.0483
Philippines,PHL,1994,4399.8696
Philippines,PHL,1995,4528.7344
Philippines,PHL,1996,4842.9453
Philippines,PHL,1997,4983.4565
Philippines,PHL,1998,4952.16
Philippines,PHL,1999,4957.642
Philippines,PHL,2000,5213.3184
Philippines,PHL,2001,5258.038
Philippines,PHL,2002,5344.1484
Philippines,PHL,2003,5501.6807
Philippines,PHL,2004,5743.384
Philippines,PHL,2005,5933.9917
Philippines,PHL,2006,6111.3906
Philippines,PHL,2007,6386.072
Philippines,PHL,2008,6566.06
Philippines,PHL,2009,6684.029
Philippines,PHL,2010,7010.7754
Philippines,PHL,2011,7104.0596
Philippines,PHL,2012,7459.3726
Philippines,PHL,2013,7864.4414
Philippines,PHL,2014,8214.45
Philippines,PHL,2015,8589.122
Philippines,PHL,2016,9052.566
Philippines,PHL,2017,9547.828
Philippines,PHL,2018,9987.925
Philippines,PHL,2019,10397.685
Philippines,PHL,2020,9101.184
Philippines,PHL,2021,9172.84
Philippines,PHL,2022,10003.414
Philippines,PHL,2023,10954.708
Philippines,PHL,2024,11699.568
Poland,POL,1995,14089.872
Poland,POL,1996,14889.873
Poland,POL,1997,15776.373
Poland,POL,1998,16580.723
Poland,POL,1999,17288.402
Poland,POL,2000,17956.924
Poland,POL,2001,18160.424
Poland,POL,2002,18376.002
Poland,POL,2003,18862.922
Poland,POL,2004,19629.715
Poland,POL,2005,20612.137
Poland,POL,2006,21732.553
Poland,POL,2007,23183.18
Poland,POL,2008,24440.285
Poland,POL,2009,25034.395
Poland,POL,2010,25680.293
Poland,POL,2011,26745.102
Poland,POL,2012,26921.713
Poland,POL,2013,27279.744
Poland,POL,2014,28541.023
Poland,POL,2015,30210.006
Poland,POL,2016,31163.854
Poland,POL,2017,32680.36
Poland,POL,2018,34573.914
Poland,POL,2019,36429.02
Poland,POL,2020,36753.215
Poland,POL,2021,39255.305
Poland,POL,2022,40906.88
Poland,POL,2023,41589.46
Poland,POL,2024,43133.953
Portugal,PRT,1995,28297.451
Portugal,PRT,1996,28933.645
Portugal,PRT,1997,29938.979
Portugal,PRT,1998,31553.309
Portugal,PRT,1999,32800.17
Portugal,PRT,2000,32996.867
Portugal,PRT,2001,33504.902
Portugal,PRT,2002,33932.434
Portugal,PRT,2003,33764.715
Portugal,PRT,2004,34181.855
Portugal,PRT,2005,34269.797
Portugal,PRT,2006,34270.91
Portugal,PRT,2007,35144.008
Portugal,PRT,2008,34692.188
Portugal,PRT,2009,34246.46
Portugal,PRT,2010,34682.07
Portugal,PRT,2011,34336.773
Portugal,PRT,2012,32985.117
Portugal,PRT,2013,33337.492
Portugal,PRT,2014,33724.9
Portugal,PRT,2015,34665.36
Portugal,PRT,2016,35816.79
Portugal,PRT,2017,36995.09
Portugal,PRT,2018,38003.12
Portugal,PRT,2019,39176.105
Portugal,PRT,2020,36526.97
Portugal,PRT,2021,38273.52
Portugal,PRT,2022,39620.203
Portugal,PRT,2023,41041.125
Portugal,PRT,2024,42358.14
Puerto Rico,PRI,2021,27956.635
Qatar,QAT,2021,115036.66
Romania,ROU,1990,12477.602
Romania,ROU,1991,11230.941
Romania,ROU,1992,10006.8545
Romania,ROU,1993,10359.406
Romania,ROU,1994,10836.437
Romania,ROU,1995,11031.604
Romania,ROU,1996,11234.072
Romania,ROU,1997,10768.124
Romania,ROU,1998,10705.977
Romania,ROU,1999,10727.897
Romania,ROU,2000,11269.191
Romania,ROU,2001,11968.727
Romania,ROU,2002,12931.691
Romania,ROU,2003,13199.405
Romania,ROU,2004,14570.022
Romania,ROU,2005,15859.521
Romania,ROU,2006,17670.307
Romania,ROU,2007,20546.463
Romania,ROU,2008,23287.031
Romania,ROU,2009,22030.53
Romania,ROU,2010,21819.836
Romania,ROU,2011,23119.963
Romania,ROU,2012,23318.484
Romania,ROU,2013,23691.926
Romania,ROU,2014,25290.828
Romania,ROU,2015,26543.812
Romania,ROU,2016,27877.113
Romania,ROU,2017,30527.63
Romania,ROU,2018,32730.098
Romania,ROU,2019,34946.67
Romania,ROU,2020,34328.824
Romania,ROU,2021,36871.42
Romania,ROU,2022,38174.496
Romania,ROU,2023,39478.105
Romania,ROU,2024,40935.254
Russia,RUS,2012,35821.625
Russia,RUS,2013,36342.15
Russia,RUS,2014,35934.41
Russia,RUS,2015,35116.477
Russia,RUS,2016,34109.383
Russia,RUS,2017,34698.63
Russia,RUS,2018,35727.027
Russia,RUS,2019,36221.543
Russia,RUS,2020,35604.02
Russia,RUS,2021,37729.79
Russia,RUS,2022,37167.31
Russia,RUS,2023,38912.21
Rwanda,RWA,1990,1034.4987
Rwanda,RWA,1991,1018.8109
Rwanda,RWA,1992,1052.7384
Rwanda,RWA,1993,941.20483
Rwanda,RWA,1994,462.24564
Rwanda,RWA,1995,890.41156
Rwanda,RWA,1996,825.48444
Rwanda,RWA,1997,842.2688
Rwanda,RWA,1998,886.6183
Rwanda,RWA,1999,931.97034
Rwanda,RWA,2000,1030.2153
Rwanda,RWA,2001,1074.4928
Rwanda,RWA,2002,1195.3524
Rwanda,RWA,2003,1157.4896
Rwanda,RWA,2004,1222.2643
Rwanda,RWA,2005,1309.0992
Rwanda,RWA,2006,1454.8011
Rwanda,RWA,2007,1531.2152
Rwanda,RWA,2008,1563.1401
Rwanda,RWA,2009,1653.3429
Rwanda,RWA,2010,1713.1475
Rwanda,RWA,2011,1831.813
Rwanda,RWA,2012,1934.0471
Rwanda,RWA,2013,1972.431
Rwanda,RWA,2014,2058.9604
Rwanda,RWA,2015,2227.232
Rwanda,RWA,2016,2278.2524
Rwanda,RWA,2017,2324.295
Rwanda,RWA,2018,2418.643
Rwanda,RWA,2019,2589.8271
Rwanda,RWA,2020,2455.937
Rwanda,RWA,2021,2677.652
Rwanda,RWA,2022,2786.2607
Rwanda,RWA,2023,2937.4648
Rwanda,RWA,2024,3277.633
Saint Kitts and Nevis,KNA,2021,26038.305
Saint Lucia,LCA,2021,18450.543
Saint Vincent and the Grenadines,VCT,2021,15896.385
Samoa,WSM,2009,5616.462
Samoa,WSM,2010,5665.0366
Samoa,WSM,2011,6259.0312
Samoa,WSM,2012,6040.7295
Samoa,WSM,2013,5525.3687
Samoa,WSM,2014,6028.3735
Samoa,WSM,2015,6375.363
Samoa,WSM,2016,6728.434
Samoa,WSM,2017,6717.8716
Samoa,WSM,2018,6903.638
Samoa,WSM,2019,7076.9863
Samoa,WSM,2020,6902.03
Samoa,WSM,2021,6246.276
Samoa,WSM,2022,6378.453
Samoa,WSM,2023,7453.637
Samoa,WSM,2024,8031.0854
San Marino,SMR,2017,55025.64
San Marino,SMR,2018,53627.77
San Marino,SMR,2019,54848.656
San Marino,SMR,2020,50414.293
San Marino,SMR,2021,58351.707
San Marino,SMR,2022,64762.88
San Marino,SMR,2023,64745.72
Sao Tome and Principe,STP,2021,5762.5396
Saudi Arabia,SAU,2000,43547.047
Saudi Arabia,SAU,2001,40394.254
Saudi Arabia,SAU,2002,41767.773
Saudi Arabia,SAU,2003,42653.29
Saudi Arabia,SAU,2004,48385.496
Saudi Arabia,SAU,2005,55234.3
Saudi Arabia,SAU,2006,58815.94
Saudi Arabia,SAU,2007,59261.965
Saudi Arabia,SAU,2008,67329.22
Saudi Arabia,SAU,2009,52675.465
Saudi Arabia,SAU,2010,61655.832
Saudi Arabia,SAU,2011,73920.28
Saudi Arabia,SAU,2012,74860.86
Saudi Arabia,SAU,2013,70562.05
Saudi Arabia,SAU,2014,67536.89
Saudi Arabia,SAU,2015,56098.1
Saudi Arabia,SAU,2016,52448.61
Saudi Arabia,SAU,2017,55881.45
Saudi Arabia,SAU,2018,62750.79
Saudi Arabia,SAU,2019,63557.777
Saudi Arabia,SAU,2020,52924.254
Saudi Arabia,SAU,2021,63437.613
Saudi Arabia,SAU,2022,72136.234
Saudi Arabia,SAU,2023,65885.2
Saudi Arabia,SAU,2024,62735.812
Senegal,SEN,1990,2741.163
Senegal,SEN,1991,2743.1619
Senegal,SEN,1992,2762.434
Senegal,SEN,1993,2729.9272
Senegal,SEN,1994,2394.7354
Senegal,SEN,1995,2477.7976
Senegal,SEN,1996,2540.9104
Senegal,SEN,1997,2578.754
Senegal,SEN,1998,2678.8804
Senegal,SEN,1999,2752.4246
Senegal,SEN,2000,2692.8118
Senegal,SEN,2001,2881.4602
Senegal,SEN,2002,2736.3625
Senegal,SEN,2003,2905.291
Senegal,SEN,2004,2883.0781
Senegal,SEN,2005,2996.4958
Senegal,SEN,2006,3013.2732
Senegal,SEN,2007,3043.235
Senegal,SEN,2008,2960.4656
Senegal,SEN,2009,3127.5847
Senegal,SEN,2010,3172.468
Senegal,SEN,2011,3073.7468
Senegal,SEN,2012,3044.6313
Senegal,SEN,2013,3127.9353
Senegal,SEN,2014,3294.6218
Senegal,SEN,2015,3435.8435
Senegal,SEN,2016,3621.816
Senegal,SEN,2017,3775.6702
Senegal,SEN,2018,3859.4626
Senegal,SEN,2019,3941.8735
Senegal,SEN,2020,3973.543
Senegal,SEN,2021,4067.241
Senegal,SEN,2022,4112.5493
Senegal,SEN,2023,4151.002
Senegal,SEN,2024,4460.7607
Serbia,SRB,1997,10927.172
Serbia,SRB,1998,11224.052
Serbia,SRB,1999,10235.347
Serbia,SRB,2000,10990.587
Serbia,SRB,2001,11175.655
Serbia,SRB,2002,11963.769
Serbia,SRB,2003,12601.171
Serbia,SRB,2004,13149.86
Serbia,SRB,2005,13842.696
Serbia,SRB,2006,14764.363
Serbia,SRB,2007,15936.74
Serbia,SRB,2008,16814.39
Serbia,SRB,2009,16840.51
Serbia,SRB,2010,16740.494
Serbia,SRB,2011,16719.2
Serbia,SRB,2012,16650.934
Serbia,SRB,2013,17091.824
Serbia,SRB,2014,17009.115
Serbia,SRB,2015,17247.752
Serbia,SRB,2016,17761.252
Serbia,SRB,2017,18043.041
Serbia,SRB,2018,19161.203
Serbia,SRB,2019,20136.01
Serbia,SRB,2020,20857.922
Serbia,SRB,2021,22545.234
Serbia,SRB,2022,23003.078
Serbia,SRB,2023,24640.094
Serbia,SRB,2024,25854.533
Seychelles,SYC,1990,15030.803
Seychelles,SYC,1991,15342.884
Seychelles,SYC,1992,16485.271
Seychelles,SYC,1993,17300.26
Seychelles,SYC,1994,16670.848
Seychelles,SYC,1995,16027.258
Seychelles,SYC,1996,17521.26
Seychelles,SYC,1997,19580.74
Seychelles,SYC,1998,19435.836
Seychelles,SYC,1999,19311.875
Seychelles,SYC,2000,19729.33
Seychelles,SYC,2001,19710.117
Seychelles,SYC,2002,18050.762
Seychelles,SYC,2003,17831.674
Seychelles,SYC,2004,18638.666
Seychelles,SYC,2005,20212.549
Seychelles,SYC,2006,21648.582
Seychelles,SYC,2007,21691.266
Seychelles,SYC,2008,20320.91
Seychelles,SYC,2009,20066.322
Seychelles,SYC,2010,20608.455
Seychelles,SYC,2011,22810.146
Seychelles,SYC,2012,24954.832
Seychelles,SYC,2013,23339.896
Seychelles,SYC,2014,23887.283
Seychelles,SYC,2015,25598.975
Seychelles,SYC,2016,28024.553
Seychelles,SYC,2017,29627.68
Seychelles,SYC,2018,31385.398
Seychelles,SYC,2019,33095.32
Seychelles,SYC,2020,29041.748
Seychelles,SYC,2021,28723.2
Seychelles,SYC,2022,27682.193
Seychelles,SYC,2023,29195.037
Sierra Leone,SLE,2001,1638.2008
Sierra Leone,SLE,2002,1942.0051
Sierra Leone,SLE,2003,2040.2295
Sierra Leone,SLE,2004,2048.2837
Sierra Leone,SLE,2005,2123.6855
Sierra Leone,SLE,2006,2067.8037
Sierra Leone,SLE,2007,2031.8964
Sierra Leone,SLE,2008,2129.5017
Sierra Leone,SLE,2009,2300.508
Sierra Leone,SLE,2010,2430.7795
Sierra Leone,SLE,2011,2380.307
Sierra Leone,SLE,2012,2755.5767
Sierra Leone,SLE,2013,3004.0715
Sierra Leone,SLE,2014,2760.7942
Sierra Leone,SLE,2015,2549.6274
Sierra Leone,SLE,2016,2687.5923
Sierra Leone,SLE,2017,2766.6604
Sierra Leone,SLE,2018,2797.426
Sierra Leone,SLE,2019,2857.6294
Sierra Leone,SLE,2020,2804.2708
Sierra Leone,SLE,2021,2820.8364
Sierra Leone,SLE,2022,2944.4587
Sierra Leone,SLE,2023,3025.8381
Sierra Leone,SLE,2024,2948.4
Singapore,SGP,1990,41223.977
Singapore,SGP,1991,43370.65
Singapore,SGP,1992,45103.87
Singapore,SGP,1993,47313.844
Singapore,SGP,1994,53996.62
Singapore,SGP,1995,57133.99
Singapore,SGP,1996,58250.168
Singapore,SGP,1997,62130.582
Singapore,SGP,1998,59529.633
Singapore,SGP,1999,60226.684
Singapore,SGP,2000,64418.25
Singapore,SGP,2001,62121.977
Singapore,SGP,2002,62750.98
Singapore,SGP,2003,68387.9
Singapore,SGP,2004,72449.72
Singapore,SGP,2005,77314.92
Singapore,SGP,2006,83793.4
Singapore,SGP,2007,87212.05
Singapore,SGP,2008,79626.85
Singapore,SGP,2009,76093.63
Singapore,SGP,2010,89791.805
Singapore,SGP,2011,89183.63
Singapore,SGP,2012,88812.25
Singapore,SGP,2013,89436.24
Singapore,SGP,2014,92492.516
Singapore,SGP,2015,92295.016
Singapore,SGP,2016,95567.03
Singapore,SGP,2017,100399.23
Singapore,SGP,2018,98700.26
Singapore,SGP,2019,99276.82
Singapore,SGP,2020,93380.766
Singapore,SGP,2021,112701.39
Singapore,SGP,2022,115142.86
Singapore,SGP,2023,106019.484
Singapore,SGP,2024,110344.37
Sint Maarten (Dutch part),SXM,2021,39282.938
Slovakia,SVK,1995,18073.545
Slovakia,SVK,1996,18692.9
Slovakia,SVK,1997,19810.13
Slovakia,SVK,1998,20345.22
Slovakia,SVK,1999,20003.162
Slovakia,SVK,2000,20537.082
Slovakia,SVK,2001,21144.135
Slovakia,SVK,2002,22023.7
Slovakia,SVK,2003,22005.836
Slovakia,SVK,2004,23406.834
Slovakia,SVK,2005,25267.297
Slovakia,SVK,2006,27145.443
Slovakia,SVK,2007,29789.951
Slovakia,SVK,2008,31264.11
Slovakia,SVK,2009,29640.38
Slovakia,SVK,2010,30915.648
Slovakia,SVK,2011,30889.322
Slovakia,SVK,2012,31526.348
Slovakia,SVK,2013,31837.857
Slovakia,SVK,2014,32523.998
Slovakia,SVK,2015,33630.758
Slovakia,SVK,2016,34049.348
Slovakia,SVK,2017,35087.836
Slovakia,SVK,2018,36338.438
Slovakia,SVK,2019,36725.516
Slovakia,SVK,2020,36165.543
Slovakia,SVK,2021,37238.3
Slovakia,SVK,2022,36076.39
Slovakia,SVK,2023,36635.504
Slovakia,SVK,2024,37683.62
Slovenia,SVN,1995,25115.908
Slovenia,SVN,1996,25988.53
Slovenia,SVN,1997,27342.08
Slovenia,SVN,1998,28364.35
Slovenia,SVN,1999,29943.65
Slovenia,SVN,2000,30321.416
Slovenia,SVN,2001,31468.088
Slovenia,SVN,2002,32521.33
Slovenia,SVN,2003,33589.062
Slovenia,SVN,2004,34750.36
Slovenia,SVN,2005,35732.23
Slovenia,SVN,2006,37471.266
Slovenia,SVN,2007,39759.535
Slovenia,SVN,2008,40566.062
Slovenia,SVN,2009,38264.793
Slovenia,SVN,2010,37724.45
Slovenia,SVN,2011,37512.723
Slovenia,SVN,2012,36024.41
Slovenia,SVN,2013,35935.633
Slovenia,SVN,2014,37320.855
Slovenia,SVN,2015,37758.84
Slovenia,SVN,2016,39334.918
Slovenia,SVN,2017,41540.664
Slovenia,SVN,2018,43338.785
Slovenia,SVN,2019,44615.23
Slovenia,SVN,2020,43079.562
Slovenia,SVN,2021,45501.664
Slovenia,SVN,2022,45096.54
Slovenia,SVN,2023,47485.465
Slovenia,SVN,2024,48592.266
Solomon Islands,SLB,1990,1964.8091
Solomon Islands,SLB,1991,1559.4769
Solomon Islands,SLB,1992,1984.7339
Solomon Islands,SLB,1993,2283.527
Solomon Islands,SLB,1994,2511.2397
Solomon Islands,SLB,1995,2901.6394
Solomon Islands,SLB,1996,3232.5393
Solomon Islands,SLB,1997,3169.174
Solomon Islands,SLB,1998,3188.4011
Solomon Islands,SLB,1999,2843.9685
Solomon Islands,SLB,2000,2257.2126
Solomon Islands,SLB,2001,2097.8328
Solomon Islands,SLB,2002,1958.5326
Solomon Islands,SLB,2003,1736.3649
Solomon Islands,SLB,2004,2010.847
Solomon Islands,SLB,2005,2158.1323
Solomon Islands,SLB,2006,2260.0073
Solomon Islands,SLB,2007,2303.656
Solomon Islands,SLB,2008,2191.1843
Solomon Islands,SLB,2009,2263.8503
Solomon Islands,SLB,2010,2391.8865
Solomon Islands,SLB,2011,2574.6758
Solomon Islands,SLB,2012,2529.1897
Solomon Islands,SLB,2013,2700.9128
Solomon Islands,SLB,2014,2670.6743
Solomon Islands,SLB,2015,2700.8088
Solomon Islands,SLB,2016,2694.864
Solomon Islands,SLB,2017,2646.6675
Solomon Islands,SLB,2018,2804.353
Solomon Islands,SLB,2019,2758.712
Solomon Islands,SLB,2020,2539.755
Solomon Islands,SLB,2021,2478.0933
Solomon Islands,SLB,2022,2474.9392
Solomon Islands,SLB,2023,2486.709
Solomon Islands,SLB,2024,2554.2417
Somalia,SOM,2013,1158.2686
Somalia,SOM,2014,1238.7002
Somalia,SOM,2015,1308.0645
Somalia,SOM,2016,1360.373
Somalia,SOM,2017,1515.4108
Somalia,SOM,2018,1488.2773
Somalia,SOM,2019,1476.9299
Somalia,SOM,2020,1379.3885
Somalia,SOM,2021,1386.5918
Somalia,SOM,2022,1378.2115
Somalia,SOM,2023,1424.6477
Somalia,SOM,2024,1451.7437
South Africa,ZAF,1990,9428.9
South Africa,ZAF,1991,9142.953
South Africa,ZAF,1992,8779.529
South Africa,ZAF,1993,8732.218
South Africa,ZAF,1994,8883.694
South Africa,ZAF,1995,8962.12
South Africa,ZAF,1996,9309.837
South Africa,ZAF,1997,9412.665
South Africa,ZAF,1998,9308.709
South Africa,ZAF,1999,9333.134
South Africa,ZAF,2000,9578.624
South Africa,ZAF,2001,9736.218
South Africa,ZAF,2002,10117.04
South Africa,ZAF,2003,10338.237
South Africa,ZAF,2004,10825.101
South Africa,ZAF,2005,11318.81
South Africa,ZAF,2006,11965.58
South Africa,ZAF,2007,12406.023
South Africa,ZAF,2008,12764.595
South Africa,ZAF,2009,12728.7295
South Africa,ZAF,2010,13157.932
South Africa,ZAF,2011,13595.641
South Africa,ZAF,2012,13524.206
South Africa,ZAF,2013,13580.702
South Africa,ZAF,2014,13467.191
South Africa,ZAF,2015,13458.618
South Africa,ZAF,2016,13444.995
South Africa,ZAF,2017,13631.785
South Africa,ZAF,2018,13547.417
South Africa,ZAF,2019,13540.981
South Africa,ZAF,2020,12840.627
South Africa,ZAF,2021,13420.582
South Africa,ZAF,2022,13278.757
South Africa,ZAF,2023,13106.897
South Africa,ZAF,2024,12917.879
South Asia (WB),WB_SA,1990,2136.1165
South Asia (WB),WB_SA,1991,2113.1875
South Asia (WB),WB_SA,1992,2184.2026
South Asia (WB),WB_SA,1993,2245.7585
South Asia (WB),WB_SA,1994,2345.2659
South Asia (WB),WB_SA,1995,2471.8877
South Asia (WB),WB_SA,1996,2606.5571
South Asia (WB),WB_SA,1997,2667.9517
South Asia (WB),WB_SA,1998,2780.1458
South Asia (WB),WB_SA,1999,2962.9304
South Asia (WB),WB_SA,2000,3011.0427
South Asia (WB),WB_SA,2001,3099.538
South Asia (WB),WB_SA,2002,3164.0532
South Asia (WB),WB_SA,2003,3354.1409
South Asia (WB),WB_SA,2004,3554.0212
South Asia (WB),WB_SA,2005,3769.7427
South Asia (WB),WB_SA,2006,4005.6904
South Asia (WB),WB_SA,2007,4262.6885
South Asia (WB),WB_SA,2008,4328.081
South Asia (WB),WB_SA,2009,4608.889
South Asia (WB),WB_SA,2010,4907.7534
South Asia (WB),WB_SA,2011,5107.5815
South Asia (WB),WB_SA,2012,5299.623
South Asia (WB),WB_SA,2013,5563.6636
South Asia (WB),WB_SA,2014,5908.4087
South Asia (WB),WB_SA,2015,6305.5435
South Asia (WB),WB_SA,2016,6817.5117
South Asia (WB),WB_SA,2017,7196.971
South Asia (WB),WB_SA,2018,7583.151
South Asia (WB),WB_SA,2019,7825.243
South Asia (WB),WB_SA,2020,7341.5493
South Asia (WB),WB_SA,2021,7968.6475
South Asia (WB),WB_SA,2022,8449.532
South Asia (WB),WB_SA,2023,9090.328
South Asia (WB),WB_SA,2024,9572.158
South Korea,KOR,1990,16431.492
South Korea,KOR,1991,18063.604
South Korea,KOR,1992,18997.93
South Korea,KOR,1993,20186.3
South Korea,KOR,1994,21870.94
South Korea,KOR,1995,23585.33
South Korea,KOR,1996,24945.482
South Korea,KOR,1997,25776.205
South Korea,KOR,1998,23672.61
South Korea,KOR,1999,26059.066
South Korea,KOR,2000,27610.338
South Korea,KOR,2001,28457.43
South Korea,KOR,2002,30773.281
South Korea,KOR,2003,31428.117
South Korea,KOR,2004,32618.016
South Korea,KOR,2005,33425.574
South Korea,KOR,2006,34563.984
South Korea,KOR,2007,36302.453
South Korea,KOR,2008,36170.63
South Korea,KOR,2009,36921.234
South Korea,KOR,2010,39484.684
South Korea,KOR,2011,39845.133
South Korea,KOR,2012,40844.53
South Korea,KOR,2013,42251.457
South Korea,KOR,2014,43443.938
South Korea,KOR,2015,46041.434
South Korea,KOR,2016,47974.703
South Korea,KOR,2017,49385.992
South Korea,KOR,2018,50131.78
South Korea,KOR,2019,50278.566
South Korea,KOR,2020,50283.27
South Korea,KOR,2021,52263.24
South Korea,KOR,2022,52087.91
South Korea,KOR,2023,53103.33
South Korea,KOR,2024,55151.453
Spain,ESP,1990,30601.217
Spain,ESP,1991,31525.21
Spain,ESP,1992,31765.703
Spain,ESP,1993,31318.936
Spain,ESP,1994,31411.725
Spain,ESP,1995,32653.41
Spain,ESP,1996,33301.574
Spain,ESP,1997,34444.676
Spain,ESP,1998,36038.36
Spain,ESP,1999,37604.52
Spain,ESP,2000,39021.293
Spain,ESP,2001,40231.863
Spain,ESP,2002,41231.203
Spain,ESP,2003,42011.2
Spain,ESP,2004,42522.277
Spain,ESP,2005,43207.047
Spain,ESP,2006,44047.32
Spain,ESP,2007,44632.91
Spain,ESP,2008,43907.395
Spain,ESP,2009,42735.227
Spain,ESP,2010,42457.426
Spain,ESP,2011,41496.336
Spain,ESP,2012,40556.258
Spain,ESP,2013,40325.4
Spain,ESP,2014,41072.918
Spain,ESP,2015,42975.44
Spain,ESP,2016,44331.945
Spain,ESP,2017,45354.574
Spain,ESP,2018,46178.99
Spain,ESP,2019,46746.7
Spain,ESP,2020,41708.83
Spain,ESP,2021,44547.09
Spain,ESP,2022,45931.324
Spain,ESP,2023,47148.19
Spain,ESP,2024,48453.566
Sri Lanka,LKA,1990,4170.9746
Sri Lanka,LKA,1991,4228.076
Sri Lanka,LKA,1992,4425.8726
Sri Lanka,LKA,1993,4656.7915
Sri Lanka,LKA,1994,4709.3447
Sri Lanka,LKA,1995,4920.954
Sri Lanka,LKA,1996,5060.0786
Sri Lanka,LKA,1997,5378.0005
Sri Lanka,LKA,1998,5692.483
Sri Lanka,LKA,1999,5754.5337
Sri Lanka,LKA,2000,5783.2773
Sri Lanka,LKA,2001,5774.9272
Sri Lanka,LKA,2002,6019.777
Sri Lanka,LKA,2003,6522.305
Sri Lanka,LKA,2004,6676.699
Sri Lanka,LKA,2005,6956.1396
Sri Lanka,LKA,2006,7341.258
Sri Lanka,LKA,2007,7788.62
Sri Lanka,LKA,2008,7926.6
Sri Lanka,LKA,2009,8852.843
Sri Lanka,LKA,2015,13171.77
Sri Lanka,LKA,2016,13772.14
Sri Lanka,LKA,2017,14498.532
Sri Lanka,LKA,2018,14594.269
Sri Lanka,LKA,2019,14414.373
Sri Lanka,LKA,2020,13782.202
Sri Lanka,LKA,2021,13994.623
Sri Lanka,LKA,2022,12617.569
Sri Lanka,LKA,2023,12406.95
Sri Lanka,LKA,2024,13379.3
Sudan,SDN,2018,3354.703
Sudan,SDN,2019,3154.0518
Sudan,SDN,2020,3213.447
Sudan,SDN,2021,3121.3665
Sudan,SDN,2022,3083.86
Sudan,SDN,2023,2226.3193
Sudan,SDN,2024,1815.2853
Suriname,SUR,2021,16194.109
Sweden,SWE,1990,41646.21
Sweden,SWE,1991,40705.86
Sweden,SWE,1992,39435.555
Sweden,SWE,1993,37680.582
Sweden,SWE,1994,39652.453
Sweden,SWE,1995,41654.746
Sweden,SWE,1996,42006.086
Sweden,SWE,1997,43169.17
Sweden,SWE,1998,45113.234
Sweden,SWE,1999,47400.59
Sweden,SWE,2000,49312.984
Sweden,SWE,2001,49617.11
Sweden,SWE,2002,50200.902
Sweden,SWE,2003,51467.254
Sweden,SWE,2004,52560.125
Sweden,SWE,2005,53917.45
Sweden,SWE,2006,56866.582
Sweden,SWE,2007,58947.668
Sweden,SWE,2008,58201.582
Sweden,SWE,2009,54894.867
Sweden,SWE,2010,57775.758
Sweden,SWE,2011,58509.184
Sweden,SWE,2012,57767.695
Sweden,SWE,2013,57860.043
Sweden,SWE,2014,58597.184
Sweden,SWE,2015,59957.207
Sweden,SWE,2016,60297.895
Sweden,SWE,2017,61154.95
Sweden,SWE,2018,61496.86
Sweden,SWE,2019,63226.29
Sweden,SWE,2020,61956.527
Sweden,SWE,2021,65081.96
Sweden,SWE,2022,65059.664
Sweden,SWE,2023,64451.08
Sweden,SWE,2024,64920.64
Switzerland,CHE,1995,65422.11
Switzerland,CHE,1996,65434.133
Switzerland,CHE,1997,67279.45
Switzerland,CHE,1998,69646.414
Switzerland,CHE,1999,71111.48
Switzerland,CHE,2000,73635.31
Switzerland,CHE,2001,72548.85
Switzerland,CHE,2002,71793.3
Switzerland,CHE,2003,74405.38
Switzerland,CHE,2004,75306.125
Switzerland,CHE,2005,77954.18
Switzerland,CHE,2006,79702.414
Switzerland,CHE,2007,76710.24
Switzerland,CHE,2008,72193.195
Switzerland,CHE,2009,76193.64
Switzerland,CHE,2010,81164.266
Switzerland,CHE,2011,78286.26
Switzerland,CHE,2012,79374.22
Switzerland,CHE,2013,79053.77
Switzerland,CHE,2014,78331.3
Switzerland,CHE,2015,79881.9
Switzerland,CHE,2016,78305.98
Switzerland,CHE,2017,77292.43
Switzerland,CHE,2018,77089.63
Switzerland,CHE,2019,77531.45
Switzerland,CHE,2020,73848.83
Switzerland,CHE,2021,78091.81
Switzerland,CHE,2022,81469.28
Switzerland,CHE,2023,79625.11
Syria,SYR,2021,4425.9927
Tajikistan,TJK,1993,5873.5703
Tajikistan,TJK,1994,3004.808
Tajikistan,TJK,1995,3744.0552
Tajikistan,TJK,1996,2575.8308
Tajikistan,TJK,1997,2078.501
Tajikistan,TJK,1998,2711.4307
Tajikistan,TJK,1999,3051.4077
Tajikistan,TJK,2000,3405.7993
Tajikistan,TJK,2001,3391.6663
Tajikistan,TJK,2002,3727.1482
Tajikistan,TJK,2003,4013.7903
Tajikistan,TJK,2004,4526.9307
Tajikistan,TJK,2005,5719.535
Tajikistan,TJK,2006,5515.2256
Tajikistan,TJK,2007,5260.069
Tajikistan,TJK,2008,5968.7954
Tajikistan,TJK,2009,5923.714
Tajikistan,TJK,2010,5445.8315
Tajikistan,TJK,2011,5815.3184
Tajikistan,TJK,2012,6091.2227
Tajikistan,TJK,2013,7118.1733
Tajikistan,TJK,2014,7611.8076
Tajikistan,TJK,2015,7875.902
Tajikistan,TJK,2016,7095.7114
Tajikistan,TJK,2017,6990.7896
Tajikistan,TJK,2018,8012.4175
Tajikistan,TJK,2019,7736.1797
Tajikistan,TJK,2020,6928.362
Tajikistan,TJK,2021,4798.054
Tajikistan,TJK,2022,8310.556
Tajikistan,TJK,2023,7500.2095
Tanzania,TZA,1990,1435.648
Tanzania,TZA,1991,1459.4218
Tanzania,TZA,1992,1376.0836
Tanzania,TZA,1993,1315.0731
Tanzania,TZA,1994,1348.2877
Tanzania,TZA,1995,1379.0096
Tanzania,TZA,1996,1485.2471
Tanzania,TZA,1997,1557.4302
Tanzania,TZA,1998,1679.5029
Tanzania,TZA,1999,1722.8168
Tanzania,TZA,2000,1754.072
Tanzania,TZA,2001,1796.0061
Tanzania,TZA,2002,1936.2434
Tanzania,TZA,2003,1967.9203
Tanzania,TZA,2004,2038.2008
Tanzania,TZA,2005,2158.2542
Tanzania,TZA,2006,2298.4663
Tanzania,TZA,2007,2330.7031
Tanzania,TZA,2008,2338.0674
Tanzania,TZA,2009,2434.9458
Tanzania,TZA,2010,2512.621
Tanzania,TZA,2011,2612.9146
Tanzania,TZA,2012,2673.501
Tanzania,TZA,2013,2817.9314
Tanzania,TZA,2014,2931.078
Tanzania,TZA,2015,3006.6897
Tanzania,TZA,2016,3135.8699
Tanzania,TZA,2017,3191.813
Tanzania,TZA,2018,3389.1611
Tanzania,TZA,2019,3437.8008
Tanzania,TZA,2020,3384.376
Tanzania,TZA,2021,3434.1755
Tanzania,TZA,2022,3477.4607
Tanzania,TZA,2023,3538.4746
Tanzania,TZA,2024,3656.9705
Thailand,THA,2021,19539.574
Togo,TGO,1990,2483.0142
Togo,TGO,1991,2257.025
Togo,TGO,1992,2143.844
Togo,TGO,1993,1674.4523
Togo,TGO,1994,1817.0317
Togo,TGO,1995,1877.8093
Togo,TGO,1996,2178.622
Togo,TGO,1997,2417.831
Togo,TGO,1998,2325.9612
Togo,TGO,1999,2277.0896
Togo,TGO,2000,2171.1963
Togo,TGO,2001,2125.4297
Togo,TGO,2002,2178.365
Togo,TGO,2003,2261.468
Togo,TGO,2004,2155.353
Togo,TGO,2005,1959.7942
Togo,TGO,2006,1935.8257
Togo,TGO,2007,1871.2517
Togo,TGO,2008,1930.0072
Togo,TGO,2009,1986.9039
Togo,TGO,2010,2025.0491
Togo,TGO,2011,2195.2136
Togo,TGO,2012,2182.3386
Togo,TGO,2013,2254.4563
Togo,TGO,2014,2334.9817
Togo,TGO,2015,2458.8303
Togo,TGO,2016,2426.1943
Togo,TGO,2017,2450.8535
Togo,TGO,2018,2508.3123
Togo,TGO,2019,2573.2666
Togo,TGO,2020,2582.5864
Togo,TGO,2021,2644.5708
Togo,TGO,2022,2757.5994
Tonga,TON,1994,5343.7188
Tonga,TON,1995,5338.088
Tonga,TON,1996,5246.9873
Tonga,TON,1997,5397.2637
Tonga,TON,1998,5446.0737
Tonga,TON,1999,5718.273
Tonga,TON,2000,5717.4966
Tonga,TON,2001,5491.0723
Tonga,TON,2002,5740.969
Tonga,TON,2003,5907.8423
Tonga,TON,2004,5601.539
Tonga,TON,2005,5344.1367
Tonga,TON,2006,5491.3955
Tonga,TON,2007,4929.4146
Tonga,TON,2008,5697.364
Tonga,TON,2009,5027.2725
Tonga,TON,2010,5206.586
Tonga,TON,2011,5651.0645
Tonga,TON,2012,5702.3267
Tonga,TON,2013,5723.872
Tonga,TON,2014,5588.2905
Tonga,TON,2015,5825.049
Tonga,TON,2016,6875.5947
Tonga,TON,2017,7126.297
Tonga,TON,2018,7038.0903
Tonga,TON,2019,7315.1777
Tonga,TON,2020,7321.178
Tonga,TON,2021,7277.863
Tonga,TON,2022,7009.5225
Tonga,TON,2023,7252.727
Trinidad and Tobago,TTO,2021,29989.207
Tunisia,TUN,1990,6944.5654
Tunisia,TUN,1991,6957.6045
Tunisia,TUN,1992,7317.3735
Tunisia,TUN,1993,7202.9546
Tunisia,TUN,1994,7329.7715
Tunisia,TUN,1995,7453.2188
Tunisia,TUN,1996,7862.6577
Tunisia,TUN,1997,8171.269
Tunisia,TUN,1998,8456.96
Tunisia,TUN,1999,8838.444
Tunisia,TUN,2000,9080.854
Tunisia,TUN,2001,9353.368
Tunisia,TUN,2002,9389.687
Tunisia,TUN,2003,9782.366
Tunisia,TUN,2004,10240.598
Tunisia,TUN,2005,10393.264
Tunisia,TUN,2006,10902.489
Tunisia,TUN,2007,11392.295
Tunisia,TUN,2008,11752.796
Tunisia,TUN,2009,11957.551
Tunisia,TUN,2010,12756.519
Tunisia,TUN,2011,12197.731
Tunisia,TUN,2012,12449.161
Tunisia,TUN,2013,12239.152
Tunisia,TUN,2014,12560.816
Tunisia,TUN,2015,12686.52
Tunisia,TUN,2016,12804.172
Tunisia,TUN,2017,12671.408
Tunisia,TUN,2018,12620.156
Tunisia,TUN,2019,12716.702
Tunisia,TUN,2020,11745.415
Tunisia,TUN,2021,12119.134
Tunisia,TUN,2022,11959.204
Tunisia,TUN,2023,11164.002
Tunisia,TUN,2024,11725.63
Turkey,TUR,2021,31697.014
Turkmenistan,TKM,2021,16332.578
Turks and Caicos Islands,TCA,2021,25161.865
Tuvalu,TUV,2021,7218.5776
Uganda,UGA,1990,1088.7836
Uganda,UGA,1991,1079.3417
Uganda,UGA,1992,1041.7555
Uganda,UGA,1993,1103.2201
Uganda,UGA,1994,1173.6782
Uganda,UGA,1995,1350.573
Uganda,UGA,1996,1401.39
Uganda,UGA,1997,1463.284
Uganda,UGA,1998,1468.2722
Uganda,UGA,1999,1506.1604
Uganda,UGA,2000,1520.1765
Uganda,UGA,2001,1502.7513
Uganda,UGA,2002,1571.6122
Uganda,UGA,2003,1610.2898
Uganda,UGA,2004,1678.0475
Uganda,UGA,2005,1723.1272
Uganda,UGA,2006,1851.3667
Uganda,UGA,2007,1975.614
Uganda,UGA,2008,2078.0293
Uganda,UGA,2009,2218.377
Uganda,UGA,2010,2263.0093
Uganda,UGA,2011,2368.7417
Uganda,UGA,2012,2387.6646
Uganda,UGA,2013,2434.437
Uganda,UGA,2014,2520.891
Uganda,UGA,2015,2512.4097
Uganda,UGA,2016,2614.962
Uganda,UGA,2017,2563.1387
Uganda,UGA,2018,2535.5503
Uganda,UGA,2019,2661.4133
Uganda,UGA,2020,2642.8672
Uganda,UGA,2021,2626.2024
Uganda,UGA,2022,2681.5745
Uganda,UGA,2023,2713.6177
Uganda,UGA,2024,2710.9675
Ukraine,UKR,1991,15063.195
Ukraine,UKR,1992,14130.5625
Ukraine,UKR,1993,10416.906
Ukraine,UKR,1994,8014.0967
Ukraine,UKR,1995,6606.0073
Ukraine,UKR,1996,5436.5527
Ukraine,UKR,1997,5379.7344
Ukraine,UKR,1998,5277.0386
Ukraine,UKR,1999,5111.9785
Ukraine,UKR,2000,4796.2803
Ukraine,UKR,2001,5617.049
Ukraine,UKR,2002,5889.5645
Ukraine,UKR,2003,6660.408
Ukraine,UKR,2004,7217.1143
Ukraine,UKR,2005,9008
Ukraine,UKR,2006,10673.829
Ukraine,UKR,2007,12969.298
Ukraine,UKR,2008,14065.467
Ukraine,UKR,2009,10595.275
Ukraine,UKR,2010,11735.3955
Ukraine,UKR,2011,12983.451
Ukraine,UKR,2012,14170.252
Ukraine,UKR,2013,14405.273
Ukraine,UKR,2014,13619.931
Ukraine,UKR,2015,12836.316
Ukraine,UKR,2016,12987.184
Ukraine,UKR,2017,13934.855
Ukraine,UKR,2018,14558.274
Ukraine,UKR,2019,15209.904
Ukraine,UKR,2020,15741.771
Ukraine,UKR,2021,17328.275
Ukraine,UKR,2022,14556.224
Ukraine,UKR,2023,16516.205
Ukraine,UKR,2024,16951.98
United Arab Emirates,ARE,2001,96813.766
United Arab Emirates,ARE,2002,90382.17
United Arab Emirates,ARE,2003,91789.73
United Arab Emirates,ARE,2004,96615.72
United Arab Emirates,ARE,2005,103611.81
United Arab Emirates,ARE,2006,112783.31
United Arab Emirates,ARE,2007,107303.1
United Arab Emirates,ARE,2008,104274.875
United Arab Emirates,ARE,2009,81442.02
United Arab Emirates,ARE,2010,75574
United Arab Emirates,ARE,2011,86006.31
United Arab Emirates,ARE,2012,87539.47
United Arab Emirates,ARE,2013,87939.76
United Arab Emirates,ARE,2014,87083.18
United Arab Emirates,ARE,2015,76232.22
United Arab Emirates,ARE,2016,74467.41
United Arab Emirates,ARE,2017,74458.625
United Arab Emirates,ARE,2018,76713.55
United Arab Emirates,ARE,2019,76289.88
United Arab Emirates,ARE,2020,61227.664
United Arab Emirates,ARE,2021,68460.8
United Arab Emirates,ARE,2022,81656.42
United Arab Emirates,ARE,2023,84671.33
United Kingdom,GBR,1999,39865.2
United Kingdom,GBR,2000,41659.086
United Kingdom,GBR,2001,42801.26
United Kingdom,GBR,2002,43755.223
United Kingdom,GBR,2003,45044.65
United Kingdom,GBR,2004,45879.72
United Kingdom,GBR,2005,47051.96
United Kingdom,GBR,2006,47056.492
United Kingdom,GBR,2007,47810.92
United Kingdom,GBR,2008,46866.234
United Kingdom,GBR,2009,44853.664
United Kingdom,GBR,2010,46098.246
United Kingdom,GBR,2011,46134.18
United Kingdom,GBR,2012,46048.812
United Kingdom,GBR,2013,46364.082
United Kingdom,GBR,2014,47776.094
United Kingdom,GBR,2015,48633.066
United Kingdom,GBR,2016,49172.05
United Kingdom,GBR,2017,50793.89
United Kingdom,GBR,2018,51153.613
United Kingdom,GBR,2019,52385.594
United Kingdom,GBR,2020,46437.742
United Kingdom,GBR,2021,51309.082
United Kingdom,GBR,2022,52698.15
United Kingdom,GBR,2023,51329.07
United Kingdom,GBR,2024,52324.65
United States,USA,1990,43036.875
United States,USA,1991,42519.883
United States,USA,1992,43261.598
United States,USA,1993,43689.9
United States,USA,1994,45011.36
United States,USA,1995,45996.383
United States,USA,1996,47470.285
United States,USA,1997,49350.29
United States,USA,1998,51526.434
United States,USA,1999,53215.7
United States,USA,2000,54978.82
United States,USA,2001,55292.367
United States,USA,2002,55557.82
United States,USA,2003,56281.746
United States,USA,2004,57877.496
United States,USA,2005,59224.797
United States,USA,2006,60729.074
United States,USA,2007,60581.457
United States,USA,2008,58990.2
United States,USA,2009,57602.723
United States,USA,2010,59196.043
United States,USA,2011,59904.418
United States,USA,2012,61277.086
United States,USA,2013,61771.887
United States,USA,2014,63307.473
United States,USA,2015,64823.934
United States,USA,2016,65183.324
United States,USA,2017,66477.14
United States,USA,2018,68062.016
United States,USA,2019,69579.65
United States,USA,2020,67458.33
United States,USA,2021,71767.06
United States,USA,2022,73500.516
United States,USA,2023,74136.37
Uruguay,URY,1990,13041.258
Uruguay,URY,1991,13473.473
Uruguay,URY,1992,14505.152
Uruguay,URY,1993,14801.993
Uruguay,URY,1994,15788.124
Uruguay,URY,1995,15568.131
Uruguay,URY,1996,16387.178
Uruguay,URY,1997,17362.85
Uruguay,URY,1998,18235.566
Uruguay,URY,1999,17875.76
Uruguay,URY,2000,17187.283
Uruguay,URY,2001,16578.424
Uruguay,URY,2002,15547.311
Uruguay,URY,2003,14809.867
Uruguay,URY,2004,15301.734
Uruguay,URY,2005,16231.597
Uruguay,URY,2006,16747.484
Uruguay,URY,2007,17949.375
Uruguay,URY,2008,18949.826
Uruguay,URY,2009,20111.87
Uruguay,URY,2010,21878.57
Uruguay,URY,2011,23041.746
Uruguay,URY,2012,22726.459
Uruguay,URY,2013,24522.158
Uruguay,URY,2014,25017.896
Uruguay,URY,2015,25506.562
Uruguay,URY,2016,26932.895
Uruguay,URY,2017,27196.508
Uruguay,URY,2018,27151.145
Uruguay,URY,2019,27612.023
Uruguay,URY,2020,25372.441
Uruguay,URY,2021,26476.344
Uruguay,URY,2022,27494.3
Uruguay,URY,2023,28167.316
Uruguay,URY,2024,28939.084
Uzbekistan,UZB,2021,9290.374
Vanuatu,VUT,2002,2583.331
Vanuatu,VUT,2003,2560.7422
Vanuatu,VUT,2004,2626.158
Vanuatu,VUT,2005,2551.954
Vanuatu,VUT,2006,2820.0332
Vanuatu,VUT,2007,3307.3047
Vanuatu,VUT,2008,3212.5112
Vanuatu,VUT,2009,3100.986
Vanuatu,VUT,2010,3095.9663
Vanuatu,VUT,2011,3006.065
Vanuatu,VUT,2012,3012.1653
Vanuatu,VUT,2013,3140.5422
Vanuatu,VUT,2014,3217.682
Vanuatu,VUT,2015,3080.2
Vanuatu,VUT,2016,3141.588
Vanuatu,VUT,2017,3254.94
Vanuatu,VUT,2018,3686.5159
Vanuatu,VUT,2019,4061.8477
Vanuatu,VUT,2020,3567.4187
Vanuatu,VUT,2021,3587.872
Vanuatu,VUT,2022,3423.456
Vietnam,VNM,1995,3039.322
Vietnam,VNM,1996,3196.668
Vietnam,VNM,1997,3430.9712
Vietnam,VNM,1998,3585.1936
Vietnam,VNM,1999,3791.3862
Vietnam,VNM,2000,3947.2773
Vietnam,VNM,2001,4205.6196
Vietnam,VNM,2002,4271.115
Vietnam,VNM,2003,4416.453
Vietnam,VNM,2004,4505.661
Vietnam,VNM,2005,5210.8047
Vietnam,VNM,2006,5523.063
Vietnam,VNM,2007,5599.0713
Vietnam,VNM,2008,5857.155
Vietnam,VNM,2009,6140.038
Vietnam,VNM,2010,6740.8833
Vietnam,VNM,2011,7076.8496
Vietnam,VNM,2012,7721.886
Vietnam,VNM,2013,8059.227
Vietnam,VNM,2014,8588.05
Vietnam,VNM,2015,8836.796
Vietnam,VNM,2016,9477.091
Vietnam,VNM,2017,10040.574
Vietnam,VNM,2018,10732.117
Vietnam,VNM,2019,11446.366
Vietnam,VNM,2020,11666.915
Vietnam,VNM,2021,11432.47
Vietnam,VNM,2022,12370.466
Vietnam,VNM,2023,13215.929
Vietnam,VNM,2024,14164.569
World,OWID_WRL,1990,11751.083
World,OWID_WRL,1991,11781.074
World,OWID_WRL,1992,11901.622
World,OWID_WRL,1993,11963.032
World,OWID_WRL,1994,12194.877
World,OWID_WRL,1995,12450.847
World,OWID_WRL,1996,12709.708
World,OWID_WRL,1997,12991.953
World,OWID_WRL,1998,13195.393
World,OWID_WRL,1999,13470.458
World,OWID_WRL,2000,13826.59
World,OWID_WRL,2001,13894.999
World,OWID_WRL,2002,14000.597
World,OWID_WRL,2003,14215.692
World,OWID_WRL,2004,14641.676
World,OWID_WRL,2005,15050.829
World,OWID_WRL,2006,15549.032
World,OWID_WRL,2007,15921.294
World,OWID_WRL,2008,15896.551
World,OWID_WRL,2009,15356.102
World,OWID_WRL,2010,15887.142
World,OWID_WRL,2011,16228.978
World,OWID_WRL,2012,16365.199
World,OWID_WRL,2013,16513.598
World,OWID_WRL,2014,16731.646
World,OWID_WRL,2015,16833.668
World,OWID_WRL,2016,17145.66
World,OWID_WRL,2017,17558.463
World,OWID_WRL,2018,17897.13
World,OWID_WRL,2019,18097.52
World,OWID_WRL,2020,17154.314
World,OWID_WRL,2021,18209.312
World,OWID_WRL,2022,18721.572
World,OWID_WRL,2023,19054.963
Zambia,ZMB,2021,3198.357
Zimbabwe,ZWE,2009,3209.5063
Zimbabwe,ZWE,2010,3628.8625
Zimbabwe,ZWE,2011,3941.017
Zimbabwe,ZWE,2012,4558.488
Zimbabwe,ZWE,2013,4724.3438
Zimbabwe,ZWE,2014,4822.886
Zimbabwe,ZWE,2015,5236.2437
Zimbabwe,ZWE,2016,4953.128
Zimbabwe,ZWE,2017,5683.8687
Zimbabwe,ZWE,2018,5443.72
Zimbabwe,ZWE,2019,5079.4717
Zimbabwe,ZWE,2020,4500.572
Zimbabwe,ZWE,2021,4751.748
Zimbabwe,ZWE,2022,4899.2974
Zimbabwe,ZWE,2023,5309.411
Zimbabwe,ZWE,2024,5326.1997