year,rank,country,iso3,documents,citations,citations_per_document,h_index
1996,1,United States,USA,363333,16370754,45.06,3213
1996,2,United Kingdom,GBR,92589,3497104,37.77,2048
1996,3,Japan,JPN,91029,2149288,23.61,1364
1996,4,Germany,DEU,77597,2678046,34.51,1797
1996,5,France,FRA,56624,1903885,33.62,1604
1996,6,Canada,CAN,43838,1900541,43.35,1659
1996,7,Italy,ITA,40493,1179483,29.13,1416
1996,8,Russian Federation,RUS,32445,354166,10.92,806
1996,9,China,CHN,31045,331418,10.68,1455
1996,10,Australia,AUS,25788,930689,36.09,1475
1996,11,Spain,ESP,25138,676959,26.93,1303
1996,12,Netherlands,NLD,23393,1017372,43.49,1471
1996,13,India,IND,21543,365124,16.95,925
1996,14,Sweden,SWE,16935,736195,43.47,1232
1996,15,Switzerland,CHE,15878,730391,46.0,1369
1996,16,Poland,POL,12393,202587,16.35,792
1996,17,Belgium,BEL,11755,437087,37.18,1134
1996,18,Israel,ISR,11013,424226,38.52,962
1996,19,Taiwan,TWN,10947,232619,21.25,738
1996,20,South Korea,KOR,10504,213203,20.3,1004
1996,21,Brazil,BRA,9249,204230,22.08,844
1996,22,Denmark,DNK,8307,359936,43.33,1081
1996,23,Finland,FIN,8182,306607,37.47,897
1996,24,Austria,AUT,7833,395693,50.52,937
1996,25,Norway,NOR,6172,216121,35.02,896
1996,26,Turkey,TUR,5838,94300,16.15,647
1996,27,Ukraine,UKR,5829,42283,7.25,382
1996,28,Czech Republic,CZE,5474,90308,16.5,667
1996,29,Greece,GRC,5199,126227,24.28,725
1996,30,New Zealand,NZL,4977,199869,40.16,758
1996,31,Mexico,MEX,4944,109223,22.09,641
1996,32,South Africa,ZAF,4824,108349,22.46,702
1996,33,Hungary,HUN,4753,99577,20.95,630
1996,34,Hong Kong,HKG,4618,141218,30.58,863
1996,35,Argentina,ARG,4266,93618,21.95,611
1996,36,Singapore,SGP,3103,79208,25.53,873
1996,37,Egypt,EGY,2947,46130,15.65,452
1996,38,Ireland,IRL,2862,89464,31.26,753
1996,39,Portugal,PRT,2857,71085,24.88,739
1996,40,Slovakia,SVK,2644,38537,14.58,381
1996,41,Bulgaria,BGR,2369,35718,15.08,373
1996,42,Romania,ROU,2249,24701,10.98,454
1996,43,Saudi Arabia,SAU,2063,32996,15.99,618
1996,44,Croatia,HRV,1808,19768,10.93,413
1996,45,Chile,CHL,1792,48089,26.84,555
1996,46,Slovenia,SVN,1473,28108,19.08,439
1996,47,Belarus,BLR,1361,10355,7.61,243
1996,48,Thailand,THA,1274,33033,25.93,485
1996,49,Nigeria,NGA,1195,15206,12.72,340
1996,50,Malaysia,MYS,1092,23115,21.17,559
1996,51,Venezuela,VEN,1060,20783,19.61,293
1996,52,Pakistan,PAK,929,12183,13.11,481
1996,53,Serbia,SRB,879,8961,10.19,384
1996,54,Iran,IRN,854,15873,18.59,541
1996,55,Morocco,MAR,829,15627,18.85,286
1996,56,Cuba,CUB,799,11530,14.43,235
1996,57,Kenya,KEN,647,21619,33.41,371
1996,58,Kuwait,KWT,618,10846,17.55,240
1996,59,Indonesia,IDN,615,16969,27.59,349
1996,60,Estonia,EST,594,15893,26.76,412
1996,61,Lithuania,LTU,587,8595,14.64,319
1996,62,Colombia,COL,586,14796,25.25,436
1996,63,Bangladesh,BGD,540,10242,18.97,343
1996,64,Puerto Rico,PRI,470,19250,40.96,294
1996,65,Philippines,PHL,467,17897,38.32,351
1996,66,Tunisia,TUN,457,6186,13.54,292
1996,67,Jordan,JOR,451,7331,16.25,281
1996,68,United Arab Emirates,ARE,419,8533,20.37,371
1996,69,Armenia,ARM,403,4315,10.71,244
1996,70,Uzbekistan,UZB,398,1649,4.14,144
1996,71,Latvia,LVA,393,5314,13.52,243
1996,72,Algeria,DZA,373,6239,16.73,263
1996,73,Zimbabwe,ZWE,354,7149,20.19,195
1996,74,Iceland,ISL,323,18019,55.79,415
1996,75,Georgia,GEO,321,4616,14.38,268
1996,76,Viet Nam,VNM,298,6917,23.21,350
1996,77,Lebanon,LBN,273,6524,23.9,322
1996,78,Uruguay,URY,271,8712,32.15,256
1996,79,Costa Rica,CRI,270,6832,25.3,252
1996,80,Ethiopia,ETH,265,6458,24.37,257
1996,81,Kazakhstan,KAZ,258,2832,10.98,183
1996,82,Azerbaijan,AZE,252,1128,4.48,167
1996,83,Moldova,MDA,246,1696,6.89,153
1996,84,Tanzania,TZA,246,7546,30.67,245
1996,85,Senegal,SEN,237,4681,19.75,169
1996,86,Sri Lanka,LKA,226,3776,16.71,277
1996,87,Peru,PER,207,5002,24.16,340
1996,88,Ghana,GHA,198,4121,20.81,251
1996,89,Cameroon,CMR,182,3611,19.84,200
1996,90,Oman,OMN,179,3667,20.49,243
1996,91,Jamaica,JAM,178,4228,23.75,146
1996,92,Cyprus,CYP,162,6288,38.81,328
1996,93,Uganda,UGA,145,3830,26.41,253
1996,94,Papua New Guinea,PNG,136,2150,15.81,130
1996,95,Bahrain,BHR,128,955,7.46,145
1996,96,Macedonia,MKD,122,2995,24.55,184
1996,97,Botswana,BWA,115,2476,21.53,160
1996,98,Syrian Arab Republic,SYR,115,4145,36.04,156
1996,99,Côte d’Ivoire,,110,1761,16.01,147
1996,100,Panama,PAN,110,5870,53.36,280
1996,101,Trinidad and Tobago,TTO,109,1858,17.05,140
1996,102,Nepal,NPL,103,2149,20.86,224
1996,103,Sudan,SDN,102,1967,19.28,155
1996,104,Malawi,MWI,102,4731,46.38,195
1996,105,Ecuador,ECU,101,3344,33.11,243
1996,106,Iraq,IRQ,96,1052,10.96,231
1996,107,Zambia,ZMB,90,1262,14.02,171
1996,108,Luxembourg,LUX,88,1332,15.14,300
1996,109,Madagascar,MDG,78,1124,14.41,134
1996,110,Gambia,GMB,76,3041,40.01,166
1996,111,Qatar,QAT,71,742,10.45,340
1996,112,Albania,ALB,69,1062,15.39,117
1996,113,Bolivia,BOL,67,2003,29.9,179
1996,114,Burkina Faso,BFA,65,1691,26.02,150
1996,115,Guatemala,GTM,63,1256,19.94,133
1996,116,Guadeloupe,GLP,62,2008,32.39,90
1996,117,Benin,BEN,61,1071,17.56,134
1996,118,Libya,LBY,60,673,11.22,129
1996,119,New Caledonia,NCL,58,2693,46.43,131
1996,120,Malta,MLT,55,1626,29.56,201
1996,121,Tajikistan,TJK,55,121,2.2,79
1996,122,Mali,MLI,54,795,14.72,145
1996,123,Brunei Darussalam,BRN,53,1270,23.96,147
1996,124,Niger,NGA,46,1158,25.17,113
1996,125,Gabon,GAB,45,1400,31.11,136
1996,126,Congo,COG,45,1168,25.96,146
1996,127,Barbados,BRB,45,2252,50.04,116
1996,128,Bosnia and Herzegovina,BIH,44,534,12.14,158
1996,129,Namibia,NAM,43,1811,42.12,137
1996,130,French Polynesia,PYF,43,1753,40.77,115
1996,131,Mongolia,MNG,42,2152,51.24,146
1996,132,Dominican Republic,DOM,38,795,20.92,103
1996,133,Monaco,MCO,38,2132,56.11,154
1996,134,Kyrgyzstan,KGZ,38,820,21.58,122
1996,135,Nicaragua,NIC,36,1131,31.42,117
1996,136,Guam,GUM,36,1263,35.08,85
1996,137,Yemen,YEM,35,752,21.49,137
1996,138,Martinique,MTQ,31,486,15.68,68
1996,139,Fiji,FJI,31,471,15.19,138
1996,140,Paraguay,PRY,30,995,33.17,122
1996,141,Togo,TGO,30,298,9.93,79
1996,142,Rwanda,RWA,26,836,32.15,130
1996,143,Palestine,PSE,26,380,14.62,165
1996,144,Mozambique,MOZ,26,713,27.42,150
1996,145,Honduras,HND,25,494,19.76,95
1996,146,Democratic Republic Congo,COD,24,450,18.75,103
1996,147,Bermuda,BMU,24,1789,74.54,117
1996,148,Burundi,BDI,24,594,24.75,71
1996,149,Mauritius,MUS,23,544,23.65,146
1996,150,Sierra Leone,SLE,22,488,22.18,99
1996,151,French Guiana,GUF,20,752,37.6,111
1996,152,Eswatini,SWZ,19,171,9.0,96
1996,153,Lesotho,LSO,18,188,10.44,59
1996,154,El Salvador,SLV,18,282,15.67,90
1996,155,Liechtenstein,LIE,17,256,15.06,130
1996,156,Guinea,GIN,17,588,34.59,94
1996,157,Central African Republic,CAF,17,346,20.35,74
1996,158,Myanmar,MMR,16,403,25.19,109
1996,159,Reunion,REU,15,376,25.07,72
1996,160,Turkmenistan,TKM,14,330,23.57,41
1996,161,Solomon Islands,SLB,13,291,22.38,64
1996,162,Macao,MAC,13,74,5.69,249
1996,163,Greenland,GRL,11,708,64.36,109
1996,164,Maldives,MDV,11,170,15.45,51
1996,165,Guinea-Bissau,GNB,11,799,72.64,78
1996,166,Laos,LAO,11,193,17.55,130
1996,167,Cambodia,KHM,10,189,18.9,150
1996,168,Virgin Islands (U.S.),VIR,10,326,32.6,50
1996,169,Mauritania,MRT,10,125,12.5,62
1996,170,Belize,BLZ,9,265,29.44,69
1996,171,Guyana,GUY,9,227,25.22,71
1996,172,Faroe Islands,FRO,9,984,109.33,91
1996,173,Montenegro,MNE,9,131,14.56,105
1996,174,Grenada,GRD,8,103,12.88,85
1996,175,Netherlands Antilles,ANT,8,358,44.75,63
1996,176,Angola,AGO,7,48,6.86,67
1996,177,Haïti,HTI,6,533,88.83,88
1996,178,Djibouti,DJI,6,90,15.0,44
1996,179,San Marino,SMR,6,37,6.17,56
1996,180,Bahamas,BHS,5,247,49.4,76
1996,181,Saint Lucia,LCA,5,213,42.6,35
1996,182,Suriname,SUR,5,67,13.4,62
1996,183,Federated States of Micronesia,FSM,5,236,47.2,56
1996,184,Chad,TCD,5,140,28.0,62
1996,185,Seychelles,SYC,5,292,58.4,85
1996,186,Eritrea,ERI,5,139,27.8,64
1996,187,Bhutan,BTN,4,37,9.25,75
1996,188,American Samoa,ASM,4,177,44.25,37
1996,189,Vanuatu,VUT,4,186,46.5,56
1996,190,Cayman Islands,CYM,4,114,28.5,48
1996,191,Svalbard and Jan Mayen,SJM,4,82,20.5,19
1996,192,Samoa,WSM,4,12,3.0,51
1996,193,Sao Tome and Principe,STP,4,23,5.75,26
1996,194,Andorra,AND,3,2,0.67,47
1996,195,Palau,PLW,3,128,42.67,49
1996,196,Dominica,DMA,3,31,10.33,53
1996,197,Northern Mariana Islands,MNP,3,57,19.0,25
1996,198,Liberia,LBR,3,100,33.33,74
1996,199,Somalia,SOM,3,77,25.67,45
1996,200,Cook Islands,COK,3,140,46.67,33
1996,201,Saint Vincent and the Grenadines,VCT,2,13,6.5,30
1996,202,Afghanistan,AFG,2,4,2.0,81
1996,203,Marshall Islands,MHL,2,32,16.0,32
1996,204,Cape Verde,CPV,2,48,24.0,53
1996,205,Montserrat,MSR,2,31,15.5,41
1996,206,Saint Kitts and Nevis,KNA,2,101,50.5,60
1996,207,Equatorial Guinea,GNQ,2,19,9.5,40
1996,208,North Korea,PRK,1,3,3.0,60
1996,209,Antigua and Barbuda,ATG,1,1,1.0,35
1996,210,Curaçao,NLD,1,14,14.0,21
1996,211,Kiribati,KIR,1,30,30.0,24
1996,212,Falkland Islands (Malvinas),FLK,1,12,12.0,57
1996,213,Comoros,COM,1,3,3.0,31
1996,214,British Indian Ocean Territory,IOT,1,9,9.0,14
1996,215,South Georgia and the South Sandwich Islands,SGS,1,0,0.0,7
1997,1,United States,USA,363425,17070433,46.97,3213
1997,2,Japan,JPN,97614,2408716,24.68,1364
1997,3,United Kingdom,GBR,97563,3916573,40.14,2048
1997,4,Germany,DEU,85268,2905160,34.07,1797
1997,5,France,FRA,61143,2105008,34.43,1604
1997,6,Canada,CAN,44092,1935160,43.89,1659
1997,7,Italy,ITA,41935,1248040,29.76,1416
1997,8,China,CHN,36329,411956,11.34,1455
1997,9,Russian Federation,RUS,33388,402379,12.05,806
1997,10,Spain,ESP,27634,794849,28.76,1303
1997,11,Australia,AUS,26770,1005810,37.57,1475
1997,12,Netherlands,NLD,24234,1162041,47.95,1471
1997,13,India,IND,22555,381475,16.91,925
1997,14,Sweden,SWE,18385,813472,44.25,1232
1997,15,Switzerland,CHE,16876,989713,58.65,1369
1997,16,South Korea,KOR,13215,266846,20.19,1004
1997,17,Poland,POL,12687,206278,16.26,792
1997,18,Belgium,BEL,12389,471958,38.09,1134
1997,19,Taiwan,TWN,12021,262921,21.87,738
1997,20,Israel,ISR,11423,467592,40.93,962
1997,21,Brazil,BRA,11375,247520,21.76,844
1997,22,Denmark,DNK,9508,431499,45.38,1081
1997,23,Finland,FIN,8755,367429,41.97,897
1997,24,Austria,AUT,8482,292249,34.46,937
1997,25,Norway,NOR,6669,249726,37.45,896
1997,26,Ukraine,UKR,6348,46695,7.36,382
1997,27,Turkey,TUR,6262,113219,18.08,647
1997,28,Czech Republic,CZE,5891,100938,17.13,667
1997,29,Hong Kong,HKG,5759,162466,28.21,863
1997,30,Greece,GRC,5660,148200,26.18,725
1997,31,Mexico,MEX,5542,135938,24.53,641
1997,32,New Zealand,NZL,5369,207226,38.6,758
1997,33,Hungary,HUN,5304,112715,21.25,630
1997,34,South Africa,ZAF,5073,118837,23.43,702
1997,35,Argentina,ARG,4896,132902,27.15,611
1997,36,Singapore,SGP,3970,103415,26.05,873
1997,37,Portugal,PRT,3385,88196,26.05,739
1997,38,Ireland,IRL,3086,115226,37.34,753
1997,39,Egypt,EGY,2966,50652,17.08,452
1997,40,Romania,ROU,2669,32256,12.09,454
1997,41,Slovakia,SVK,2488,42805,17.2,381
1997,42,Bulgaria,BGR,2294,35145,15.32,373
1997,43,Saudi Arabia,SAU,2132,34851,16.35,618
1997,44,Chile,CHL,2013,53297,26.48,555
1997,45,Croatia,HRV,1735,22075,12.72,413
1997,46,Slovenia,SVN,1620,33581,20.73,439
1997,47,Belarus,BLR,1479,13614,9.2,243
1997,48,Thailand,THA,1466,40408,27.56,485
1997,49,Venezuela,VEN,1272,26054,20.48,293
1997,50,Malaysia,MYS,1226,22522,18.37,559
1997,51,Nigeria,NGA,1221,18476,15.13,340
1997,52,Iran,IRN,1084,19530,18.02,541
1997,53,Serbia,SRB,1072,8811,8.22,384
1997,54,Pakistan,PAK,1017,15084,14.83,481
1997,55,Cuba,CUB,947,8576,9.06,235
1997,56,Morocco,MAR,929,14878,16.02,286
1997,57,Kenya,KEN,692,32555,47.04,371
1997,58,Colombia,COL,678,18116,26.72,436
1997,59,Kuwait,KWT,638,12953,20.3,240
1997,60,Lithuania,LTU,631,8936,14.16,319
1997,61,Indonesia,IDN,629,16593,26.38,349
1997,62,Tunisia,TUN,622,13402,21.55,292
1997,63,Estonia,EST,614,17995,29.31,412
1997,64,Bangladesh,BGD,550,9565,17.39,343
1997,65,Jordan,JOR,530,9946,18.77,281
1997,66,Philippines,PHL,513,22998,44.83,351
1997,67,Latvia,LVA,511,6978,13.66,243
1997,68,Puerto Rico,PRI,496,16647,33.56,294
1997,69,Uzbekistan,UZB,462,2566,5.55,144
1997,70,United Arab Emirates,ARE,409,9309,22.76,371
1997,71,Algeria,DZA,404,5882,14.56,263
1997,72,Georgia,GEO,386,4901,12.7,268
1997,73,Zimbabwe,ZWE,383,8262,21.57,195
1997,74,Lebanon,LBN,358,11683,32.63,322
1997,75,Iceland,ISL,353,19688,55.77,415
1997,76,Armenia,ARM,344,5200,15.12,244
1997,77,Viet Nam,VNM,341,6513,19.1,350
1997,78,Uruguay,URY,336,10814,32.18,256
1997,79,Sri Lanka,LKA,289,5868,20.3,277
1997,80,Costa Rica,CRI,288,9311,32.33,252
1997,81,Tanzania,TZA,271,10657,39.32,245
1997,82,Ethiopia,ETH,260,6781,26.08,257
1997,83,Azerbaijan,AZE,248,1353,5.46,167
1997,84,Ghana,GHA,230,5367,23.33,251
1997,85,Peru,PER,226,6215,27.5,340
1997,86,Cameroon,CMR,223,5774,25.89,200
1997,87,Moldova,MDA,220,2057,9.35,153
1997,88,Cyprus,CYP,216,5747,26.61,328
1997,89,Senegal,SEN,214,5801,27.11,169
1997,90,Kazakhstan,KAZ,202,1637,8.1,183
1997,91,Côte d’Ivoire,,186,3774,20.29,147
1997,92,Oman,OMN,185,3562,19.25,243
1997,93,Macedonia,MKD,183,2753,15.04,184
1997,94,Uganda,UGA,170,5938,34.93,253
1997,95,Ecuador,ECU,164,4263,25.99,243
1997,96,Jamaica,JAM,143,4180,29.23,146
1997,97,Syrian Arab Republic,SYR,130,2895,22.27,156
1997,98,Nepal,NPL,125,3238,25.9,224
1997,99,Zambia,ZMB,125,3195,25.56,171
1997,100,Sudan,SDN,118,2174,18.42,155
1997,101,Papua New Guinea,PNG,116,3287,28.34,130
1997,102,Botswana,BWA,114,2642,23.18,160
1997,103,Trinidad and Tobago,TTO,109,1629,14.94,140
1997,104,Luxembourg,LUX,109,2551,23.4,300
1997,105,Iraq,IRQ,105,1334,12.7,231
1997,106,Malawi,MWI,104,2428,23.35,195
1997,107,Burkina Faso,BFA,96,2173,22.64,150
1997,108,Bolivia,BOL,95,2787,29.34,179
1997,109,Bahrain,BHR,88,1301,14.78,145
1997,110,Panama,PAN,86,5624,65.4,280
1997,111,Benin,BEN,85,1877,22.08,134
1997,112,Niger,NGA,78,2662,34.13,113
1997,113,Malta,MLT,75,2356,31.41,201
1997,114,Libya,LBY,74,1056,14.27,129
1997,115,Gambia,GMB,71,3746,52.76,166
1997,116,Madagascar,MDG,71,2476,34.87,134
1997,117,Qatar,QAT,67,829,12.37,340
1997,118,Guatemala,GTM,61,1442,23.64,133
1997,119,Bosnia and Herzegovina,BIH,56,704,12.57,158
1997,120,Gabon,GAB,56,2528,45.14,136
1997,121,Mali,MLI,56,2997,53.52,145
1997,122,New Caledonia,NCL,55,2876,52.29,131
1997,123,Namibia,NAM,54,1177,21.8,137
1997,124,Albania,ALB,53,562,10.6,117
1997,125,Brunei Darussalam,BRN,52,984,18.92,147
1997,126,Yemen,YEM,51,718,14.08,137
1997,127,Mongolia,MNG,50,1842,36.84,146
1997,128,Guadeloupe,GLP,49,1112,22.69,90
1997,129,Tajikistan,TJK,47,222,4.72,79
1997,130,Congo,COG,45,866,19.24,146
1997,131,Fiji,FJI,45,755,16.78,138
1997,132,French Polynesia,PYF,45,1864,41.42,115
1997,133,Barbados,BRB,44,1499,34.07,116
1997,134,Palestine,PSE,44,924,21.0,165
1997,135,Monaco,MCO,41,1137,27.73,154
1997,136,Nicaragua,NIC,40,998,24.95,117
1997,137,Martinique,MTQ,39,1149,29.46,68
1997,138,Mozambique,MOZ,39,783,20.08,150
1997,139,Togo,TGO,36,813,22.58,79
1997,140,Guam,GUM,35,1336,38.17,85
1997,141,Liechtenstein,LIE,32,915,28.59,130
1997,142,Paraguay,PRY,30,710,23.67,122
1997,143,Kyrgyzstan,KGZ,30,228,7.6,122
1997,144,Honduras,HND,30,1025,34.17,95
1997,145,Sierra Leone,SLE,30,631,21.03,99
1997,146,Burundi,BDI,30,625,20.83,71
1997,147,Mauritius,MUS,29,254,8.76,146
1997,148,Dominican Republic,DOM,27,545,20.19,103
1997,149,Central African Republic,CAF,26,774,29.77,74
1997,150,El Salvador,SLV,26,642,24.69,90
1997,151,Eswatini,SWZ,26,695,26.73,96
1997,152,Guyana,GUY,23,364,15.83,71
1997,153,Rwanda,RWA,23,515,22.39,130
1997,154,French Guiana,GUF,19,601,31.63,111
1997,155,Myanmar,MMR,17,475,27.94,109
1997,156,Solomon Islands,SLB,17,523,30.76,64
1997,157,Macao,MAC,15,885,59.0,249
1997,158,Cambodia,KHM,15,108,7.2,150
1997,159,Guinea-Bissau,GNB,14,603,43.07,78
1997,160,Netherlands Antilles,ANT,14,420,30.0,63
1997,161,Angola,AGO,13,179,13.77,67
1997,162,Lesotho,LSO,13,180,13.85,59
1997,163,Mauritania,MRT,12,318,26.5,62
1997,164,Bermuda,BMU,12,289,24.08,117
1997,165,Turkmenistan,TKM,12,95,7.92,41
1997,166,Democratic Republic Congo,COD,12,231,19.25,103
1997,167,Laos,LAO,11,346,31.45,130
1997,168,Greenland,GRL,11,411,37.36,109
1997,169,Belize,BLZ,10,325,32.5,69
1997,170,Djibouti,DJI,10,51,5.1,44
1997,171,Vanuatu,VUT,9,138,15.33,56
1997,172,Haïti,HTI,9,316,35.11,88
1997,173,Montenegro,MNE,9,192,21.33,105
1997,174,Samoa,WSM,9,195,21.67,51
1997,175,Chad,TCD,8,219,27.38,62
1997,176,Guinea,GIN,8,276,34.5,94
1997,177,Marshall Islands,MHL,7,325,46.43,32
1997,178,Virgin Islands (U.S.),VIR,7,158,22.57,50
1997,179,Bahamas,BHS,7,272,38.86,76
1997,180,American Samoa,ASM,7,153,21.86,37
1997,181,Grenada,GRD,6,55,9.17,85
1997,182,Faroe Islands,FRO,6,196,32.67,91
1997,183,Seychelles,SYC,6,73,12.17,85
1997,184,Suriname,SUR,6,325,54.17,62
1997,185,Equatorial Guinea,GNQ,6,60,10.0,40
1997,186,Bhutan,BTN,6,228,38.0,75
1997,187,Somalia,SOM,6,86,14.33,45
1997,188,Reunion,REU,5,274,54.8,72
1997,189,Tonga,TON,4,76,19.0,42
1997,190,Saint Lucia,LCA,4,156,39.0,35
1997,191,Eritrea,ERI,4,38,9.5,64
1997,192,Northern Mariana Islands,MNP,4,15,3.75,25
1997,193,Cayman Islands,CYM,4,113,28.25,48
1997,194,Falkland Islands (Malvinas),FLK,3,75,25.0,57
1997,195,Antigua and Barbuda,ATG,3,35,11.67,35
1997,196,Aruba,ABW,3,92,30.67,30
1997,197,Palau,PLW,3,121,40.33,49
1997,198,Virgin Islands (British),VGB,2,136,68.0,39
1997,199,Saint Vincent and the Grenadines,VCT,2,178,89.0,30
1997,200,Montserrat,MSR,2,168,84.0,41
1997,201,Saint Kitts and Nevis,KNA,2,46,23.0,60
1997,202,Dominica,DMA,2,25,12.5,53
1997,203,San Marino,SMR,2,16,8.0,56
1997,204,Comoros,COM,2,13,6.5,31
1997,205,Andorra,AND,2,20,10.0,47
1997,206,Liberia,LBR,1,26,26.0,74
1997,207,British Indian Ocean Territory,IOT,1,136,136.0,14
1997,208,Maldives,MDV,1,0,0.0,51
1997,209,Niue,NIU,1,0,0.0,12
1997,210,Federated States of Micronesia,FSM,1,5,5.0,56
1997,211,Saint Helena,SHN,1,6,6.0,19
1997,212,North Korea,PRK,1,8,8.0,60
1997,213,Nauru,NRU,1,0,0.0,13
1997,214,Cape Verde,CPV,1,3,3.0,53
1997,215,Kiribati,KIR,1,9,9.0,24
1997,216,Sao Tome and Principe,STP,1,0,0.0,26
1997,217,Cook Islands,COK,1,11,11.0,33
1997,218,Turks and Caicos Islands,TCA,1,25,25.0,29
1997,219,Afghanistan,AFG,1,0,0.0,81
1997,220,Cocos (Keeling) Islands,CCK,1,7,7.0,7
1998,1,United States,USA,361627,18313057,50.64,3213
1998,2,United Kingdom,GBR,99274,4219630,42.5,2048
1998,3,Japan,JPN,98343,2645700,26.9,1364
1998,4,Germany,DEU,86611,3134002,36.18,1797
1998,5,France,FRA,61787,2317611,37.51,1604
1998,6,Canada,CAN,43239,2058418,47.61,1659
1998,7,China,CHN,42807,483253,11.29,1455
1998,8,Italy,ITA,41534,1431589,34.47,1416
1998,9,Russian Federation,RUS,34732,422538,12.17,806
1998,10,Spain,ESP,28459,886285,31.14,1303
1998,11,Australia,AUS,28106,1186444,42.21,1475
1998,12,Netherlands,NLD,24703,1232200,49.88,1471
1998,13,India,IND,23138,434290,18.77,925
1998,14,Sweden,SWE,19160,881016,45.98,1232
1998,15,Switzerland,CHE,17251,919044,53.27,1369
1998,16,South Korea,KOR,14423,332329,23.04,1004
1998,17,Poland,POL,13216,245794,18.6,792
1998,18,Belgium,BEL,13210,523081,39.6,1134
1998,19,Brazil,BRA,12907,318598,24.68,844
1998,20,Taiwan,TWN,12532,285749,22.8,738
1998,21,Israel,ISR,11244,509831,45.34,962
1998,22,Denmark,DNK,9691,485919,50.14,1081
1998,23,Finland,FIN,9025,398944,44.2,897
1998,24,Austria,AUT,8472,325044,38.37,937
1998,25,Norway,NOR,6907,286701,41.51,896
1998,26,Turkey,TUR,6806,132679,19.49,647
1998,27,Ukraine,UKR,6708,50117,7.47,382
1998,28,Hong Kong,HKG,6388,213152,33.37,863
1998,29,Czech Republic,CZE,5990,114037,19.04,667
1998,30,Mexico,MEX,5980,152306,25.47,641
1998,31,Greece,GRC,5948,176766,29.72,725
1998,32,Hungary,HUN,5797,141429,24.4,630
1998,33,New Zealand,NZL,5659,229967,40.64,758
1998,34,South Africa,ZAF,5151,138751,26.94,702
1998,35,Argentina,ARG,4922,147227,29.91,611
1998,36,Singapore,SGP,4113,121925,29.64,873
1998,37,Portugal,PRT,3689,101582,27.54,739
1998,38,Ireland,IRL,3293,124369,37.77,753
1998,39,Egypt,EGY,3015,58538,19.42,452
1998,40,Romania,ROU,2810,37357,13.29,454
1998,41,Slovakia,SVK,2653,38905,14.66,381
1998,42,Bulgaria,BGR,2302,39948,17.35,373
1998,43,Saudi Arabia,SAU,2120,39849,18.8,618
1998,44,Chile,CHL,1952,77588,39.75,555
1998,45,Croatia,HRV,1900,32753,17.24,413
1998,46,Thailand,THA,1683,47436,28.19,485
1998,47,Slovenia,SVN,1588,36769,23.15,439
1998,48,Belarus,BLR,1491,14092,9.45,243
1998,49,Malaysia,MYS,1275,26044,20.43,559
1998,50,Venezuela,VEN,1244,30691,24.67,293
1998,51,Iran,IRN,1237,29035,23.47,541
1998,52,Pakistan,PAK,1189,17311,14.56,481
1998,53,Cuba,CUB,1184,23021,19.44,235
1998,54,Nigeria,NGA,1177,18668,15.86,340
1998,55,Morocco,MAR,1084,20839,19.22,286
1998,56,Serbia,SRB,930,12823,13.79,384
1998,57,Kuwait,KWT,708,13693,19.34,240
1998,58,Tunisia,TUN,695,15585,22.42,292
1998,59,Lithuania,LTU,694,11716,16.88,319
1998,60,Estonia,EST,675,21952,32.52,412
1998,61,Colombia,COL,652,17263,26.48,436
1998,62,Kenya,KEN,620,19737,31.83,371
1998,63,Indonesia,IDN,620,16824,27.14,349
1998,64,Jordan,JOR,599,11688,19.51,281
1998,65,Bangladesh,BGD,562,10188,18.13,343
1998,66,Philippines,PHL,519,21121,40.7,351
1998,67,Puerto Rico,PRI,504,18722,37.15,294
1998,68,Algeria,DZA,460,8791,19.11,263
1998,69,Latvia,LVA,447,9351,20.92,243
1998,70,United Arab Emirates,ARE,440,7651,17.39,371
1998,71,Iceland,ISL,398,20925,52.58,415
1998,72,Uzbekistan,UZB,397,3348,8.43,144
1998,73,Lebanon,LBN,372,8165,21.95,322
1998,74,Armenia,ARM,366,4789,13.08,244
1998,75,Georgia,GEO,366,4583,12.52,268
1998,76,Uruguay,URY,345,11382,32.99,256
1998,77,Zimbabwe,ZWE,332,13086,39.42,195
1998,78,Viet Nam,VNM,318,8502,26.74,350
1998,79,Sri Lanka,LKA,276,6236,22.59,277
1998,80,Costa Rica,CRI,265,7422,28.01,252
1998,81,Ethiopia,ETH,252,6716,26.65,257
1998,82,Kazakhstan,KAZ,248,2146,8.65,183
1998,83,Senegal,SEN,247,4649,18.82,169
1998,84,Tanzania,TZA,241,7147,29.66,245
1998,85,Cyprus,CYP,236,8736,37.02,328
1998,86,Moldova,MDA,228,2238,9.82,153
1998,87,Ghana,GHA,223,5467,24.52,251
1998,88,Cameroon,CMR,219,5876,26.83,200
1998,89,Oman,OMN,218,4112,18.86,243
1998,90,Azerbaijan,AZE,210,1620,7.71,167
1998,91,Peru,PER,202,7985,39.53,340
1998,92,Côte d’Ivoire,,188,4203,22.36,147
1998,93,Uganda,UGA,187,5679,30.37,253
1998,94,Nepal,NPL,158,3909,24.74,224
1998,95,Jamaica,JAM,154,3482,22.61,146
1998,96,Ecuador,ECU,154,4353,28.27,243
1998,97,Sudan,SDN,147,4145,28.2,155
1998,98,Trinidad and Tobago,TTO,137,4213,30.75,140
1998,99,Macedonia,MKD,135,1934,14.33,184
1998,100,Botswana,BWA,135,2417,17.9,160
1998,101,Syrian Arab Republic,SYR,130,3568,27.45,156
1998,102,Burkina Faso,BFA,126,2551,20.25,150
1998,103,Bahrain,BHR,121,1227,10.14,145
1998,104,Zambia,ZMB,114,3114,27.32,171
1998,105,Papua New Guinea,PNG,114,2375,20.83,130
1998,106,Luxembourg,LUX,108,2395,22.18,300
1998,107,Bolivia,BOL,103,3568,34.64,179
1998,108,Panama,PAN,93,11490,123.55,280
1998,109,Libya,LBY,86,1354,15.74,129
1998,110,Malawi,MWI,86,3519,40.92,195
1998,111,Iraq,IRQ,85,1062,12.49,231
1998,112,Benin,BEN,80,1602,20.03,134
1998,113,Mali,MLI,80,2012,25.15,145
1998,114,Namibia,NAM,80,2497,31.21,137
1998,115,Qatar,QAT,78,848,10.87,340
1998,116,Madagascar,MDG,75,2561,34.15,134
1998,117,Gambia,GMB,73,5093,69.77,166
1998,118,Malta,MLT,71,2002,28.2,201
1998,119,Niger,NGA,70,2987,42.67,113
1998,120,Congo,COG,68,2171,31.93,146
1998,121,Gabon,GAB,67,2271,33.9,136
1998,122,New Caledonia,NCL,67,3265,48.73,131
1998,123,Brunei Darussalam,BRN,66,1436,21.76,147
1998,124,Guatemala,GTM,64,1515,23.67,133
1998,125,Togo,TGO,59,671,11.37,79
1998,126,Monaco,MCO,56,2942,52.54,154
1998,127,Albania,ALB,52,1148,22.08,117
1998,128,Palestine,PSE,50,997,19.94,165
1998,129,Mongolia,MNG,50,1232,24.64,146
1998,130,Yemen,YEM,49,1315,26.84,137
1998,131,Fiji,FJI,48,1111,23.15,138
1998,132,Guadeloupe,GLP,47,960,20.43,90
1998,133,Bosnia and Herzegovina,BIH,47,654,13.91,158
1998,134,Barbados,BRB,46,865,18.8,116
1998,135,French Polynesia,PYF,45,1335,29.67,115
1998,136,Mauritius,MUS,43,780,18.14,146
1998,137,Kyrgyzstan,KGZ,41,216,5.27,122
1998,138,Mozambique,MOZ,40,1125,28.13,150
1998,139,Paraguay,PRY,40,826,20.65,122
1998,140,Macao,MAC,36,403,11.19,249
1998,141,Eswatini,SWZ,35,228,6.51,96
1998,142,Tajikistan,TJK,35,84,2.4,79
1998,143,Guam,GUM,34,1535,45.15,85
1998,144,Honduras,HND,31,967,31.19,95
1998,145,Nicaragua,NIC,31,1310,42.26,117
1998,146,Bermuda,BMU,29,3416,117.79,117
1998,147,Martinique,MTQ,27,475,17.59,68
1998,148,French Guiana,GUF,24,1008,42.0,111
1998,149,Dominican Republic,DOM,23,662,28.78,103
1998,150,Rwanda,RWA,23,644,28.0,130
1998,151,Central African Republic,CAF,21,401,19.1,74
1998,152,Myanmar,MMR,19,612,32.21,109
1998,153,Eritrea,ERI,18,512,28.44,64
1998,154,Sierra Leone,SLE,17,339,19.94,99
1998,155,Netherlands Antilles,ANT,15,589,39.27,63
1998,156,Cambodia,KHM,15,563,37.53,150
1998,157,Faroe Islands,FRO,15,940,62.67,91
1998,158,Guinea,GIN,14,650,46.43,94
1998,159,Haïti,HTI,14,954,68.14,88
1998,160,Democratic Republic Congo,COD,14,360,25.71,103
1998,161,Greenland,GRL,14,346,24.71,109
1998,162,Solomon Islands,SLB,13,271,20.85,64
1998,163,Laos,LAO,13,562,43.23,130
1998,164,Mauritania,MRT,12,125,10.42,62
1998,165,Liechtenstein,LIE,12,298,24.83,130
1998,166,Montenegro,MNE,10,141,14.1,105
1998,167,Turkmenistan,TKM,10,336,33.6,41
1998,168,Bahamas,BHS,10,591,59.1,76
1998,169,Angola,AGO,10,254,25.4,67
1998,170,Burundi,BDI,10,314,31.4,71
1998,171,Virgin Islands (U.S.),VIR,10,239,23.9,50
1998,172,Guyana,GUY,9,343,38.11,71
1998,173,Seychelles,SYC,9,763,84.78,85
1998,174,Samoa,WSM,9,25,2.78,51
1998,175,Federated States of Micronesia,FSM,9,128,14.22,56
1998,176,Falkland Islands (Malvinas),FLK,9,367,40.78,57
1998,177,Guinea-Bissau,GNB,9,300,33.33,78
1998,178,El Salvador,SLV,8,60,7.5,90
1998,179,Belize,BLZ,8,162,20.25,69
1998,180,Lesotho,LSO,7,136,19.43,59
1998,181,Reunion,REU,7,200,28.57,72
1998,182,San Marino,SMR,7,761,108.71,56
1998,183,Dominica,DMA,7,74,10.57,53
1998,184,Andorra,AND,6,59,9.83,47
1998,185,Grenada,GRD,6,80,13.33,85
1998,186,Montserrat,MSR,6,443,73.83,41
1998,187,Suriname,SUR,5,269,53.8,62
1998,188,American Samoa,ASM,5,132,26.4,37
1998,189,Djibouti,DJI,5,103,20.6,44
1998,190,Afghanistan,AFG,5,28,5.6,81
1998,191,Bhutan,BTN,5,51,10.2,75
1998,192,Maldives,MDV,4,62,15.5,51
1998,193,Vanuatu,VUT,4,135,33.75,56
1998,194,Saint Lucia,LCA,4,1458,364.5,35
1998,195,Somalia,SOM,4,10,2.5,45
1998,196,Tonga,TON,3,25,8.33,42
1998,197,Saint Kitts and Nevis,KNA,3,93,31.0,60
1998,198,Chad,TCD,3,114,38.0,62
1998,199,Cayman Islands,CYM,3,11,3.67,48
1998,200,Liberia,LBR,2,13,6.5,74
1998,201,Virgin Islands (British),VGB,2,3,1.5,39
1998,202,Gibraltar,GIB,2,0,0.0,48
1998,203,Northern Mariana Islands,MNP,2,24,12.0,25
1998,204,Saint Vincent and the Grenadines,VCT,2,30,15.0,30
1998,205,Palau,PLW,2,35,17.5,49
1998,206,Marshall Islands,MHL,1,5,5.0,32
1998,207,Cape Verde,CPV,1,13,13.0,53
1998,208,Equatorial Guinea,GNQ,1,16,16.0,40
1998,209,Cook Islands,COK,1,9,9.0,33
1998,210,French Southern Territories,ATF,1,94,94.0,5
1998,211,Nauru,NRU,1,35,35.0,13
1998,212,Sao Tome and Principe,STP,1,18,18.0,26
1998,213,Mayotte,MYT,1,22,22.0,20
1998,214,Christmas Island,CXR,1,42,42.0,4
1998,215,Antigua and Barbuda,ATG,1,10,10.0,35
1998,216,Bouvet Island,BVT,1,40,40.0,3
1999,1,United States,USA,359817,18793777,52.23,3213
1999,2,Japan,JPN,101751,2794123,27.46,1364
1999,3,United Kingdom,GBR,100094,4420274,44.16,2048
1999,4,Germany,DEU,86991,3357914,38.6,1797
1999,5,France,FRA,62868,2386094,37.95,1604
1999,6,China,CHN,43502,586054,13.47,1455
1999,7,Canada,CAN,43032,2093479,48.65,1659
1999,8,Italy,ITA,42424,1528106,36.02,1416
1999,9,Russian Federation,RUS,33393,442605,13.25,806
1999,10,Spain,ESP,29967,997146,33.27,1303
1999,11,Australia,AUS,29069,1218232,41.91,1475
1999,12,India,IND,24466,484382,19.8,925
1999,13,Netherlands,NLD,23971,1286354,53.66,1471
1999,14,Sweden,SWE,19233,926149,48.15,1232
1999,15,Switzerland,CHE,17862,962797,53.9,1369
1999,16,South Korea,KOR,17167,412696,24.04,1004
1999,17,Brazil,BRA,13934,354222,25.42,844
1999,18,Poland,POL,13879,256803,18.5,792
1999,19,Belgium,BEL,13266,568734,42.87,1134
1999,20,Taiwan,TWN,12975,321211,24.76,738
1999,21,Israel,ISR,11373,515834,45.36,962
1999,22,Denmark,DNK,9685,504140,52.05,1081
1999,23,Finland,FIN,9019,404717,44.87,897
1999,24,Austria,AUT,8977,421612,46.97,937
1999,25,Turkey,TUR,8039,161497,20.09,647
1999,26,Hong Kong,HKG,6703,259649,38.74,863
1999,27,Norway,NOR,6535,281114,43.02,896
1999,28,Mexico,MEX,6441,172933,26.85,641
1999,29,Czech Republic,CZE,6382,123016,19.28,667
1999,30,Ukraine,UKR,6308,63253,10.03,382
1999,31,Greece,GRC,6123,171676,28.04,725
1999,32,New Zealand,NZL,5903,237662,40.26,758
1999,33,Hungary,HUN,5487,137020,24.97,630
1999,34,South Africa,ZAF,5340,199091,37.28,702
1999,35,Argentina,ARG,5241,135706,25.89,611
1999,36,Singapore,SGP,5024,139684,27.8,873
1999,37,Portugal,PRT,4230,152305,36.01,739
1999,38,Ireland,IRL,3367,135139,40.14,753
1999,39,Egypt,EGY,3010,57941,19.25,452
1999,40,Romania,ROU,2841,37689,13.27,454
1999,41,Slovakia,SVK,2682,50145,18.7,381
1999,42,Bulgaria,BGR,2301,38796,16.86,373
1999,43,Chile,CHL,2150,83477,38.83,555
1999,44,Croatia,HRV,1966,27179,13.82,413
1999,45,Saudi Arabia,SAU,1941,37196,19.16,618
1999,46,Slovenia,SVN,1934,44451,22.98,439
1999,47,Thailand,THA,1863,51898,27.86,485
1999,48,Iran,IRN,1450,34252,23.62,541
1999,49,Malaysia,MYS,1443,34212,23.71,559
1999,50,Belarus,BLR,1381,17429,12.62,243
1999,51,Venezuela,VEN,1322,29872,22.6,293
1999,52,Cuba,CUB,1304,18502,14.19,235
1999,53,Pakistan,PAK,1220,18046,14.79,481
1999,54,Morocco,MAR,1214,22266,18.34,286
1999,55,Nigeria,NGA,1206,21811,18.09,340
1999,56,Serbia,SRB,922,11379,12.34,384
1999,57,Lithuania,LTU,798,16249,20.36,319
1999,58,Colombia,COL,772,20504,26.56,436
1999,59,Tunisia,TUN,763,11077,14.52,292
1999,60,Kuwait,KWT,733,16327,22.27,240
1999,61,Estonia,EST,684,21988,32.15,412
1999,62,Indonesia,IDN,654,17218,26.33,349
1999,63,Kenya,KEN,641,26379,41.15,371
1999,64,Jordan,JOR,614,11834,19.27,281
1999,65,Bangladesh,BGD,591,11827,20.01,343
1999,66,Philippines,PHL,517,22526,43.57,351
1999,67,Algeria,DZA,498,7127,14.31,263
1999,68,Puerto Rico,PRI,476,22150,46.53,294
1999,69,Latvia,LVA,474,8254,17.41,243
1999,70,Lebanon,LBN,457,11646,25.48,322
1999,71,Uzbekistan,UZB,420,3474,8.27,144
1999,72,United Arab Emirates,ARE,401,7206,17.97,371
1999,73,Iceland,ISL,398,17600,44.22,415
1999,74,Georgia,GEO,390,6458,16.56,268
1999,75,Zimbabwe,ZWE,389,8862,22.78,195
1999,76,Armenia,ARM,384,5942,15.47,244
1999,77,Viet Nam,VNM,371,11081,29.87,350
1999,78,Uruguay,URY,340,14765,43.43,256
1999,79,Ethiopia,ETH,286,8979,31.4,257
1999,80,Sri Lanka,LKA,279,7283,26.1,277
1999,81,Peru,PER,272,9801,36.03,340
1999,82,Senegal,SEN,270,5041,18.67,169
1999,83,Tanzania,TZA,258,7289,28.25,245
1999,84,Oman,OMN,242,4598,19.0,243
1999,85,Ghana,GHA,236,6251,26.49,251
1999,86,Cyprus,CYP,234,7555,32.29,328
1999,87,Costa Rica,CRI,232,8719,37.58,252
1999,88,Moldova,MDA,218,3031,13.9,153
1999,89,Kazakhstan,KAZ,214,4346,20.31,183
1999,90,Cameroon,CMR,209,5632,26.95,200
1999,91,Uganda,UGA,204,9433,46.24,253
1999,92,Azerbaijan,AZE,202,1469,7.27,167
1999,93,Côte d’Ivoire,,192,6228,32.44,147
1999,94,Jamaica,JAM,177,11888,67.16,146
1999,95,Nepal,NPL,172,6236,36.26,224
1999,96,Botswana,BWA,157,4053,25.82,160
1999,97,Macedonia,MKD,146,1811,12.4,184
1999,98,Ecuador,ECU,138,4393,31.83,243
1999,99,Syrian Arab Republic,SYR,133,3714,27.92,156
1999,100,Bolivia,BOL,127,6345,49.96,179
1999,101,Bahrain,BHR,123,2306,18.75,145
1999,102,Malawi,MWI,120,5495,45.79,195
1999,103,Panama,PAN,119,8835,74.24,280
1999,104,Papua New Guinea,PNG,118,3143,26.64,130
1999,105,Burkina Faso,BFA,115,3438,29.9,150
1999,106,Trinidad and Tobago,TTO,113,2350,20.8,140
1999,107,Sudan,SDN,109,3384,31.05,155
1999,108,Madagascar,MDG,105,2715,25.86,134
1999,109,Bosnia and Herzegovina,BIH,103,491,4.77,158
1999,110,Zambia,ZMB,101,2283,22.6,171
1999,111,Luxembourg,LUX,94,2682,28.53,300
1999,112,Malta,MLT,81,2162,26.69,201
1999,113,Benin,BEN,80,1809,22.61,134
1999,114,Iraq,IRQ,78,1268,16.26,231
1999,115,Gambia,GMB,76,4837,63.64,166
1999,116,Qatar,QAT,68,1799,26.46,340
1999,117,Gabon,GAB,67,2521,37.63,136
1999,118,Guatemala,GTM,67,3220,48.06,133
1999,119,Libya,LBY,66,1211,18.35,129
1999,120,Mauritius,MUS,66,1842,27.91,146
1999,121,Brunei Darussalam,BRN,60,1459,24.32,147
1999,122,Togo,TGO,60,611,10.18,79
1999,123,Palestine,PSE,59,929,15.75,165
1999,124,Niger,NGA,56,1710,30.54,113
1999,125,Tajikistan,TJK,53,294,5.55,79
1999,126,Mali,MLI,53,1297,24.47,145
1999,127,Congo,COG,52,722,13.88,146
1999,128,Mongolia,MNG,51,1338,26.24,146
1999,129,Fiji,FJI,51,1156,22.67,138
1999,130,Namibia,NAM,51,1792,35.14,137
1999,131,New Caledonia,NCL,49,1899,38.76,131
1999,132,Guadeloupe,GLP,48,972,20.25,90
1999,133,Mozambique,MOZ,47,1120,23.83,150
1999,134,Yemen,YEM,47,730,15.53,137
1999,135,Albania,ALB,45,1595,35.44,117
1999,136,Monaco,MCO,45,1363,30.29,154
1999,137,Barbados,BRB,44,1316,29.91,116
1999,138,Kyrgyzstan,KGZ,40,515,12.88,122
1999,139,Honduras,HND,39,1212,31.08,95
1999,140,French Polynesia,PYF,39,1730,44.36,115
1999,141,Guam,GUM,38,1187,31.24,85
1999,142,Macao,MAC,34,311,9.15,249
1999,143,Dominican Republic,DOM,32,1076,33.63,103
1999,144,Cambodia,KHM,31,724,23.35,150
1999,145,Democratic Republic Congo,COD,30,3431,114.37,103
1999,146,French Guiana,GUF,29,941,32.45,111
1999,147,Montenegro,MNE,29,288,9.93,105
1999,148,Nicaragua,NIC,28,949,33.89,117
1999,149,Liechtenstein,LIE,27,1049,38.85,130
1999,150,Myanmar,MMR,24,650,27.08,109
1999,151,Central African Republic,CAF,23,452,19.65,74
1999,152,Guyana,GUY,23,783,34.04,71
1999,153,Eswatini,SWZ,23,190,8.26,96
1999,154,Paraguay,PRY,21,964,45.9,122
1999,155,Martinique,MTQ,21,200,9.52,68
1999,156,Solomon Islands,SLB,18,782,43.44,64
1999,157,Netherlands Antilles,ANT,18,892,49.56,63
1999,158,Burundi,BDI,17,526,30.94,71
1999,159,Guinea-Bissau,GNB,17,853,50.18,78
1999,160,Mauritania,MRT,16,452,28.25,62
1999,161,Bermuda,BMU,16,780,48.75,117
1999,162,El Salvador,SLV,16,441,27.56,90
1999,163,Lesotho,LSO,14,166,11.86,59
1999,164,Angola,AGO,14,454,32.43,67
1999,165,Greenland,GRL,14,636,45.43,109
1999,166,Guinea,GIN,12,220,18.33,94
1999,167,Suriname,SUR,12,339,28.25,62
1999,168,Eritrea,ERI,12,392,32.67,64
1999,169,Rwanda,RWA,11,460,41.82,130
1999,170,Laos,LAO,11,250,22.73,130
1999,171,Faroe Islands,FRO,11,884,80.36,91
1999,172,Vanuatu,VUT,11,418,38.0,56
1999,173,Sierra Leone,SLE,10,189,18.9,99
1999,174,Samoa,WSM,10,155,15.5,51
1999,175,Reunion,REU,9,176,19.56,72
1999,176,Falkland Islands (Malvinas),FLK,9,288,32.0,57
1999,177,Bahamas,BHS,8,486,60.75,76
1999,178,Chad,TCD,7,149,21.29,62
1999,179,Belize,BLZ,7,256,36.57,69
1999,180,Grenada,GRD,6,340,56.67,85
1999,181,Virgin Islands (U.S.),VIR,6,216,36.0,50
1999,182,Turkmenistan,TKM,6,47,7.83,41
1999,183,Equatorial Guinea,GNQ,6,305,50.83,40
1999,184,Saint Kitts and Nevis,KNA,5,141,28.2,60
1999,185,Federated States of Micronesia,FSM,5,90,18.0,56
1999,186,Haïti,HTI,5,432,86.4,88
1999,187,Virgin Islands (British),VGB,5,200,40.0,39
1999,188,American Samoa,ASM,4,84,21.0,37
1999,189,Antigua and Barbuda,ATG,4,68,17.0,35
1999,190,Seychelles,SYC,4,140,35.0,85
1999,191,Somalia,SOM,3,22,7.33,45
1999,192,Maldives,MDV,3,23,7.67,51
1999,193,Cape Verde,CPV,3,83,27.67,53
1999,194,Cayman Islands,CYM,3,5,1.67,48
1999,195,Comoros,COM,3,153,51.0,31
1999,196,Afghanistan,AFG,3,26,8.67,81
1999,197,Tonga,TON,3,45,15.0,42
1999,198,Vatican City State,VAT,2,5,2.5,19
1999,199,Anguilla,AIA,2,44,22.0,28
1999,200,Djibouti,DJI,2,39,19.5,44
1999,201,Mayotte,MYT,2,15,7.5,20
1999,202,Bhutan,BTN,2,55,27.5,75
1999,203,Turks and Caicos Islands,TCA,2,44,22.0,29
1999,204,Gibraltar,GIB,1,76,76.0,48
1999,205,Christmas Island,CXR,1,6,6.0,4
1999,206,Cook Islands,COK,1,11,11.0,33
1999,207,Saint Lucia,LCA,1,22,22.0,35
1999,208,Saint Helena,SHN,1,0,0.0,19
1999,209,San Marino,SMR,1,136,136.0,56
1999,210,Niue,NIU,1,3,3.0,12
1999,211,South Georgia and the South Sandwich Islands,SGS,1,54,54.0,7
1999,212,Svalbard and Jan Mayen,SJM,1,24,24.0,19
1999,213,Marshall Islands,MHL,1,14,14.0,32
1999,214,Saint Vincent and the Grenadines,VCT,1,10,10.0,30
1999,215,Andorra,AND,1,0,0.0,47
2000,1,United States,USA,373007,21336285,57.2,3213
2000,2,United Kingdom,GBR,107299,5316308,49.55,2048
2000,3,Japan,JPN,104591,3142718,30.05,1364
2000,4,Germany,DEU,89939,3690428,41.03,1797
2000,5,France,FRA,63878,2624938,41.09,1604
2000,6,China,CHN,51599,761841,14.76,1455
2000,7,Canada,CAN,45412,2361927,52.01,1659
2000,8,Italy,ITA,44631,1685172,37.76,1416
2000,9,Russian Federation,RUS,34606,472905,13.67,806
2000,10,Spain,ESP,31278,1107274,35.4,1303
2000,11,Australia,AUS,30923,1417463,45.84,1475
2000,12,Netherlands,NLD,25718,1456961,56.65,1471
2000,13,India,IND,25199,596074,23.65,925
2000,14,Sweden,SWE,19646,1026097,52.23,1232
2000,15,South Korea,KOR,18545,534816,28.84,1004
2000,16,Switzerland,CHE,18404,1080181,58.69,1369
2000,17,Brazil,BRA,15566,460592,29.59,844
2000,18,Poland,POL,15039,316809,21.07,792
2000,19,Taiwan,TWN,13753,377036,27.41,738
2000,20,Belgium,BEL,13586,618941,45.56,1134
2000,21,Israel,ISR,12335,583241,47.28,962
2000,22,Denmark,DNK,10228,589659,57.65,1081
2000,23,Finland,FIN,9841,492030,50.0,897
2000,24,Austria,AUT,9415,402553,42.76,937
2000,25,Turkey,TUR,8172,202884,24.83,647
2000,26,Hong Kong,HKG,7761,317212,40.87,863
2000,27,Greece,GRC,6960,229569,32.98,725
2000,28,Norway,NOR,6856,330187,48.16,896
2000,29,Czech Republic,CZE,6741,153329,22.75,667
2000,30,Mexico,MEX,6671,204118,30.6,641
2000,31,Ukraine,UKR,6497,60858,9.37,382
2000,32,Singapore,SGP,6093,201686,33.1,873
2000,33,Hungary,HUN,5971,167386,28.03,630
2000,34,New Zealand,NZL,5923,295129,49.83,758
2000,35,Argentina,ARG,5566,167745,30.14,611
2000,36,South Africa,ZAF,5405,173361,32.07,702
2000,37,Portugal,PRT,4511,145697,32.3,739
2000,38,Ireland,IRL,3829,154478,40.34,753
2000,39,Egypt,EGY,3311,73185,22.1,452
2000,40,Romania,ROU,3105,48182,15.52,454
2000,41,Slovakia,SVK,2800,44336,15.83,381
2000,42,Thailand,THA,2317,71977,31.06,485
2000,43,Slovenia,SVN,2300,52676,22.9,439
2000,44,Chile,CHL,2288,88737,38.78,555
2000,45,Croatia,HRV,2268,31027,13.68,413
2000,46,Bulgaria,BGR,2191,49976,22.81,373
2000,47,Saudi Arabia,SAU,2071,44381,21.43,618
2000,48,Iran,IRN,1876,42291,22.54,541
2000,49,Malaysia,MYS,1767,46071,26.07,559
2000,50,Belarus,BLR,1414,18632,13.18,243
2000,51,Venezuela,VEN,1412,28856,20.44,293
2000,52,Nigeria,NGA,1319,25169,19.08,340
2000,53,Cuba,CUB,1313,18384,14.0,235
2000,54,Pakistan,PAK,1287,25182,19.57,481
2000,55,Morocco,MAR,1268,23883,18.84,286
2000,56,Serbia,SRB,992,16856,16.99,384
2000,57,Colombia,COL,892,28380,31.82,436
2000,58,Tunisia,TUN,843,14672,17.4,292
2000,59,Lithuania,LTU,819,16807,20.52,319
2000,60,Indonesia,IDN,769,26727,34.76,349
2000,61,Jordan,JOR,685,17662,25.78,281
2000,62,Estonia,EST,663,21051,31.75,412
2000,63,Kuwait,KWT,635,14740,23.21,240
2000,64,Bangladesh,BGD,630,17845,28.33,343
2000,65,Kenya,KEN,624,31046,49.75,371
2000,66,Philippines,PHL,600,28075,46.79,351
2000,67,Algeria,DZA,549,10142,18.47,263
2000,68,Lebanon,LBN,542,14549,26.84,322
2000,69,United Arab Emirates,ARE,515,10266,19.93,371
2000,70,Armenia,ARM,479,10430,21.77,244
2000,71,Puerto Rico,PRI,470,19534,41.56,294
2000,72,Georgia,GEO,445,12703,28.55,268
2000,73,Uzbekistan,UZB,430,4538,10.55,144
2000,74,Latvia,LVA,419,9032,21.56,243
2000,75,Viet Nam,VNM,401,17560,43.79,350
2000,76,Iceland,ISL,383,24758,64.64,415
2000,77,Uruguay,URY,378,14922,39.48,256
2000,78,Zimbabwe,ZWE,359,8669,24.15,195
2000,79,Oman,OMN,322,5858,18.19,243
2000,80,Peru,PER,310,13076,42.18,340
2000,81,Sri Lanka,LKA,282,11017,39.07,277
2000,82,Cyprus,CYP,272,12048,44.29,328
2000,83,Tanzania,TZA,271,10123,37.35,245
2000,84,Ethiopia,ETH,251,8762,34.91,257
2000,85,Moldova,MDA,251,2345,9.34,153
2000,86,Kazakhstan,KAZ,239,3440,14.39,183
2000,87,Costa Rica,CRI,233,9617,41.27,252
2000,88,Uganda,UGA,230,12491,54.31,253
2000,89,Cameroon,CMR,227,7180,31.63,200
2000,90,Ghana,GHA,227,6432,28.33,251
2000,91,Senegal,SEN,224,5689,25.4,169
2000,92,Nepal,NPL,198,6127,30.94,224
2000,93,Azerbaijan,AZE,197,1737,8.82,167
2000,94,Macedonia,MKD,183,2437,13.32,184
2000,95,Botswana,BWA,175,3716,21.23,160
2000,96,Côte d’Ivoire,,164,5474,33.38,147
2000,97,Jamaica,JAM,157,3553,22.63,146
2000,98,Syrian Arab Republic,SYR,149,4708,31.6,156
2000,99,Ecuador,ECU,144,6213,43.15,243
2000,100,Trinidad and Tobago,TTO,131,2560,19.54,140
2000,101,Malawi,MWI,122,5934,48.64,195
2000,102,Luxembourg,LUX,120,3403,28.36,300
2000,103,Sudan,SDN,114,3716,32.6,155
2000,104,Bahrain,BHR,111,1343,12.1,145
2000,105,Panama,PAN,105,11433,108.89,280
2000,106,Madagascar,MDG,105,2813,26.79,134
2000,107,Iraq,IRQ,103,2270,22.04,231
2000,108,Papua New Guinea,PNG,100,2728,27.28,130
2000,109,Burkina Faso,BFA,97,2403,24.77,150
2000,110,Bosnia and Herzegovina,BIH,92,1311,14.25,158
2000,111,Libya,LBY,89,1142,12.83,129
2000,112,Bolivia,BOL,82,3883,47.35,179
2000,113,Zambia,ZMB,81,2911,35.94,171
2000,114,Benin,BEN,81,2106,26.0,134
2000,115,Malta,MLT,78,2056,26.36,201
2000,116,Gambia,GMB,73,4422,60.58,166
2000,117,Mauritius,MUS,73,1094,14.99,146
2000,118,New Caledonia,NCL,67,2222,33.16,131
2000,119,Qatar,QAT,67,781,11.66,340
2000,120,Palestine,PSE,63,1190,18.89,165
2000,121,Brunei Darussalam,BRN,62,2784,44.9,147
2000,122,Mongolia,MNG,61,3351,54.93,146
2000,123,Fiji,FJI,60,1561,26.02,138
2000,124,Congo,COG,55,1568,28.51,146
2000,125,Guatemala,GTM,55,1674,30.44,133
2000,126,Gabon,GAB,52,2865,55.1,136
2000,127,Togo,TGO,51,884,17.33,79
2000,128,Niger,NGA,51,1986,38.94,113
2000,129,Namibia,NAM,47,1316,28.0,137
2000,130,Guadeloupe,GLP,47,1151,24.49,90
2000,131,Yemen,YEM,46,1388,30.17,137
2000,132,Macao,MAC,45,366,8.13,249
2000,133,Barbados,BRB,45,1472,32.71,116
2000,134,French Polynesia,PYF,44,2409,54.75,115
2000,135,Mozambique,MOZ,44,1944,44.18,150
2000,136,Kyrgyzstan,KGZ,43,333,7.74,122
2000,137,Albania,ALB,43,922,21.44,117
2000,138,Mali,MLI,39,1882,48.26,145
2000,139,Tajikistan,TJK,37,358,9.68,79
2000,140,Dominican Republic,DOM,35,1773,50.66,103
2000,141,Nicaragua,NIC,33,1521,46.09,117
2000,142,Monaco,MCO,32,2078,64.94,154
2000,143,Liechtenstein,LIE,31,1110,35.81,130
2000,144,Honduras,HND,30,825,27.5,95
2000,145,Myanmar,MMR,30,1195,39.83,109
2000,146,Cambodia,KHM,29,793,27.34,150
2000,147,Paraguay,PRY,27,1268,46.96,122
2000,148,Eswatini,SWZ,26,1100,42.31,96
2000,149,Bermuda,BMU,26,1541,59.27,117
2000,150,French Guiana,GUF,25,1089,43.56,111
2000,151,Greenland,GRL,25,840,33.6,109
2000,152,Guyana,GUY,23,650,28.26,71
2000,153,Martinique,MTQ,23,330,14.35,68
2000,154,Guam,GUM,22,1317,59.86,85
2000,155,El Salvador,SLV,18,479,26.61,90
2000,156,Laos,LAO,18,350,19.44,130
2000,157,Mauritania,MRT,18,1130,62.78,62
2000,158,Angola,AGO,17,693,40.76,67
2000,159,Netherlands Antilles,ANT,17,501,29.47,63
2000,160,Solomon Islands,SLB,15,589,39.27,64
2000,161,Seychelles,SYC,14,821,58.64,85
2000,162,Haïti,HTI,14,528,37.71,88
2000,163,Turkmenistan,TKM,14,480,34.29,41
2000,164,Central African Republic,CAF,14,604,43.14,74
2000,165,Montenegro,MNE,14,776,55.43,105
2000,166,Lesotho,LSO,13,147,11.31,59
2000,167,Eritrea,ERI,13,848,65.23,64
2000,168,Sierra Leone,SLE,13,258,19.85,99
2000,169,Democratic Republic Congo,COD,12,233,19.42,103
2000,170,Falkland Islands (Malvinas),FLK,10,277,27.7,57
2000,171,Faroe Islands,FRO,10,1066,106.6,91
2000,172,Vanuatu,VUT,10,494,49.4,56
2000,173,Virgin Islands (U.S.),VIR,9,428,47.56,50
2000,174,Reunion,REU,9,50,5.56,72
2000,175,Guinea,GIN,7,388,55.43,94
2000,176,Rwanda,RWA,7,378,54.0,130
2000,177,Samoa,WSM,7,45,6.43,51
2000,178,Bahamas,BHS,6,219,36.5,76
2000,179,Chad,TCD,6,147,24.5,62
2000,180,Federated States of Micronesia,FSM,6,351,58.5,56
2000,181,Guinea-Bissau,GNB,5,384,76.8,78
2000,182,Suriname,SUR,5,124,24.8,62
2000,183,Grenada,GRD,5,150,30.0,85
2000,184,Burundi,BDI,5,65,13.0,71
2000,185,Aruba,ABW,4,99,24.75,30
2000,186,San Marino,SMR,4,113,28.25,56
2000,187,Comoros,COM,4,7,1.75,31
2000,188,Tonga,TON,4,17,4.25,42
2000,189,Liberia,LBR,3,75,25.0,74
2000,190,Palau,PLW,3,80,26.67,49
2000,191,American Samoa,ASM,3,75,25.0,37
2000,192,Norfolk Island,NFK,3,58,19.33,11
2000,193,Montserrat,MSR,3,167,55.67,41
2000,194,Belize,BLZ,3,69,23.0,69
2000,195,Afghanistan,AFG,3,2,0.67,81
2000,196,Virgin Islands (British),VGB,3,46,15.33,39
2000,197,Bhutan,BTN,3,43,14.33,75
2000,198,Marshall Islands,MHL,3,71,23.67,32
2000,199,Saint Lucia,LCA,3,114,38.0,35
2000,200,Cayman Islands,CYM,3,120,40.0,48
2000,201,North Korea,PRK,2,3,1.5,60
2000,202,Sao Tome and Principe,STP,2,74,37.0,26
2000,203,Saint Kitts and Nevis,KNA,2,6,3.0,60
2000,204,Cook Islands,COK,2,56,28.0,33
2000,205,Djibouti,DJI,2,1,0.5,44
2000,206,Saint Vincent and the Grenadines,VCT,2,43,21.5,30
2000,207,Northern Mariana Islands,MNP,2,198,99.0,25
2000,208,Somalia,SOM,1,45,45.0,45
2000,209,Andorra,AND,1,1,1.0,47
2000,210,Turks and Caicos Islands,TCA,1,47,47.0,29
2000,211,Vatican City State,VAT,1,0,0.0,19
2000,212,Antigua and Barbuda,ATG,1,14,14.0,35
2000,213,Cape Verde,CPV,1,0,0.0,53
2000,214,United States Minor Outlying Islands,UMI,1,32,32.0,12
2000,215,Gibraltar,GIB,1,0,0.0,48
2000,216,Saint Helena,SHN,1,5,5.0,19
2000,217,Maldives,MDV,1,5,5.0,51
2001,1,United States,USA,375495,21669132,57.71,3213
2001,2,Japan,JPN,104079,3142711,30.2,1364
2001,3,United Kingdom,GBR,103043,4986341,48.39,2048
2001,4,Germany,DEU,93006,3798910,40.85,1797
2001,5,China,CHN,65687,963914,14.67,1455
2001,6,France,FRA,65276,2646316,40.54,1604
2001,7,Italy,ITA,46326,1754322,37.87,1416
2001,8,Canada,CAN,45185,2374269,52.55,1659
2001,9,Russian Federation,RUS,36658,483109,13.18,806
2001,10,Spain,ESP,33096,1172003,35.41,1303
2001,11,Australia,AUS,31883,1486703,46.63,1475
2001,12,India,IND,26655,626068,23.49,925
2001,13,Netherlands,NLD,25716,1484962,57.74,1471
2001,14,South Korea,KOR,21319,608995,28.57,1004
2001,15,Sweden,SWE,19910,1089711,54.73,1232
2001,16,Switzerland,CHE,18016,1039130,57.68,1369
2001,17,Brazil,BRA,16673,454874,27.28,844
2001,18,Poland,POL,16501,339298,20.56,792
2001,19,Taiwan,TWN,15465,425890,27.54,738
2001,20,Belgium,BEL,14017,627407,44.76,1134
2001,21,Israel,ISR,12560,645741,51.41,962
2001,22,Finland,FIN,10188,493273,48.42,897
2001,23,Denmark,DNK,10170,616714,60.64,1081
2001,24,Austria,AUT,10105,426703,42.23,937
2001,25,Turkey,TUR,9971,246638,24.74,647
2001,26,Hong Kong,HKG,8576,352038,41.05,863
2001,27,Ukraine,UKR,7792,66640,8.55,382
2001,28,Greece,GRC,7420,250703,33.79,725
2001,29,Czech Republic,CZE,7373,152137,20.63,667
2001,30,Mexico,MEX,7157,199303,27.85,641
2001,31,Norway,NOR,7069,375868,53.17,896
2001,32,Singapore,SGP,6240,220149,35.28,873
2001,33,New Zealand,NZL,6119,264551,43.23,758
2001,34,Hungary,HUN,5901,171395,29.05,630
2001,35,Argentina,ARG,5805,169524,29.2,611
2001,36,South Africa,ZAF,5628,168421,29.93,702
2001,37,Portugal,PRT,5068,178722,35.26,739
2001,38,Ireland,IRL,4004,208259,52.01,753
2001,39,Egypt,EGY,3567,72214,20.25,452
2001,40,Romania,ROU,3166,46540,14.7,454
2001,41,Slovakia,SVK,2755,52483,19.05,381
2001,42,Chile,CHL,2426,91059,37.53,555
2001,43,Thailand,THA,2409,64016,26.57,485
2001,44,Croatia,HRV,2363,35218,14.9,413
2001,45,Slovenia,SVN,2235,53260,23.83,439
2001,46,Iran,IRN,2233,52417,23.47,541
2001,47,Bulgaria,BGR,2228,42622,19.13,373
2001,48,Saudi Arabia,SAU,2004,43583,21.75,618
2001,49,Belarus,BLR,1584,23062,14.56,243
2001,50,Malaysia,MYS,1571,43552,27.72,559
2001,51,Pakistan,PAK,1492,24176,16.2,481
2001,52,Venezuela,VEN,1454,34434,23.68,293
2001,53,Cuba,CUB,1400,23518,16.8,235
2001,54,Morocco,MAR,1363,26124,19.17,286
2001,55,Nigeria,NGA,1308,24779,18.94,340
2001,56,Tunisia,TUN,1039,22492,21.65,292
2001,57,Serbia,SRB,993,15388,15.5,384
2001,58,Lithuania,LTU,864,14027,16.23,319
2001,59,Colombia,COL,860,24306,28.26,436
2001,60,Estonia,EST,735,23874,32.48,412
2001,61,Indonesia,IDN,691,23203,33.58,349
2001,62,Jordan,JOR,686,16282,23.73,281
2001,63,Kenya,KEN,686,28007,40.83,371
2001,64,Kuwait,KWT,667,15573,23.35,240
2001,65,Algeria,DZA,649,12952,19.96,263
2001,66,Bangladesh,BGD,636,14929,23.47,343
2001,67,Lebanon,LBN,574,14986,26.11,322
2001,68,United Arab Emirates,ARE,570,13105,22.99,371
2001,69,Philippines,PHL,493,18531,37.59,351
2001,70,Georgia,GEO,486,15346,31.58,268
2001,71,Uzbekistan,UZB,480,4603,9.59,144
2001,72,Armenia,ARM,475,8977,18.9,244
2001,73,Latvia,LVA,459,8642,18.83,243
2001,74,Puerto Rico,PRI,457,17071,37.35,294
2001,75,Viet Nam,VNM,432,17795,41.19,350
2001,76,Iceland,ISL,413,25431,61.58,415
2001,77,Uruguay,URY,369,12629,34.22,256
2001,78,Zimbabwe,ZWE,342,12167,35.58,195
2001,79,Oman,OMN,337,7674,22.77,243
2001,80,Peru,PER,337,11881,35.26,340
2001,81,Sri Lanka,LKA,289,7764,26.87,277
2001,82,Costa Rica,CRI,286,12831,44.86,252
2001,83,Ethiopia,ETH,260,9166,35.25,257
2001,84,Tanzania,TZA,259,10164,39.24,245
2001,85,Kazakhstan,KAZ,251,4707,18.75,183
2001,86,Cameroon,CMR,250,7412,29.65,200
2001,87,Cyprus,CYP,236,6573,27.85,328
2001,88,Uganda,UGA,230,11770,51.17,253
2001,89,Moldova,MDA,223,2976,13.35,153
2001,90,Senegal,SEN,220,6456,29.35,169
2001,91,Ghana,GHA,219,7129,32.55,251
2001,92,Macedonia,MKD,216,4737,21.93,184
2001,93,Nepal,NPL,212,8581,40.48,224
2001,94,Jamaica,JAM,207,4632,22.38,146
2001,95,Azerbaijan,AZE,196,1260,6.43,167
2001,96,Trinidad and Tobago,TTO,163,3507,21.52,140
2001,97,Botswana,BWA,154,3181,20.66,160
2001,98,Malawi,MWI,136,4426,32.54,195
2001,99,Ecuador,ECU,133,6095,45.83,243
2001,100,Côte d’Ivoire,,130,3386,26.05,147
2001,101,Luxembourg,LUX,129,5008,38.82,300
2001,102,Syrian Arab Republic,SYR,129,3831,29.7,156
2001,103,Panama,PAN,118,11391,96.53,280
2001,104,Qatar,QAT,118,1502,12.73,340
2001,105,Zambia,ZMB,111,4341,39.11,171
2001,106,Papua New Guinea,PNG,110,3588,32.62,130
2001,107,Burkina Faso,BFA,110,3868,35.16,150
2001,108,Iraq,IRQ,108,1588,14.7,231
2001,109,Bahrain,BHR,106,2139,20.18,145
2001,110,Madagascar,MDG,106,2282,21.53,134
2001,111,Sudan,SDN,100,3064,30.64,155
2001,112,Bolivia,BOL,92,3179,34.55,179
2001,113,Bosnia and Herzegovina,BIH,91,1085,11.92,158
2001,114,Malta,MLT,85,2755,32.41,201
2001,115,Benin,BEN,80,1989,24.86,134
2001,116,Palestine,PSE,79,2170,27.47,165
2001,117,Libya,LBY,74,850,11.49,129
2001,118,Gambia,GMB,72,4248,59.0,166
2001,119,Mauritius,MUS,70,1338,19.11,146
2001,120,Yemen,YEM,69,1638,23.74,137
2001,121,Namibia,NAM,69,2101,30.45,137
2001,122,Barbados,BRB,68,2145,31.54,116
2001,123,Mali,MLI,60,2988,49.8,145
2001,124,Fiji,FJI,59,2116,35.86,138
2001,125,New Caledonia,NCL,59,3054,51.76,131
2001,126,Gabon,GAB,58,2013,34.71,136
2001,127,Mozambique,MOZ,58,1414,24.38,150
2001,128,Mongolia,MNG,56,1893,33.8,146
2001,129,Guatemala,GTM,54,1962,36.33,133
2001,130,Monaco,MCO,52,2783,53.52,154
2001,131,Brunei Darussalam,BRN,50,1445,28.9,147
2001,132,Macao,MAC,46,748,16.26,249
2001,133,Kyrgyzstan,KGZ,44,1632,37.09,122
2001,134,Congo,COG,42,964,22.95,146
2001,135,Togo,TGO,41,682,16.63,79
2001,136,Niger,NGA,40,717,17.93,113
2001,137,Bermuda,BMU,39,3016,77.33,117
2001,138,Albania,ALB,39,570,14.62,117
2001,139,Montenegro,MNE,37,871,23.54,105
2001,140,Guam,GUM,37,1609,43.49,85
2001,141,Tajikistan,TJK,35,673,19.23,79
2001,142,French Polynesia,PYF,34,1901,55.91,115
2001,143,Cambodia,KHM,32,1275,39.84,150
2001,144,Paraguay,PRY,31,1170,37.74,122
2001,145,Guadeloupe,GLP,29,1076,37.1,90
2001,146,Myanmar,MMR,26,1231,47.35,109
2001,147,Guinea,GIN,26,475,18.27,94
2001,148,El Salvador,SLV,25,595,23.8,90
2001,149,Dominican Republic,DOM,24,1136,47.33,103
2001,150,Nicaragua,NIC,23,922,40.09,117
2001,151,French Guiana,GUF,21,770,36.67,111
2001,152,Guyana,GUY,20,975,48.75,71
2001,153,Honduras,HND,20,690,34.5,95
2001,154,Mauritania,MRT,19,393,20.68,62
2001,155,Lesotho,LSO,17,217,12.76,59
2001,156,Eritrea,ERI,17,301,17.71,64
2001,157,Greenland,GRL,17,514,30.24,109
2001,158,Eswatini,SWZ,17,274,16.12,96
2001,159,Angola,AGO,17,293,17.24,67
2001,160,Liechtenstein,LIE,16,788,49.25,130
2001,161,Netherlands Antilles,ANT,15,539,35.93,63
2001,162,Laos,LAO,15,485,32.33,130
2001,163,Central African Republic,CAF,14,331,23.64,74
2001,164,Martinique,MTQ,13,226,17.38,68
2001,165,Reunion,REU,13,253,19.46,72
2001,166,Haïti,HTI,13,704,54.15,88
2001,167,Sierra Leone,SLE,12,108,9.0,99
2001,168,Virgin Islands (U.S.),VIR,12,252,21.0,50
2001,169,Turkmenistan,TKM,12,481,40.08,41
2001,170,Bahamas,BHS,11,368,33.45,76
2001,171,Rwanda,RWA,11,294,26.73,130
2001,172,Samoa,WSM,11,763,69.36,51
2001,173,Chad,TCD,11,126,11.45,62
2001,174,Suriname,SUR,11,353,32.09,62
2001,175,Faroe Islands,FRO,10,861,86.1,91
2001,176,Maldives,MDV,10,188,18.8,51
2001,177,Guinea-Bissau,GNB,9,234,26.0,78
2001,178,Dominica,DMA,8,194,24.25,53
2001,179,Seychelles,SYC,8,128,16.0,85
2001,180,Burundi,BDI,8,72,9.0,71
2001,181,Democratic Republic Congo,COD,8,257,32.13,103
2001,182,Solomon Islands,SLB,7,805,115.0,64
2001,183,Palau,PLW,7,645,92.14,49
2001,184,Cayman Islands,CYM,6,65,10.83,48
2001,185,Falkland Islands (Malvinas),FLK,6,240,40.0,57
2001,186,Vanuatu,VUT,6,36,6.0,56
2001,187,Grenada,GRD,5,66,13.2,85
2001,188,Andorra,AND,5,28,5.6,47
2001,189,Virgin Islands (British),VGB,4,108,27.0,39
2001,190,Marshall Islands,MHL,4,62,15.5,32
2001,191,Federated States of Micronesia,FSM,4,130,32.5,56
2001,192,Equatorial Guinea,GNQ,4,43,10.75,40
2001,193,Afghanistan,AFG,3,3,1.0,81
2001,194,Belize,BLZ,3,248,82.67,69
2001,195,Sao Tome and Principe,STP,3,96,32.0,26
2001,196,Saint Lucia,LCA,3,13,4.33,35
2001,197,San Marino,SMR,3,142,47.33,56
2001,198,Liberia,LBR,3,159,53.0,74
2001,199,United States Minor Outlying Islands,UMI,3,283,94.33,12
2001,200,Comoros,COM,2,78,39.0,31
2001,201,Bhutan,BTN,2,0,0.0,75
2001,202,Cape Verde,CPV,2,27,13.5,53
2001,203,Aruba,ABW,2,28,14.0,30
2001,204,Tonga,TON,2,119,59.5,42
2001,205,Djibouti,DJI,2,78,39.0,44
2001,206,Montserrat,MSR,2,49,24.5,41
2001,207,American Samoa,ASM,2,63,31.5,37
2001,208,Northern Mariana Islands,MNP,1,11,11.0,25
2001,209,Tuvalu,TUV,1,15,15.0,17
2001,210,Turks and Caicos Islands,TCA,1,110,110.0,29
2001,211,Kiribati,KIR,1,11,11.0,24
2001,212,Timor-Leste,TLS,1,13,13.0,39
2001,213,French Southern Territories,ATF,1,15,15.0,5
2001,214,Nauru,NRU,1,13,13.0,13
2001,215,Gibraltar,GIB,1,10,10.0,48
2001,216,Antigua and Barbuda,ATG,1,5,5.0,35
2001,217,British Indian Ocean Territory,IOT,1,8,8.0,14
2001,218,Saint Kitts and Nevis,KNA,1,0,0.0,60
2002,1,United States,USA,398807,22545359,56.53,3213
2002,2,Japan,JPN,107521,3206144,29.82,1364
2002,3,United Kingdom,GBR,106554,5415468,50.82,2048
2002,4,Germany,DEU,96200,4005189,41.63,1797
2002,5,China,CHN,68549,1213173,17.7,1455
2002,6,France,FRA,67324,2751439,40.87,1604
2002,7,Canada,CAN,49374,2466213,49.95,1659
2002,8,Italy,ITA,49179,1991845,40.5,1416
2002,9,Russian Federation,RUS,37392,491564,13.15,806
2002,10,Spain,ESP,35825,1330021,37.13,1303
2002,11,Australia,AUS,33438,1638927,49.01,1475
2002,12,India,IND,29192,749111,25.66,925
2002,13,Netherlands,NLD,27510,1564864,56.88,1471
2002,14,South Korea,KOR,23572,701120,29.74,1004
2002,15,Sweden,SWE,20123,1060009,52.68,1232
2002,16,Brazil,BRA,19203,562372,29.29,844
2002,17,Switzerland,CHE,19061,1136986,59.65,1369
2002,18,Poland,POL,18231,352406,19.33,792
2002,19,Taiwan,TWN,16530,490626,29.68,738
2002,20,Belgium,BEL,14910,731925,49.09,1134
2002,21,Israel,ISR,13150,645168,49.06,962
2002,22,Turkey,TUR,12722,323750,25.45,647
2002,23,Austria,AUT,10904,467412,42.87,937
2002,24,Denmark,DNK,10471,590520,56.4,1081
2002,25,Finland,FIN,10368,519378,50.09,897
2002,26,Hong Kong,HKG,8966,415211,46.31,863
2002,27,Greece,GRC,8282,292285,35.29,725
2002,28,Mexico,MEX,7856,216118,27.51,641
2002,29,Czech Republic,CZE,7839,170837,21.79,667
2002,30,Norway,NOR,7317,378611,51.74,896
2002,31,Ukraine,UKR,7123,73529,10.32,382
2002,32,Singapore,SGP,7014,266411,37.98,873
2002,33,New Zealand,NZL,6318,274500,43.45,758
2002,34,Hungary,HUN,6305,192371,30.51,630
2002,35,Argentina,ARG,6224,190737,30.65,611
2002,36,South Africa,ZAF,6142,181795,29.6,702
2002,37,Portugal,PRT,5486,219010,39.92,739
2002,38,Ireland,IRL,4448,188159,42.3,753
2002,39,Egypt,EGY,3770,88860,23.57,452
2002,40,Romania,ROU,3337,57995,17.38,454
2002,41,Iran,IRN,3206,73554,22.94,541
2002,42,Thailand,THA,2996,89121,29.75,485
2002,43,Chile,CHL,2964,105386,35.56,555
2002,44,Slovakia,SVK,2861,51839,18.12,381
2002,45,Croatia,HRV,2682,43208,16.11,413
2002,46,Slovenia,SVN,2479,61497,24.81,439
2002,47,Bulgaria,BGR,2294,50586,22.05,373
2002,48,Saudi Arabia,SAU,2135,52758,24.71,618
2002,49,Malaysia,MYS,1938,49819,25.71,559
2002,50,Belarus,BLR,1676,20797,12.41,243
2002,51,Pakistan,PAK,1653,28251,17.09,481
2002,52,Nigeria,NGA,1523,27053,17.76,340
2002,53,Venezuela,VEN,1509,33711,22.34,293
2002,54,Cuba,CUB,1390,18962,13.64,235
2002,55,Morocco,MAR,1361,31335,23.02,286
2002,56,Lithuania,LTU,1258,20123,16.0,319
2002,57,Tunisia,TUN,1237,23735,19.19,292
2002,58,Serbia,SRB,1220,20093,16.47,384
2002,59,Colombia,COL,1064,32171,30.24,436
2002,60,Kenya,KEN,778,34453,44.28,371
2002,61,Indonesia,IDN,761,24068,31.63,349
2002,62,Jordan,JOR,760,17247,22.69,281
2002,63,Estonia,EST,757,23216,30.67,412
2002,64,Algeria,DZA,696,14374,20.65,263
2002,65,Kuwait,KWT,666,17924,26.91,240
2002,66,Bangladesh,BGD,652,18145,27.83,343
2002,67,Philippines,PHL,649,27982,43.12,351
2002,68,United Arab Emirates,ARE,635,13668,21.52,371
2002,69,Lebanon,LBN,578,15885,27.48,322
2002,70,Armenia,ARM,496,8456,17.05,244
2002,71,Iceland,ISL,492,32987,67.05,415
2002,72,Latvia,LVA,487,10094,20.73,243
2002,73,Puerto Rico,PRI,457,17804,38.96,294
2002,74,Viet Nam,VNM,455,14939,32.83,350
2002,75,Georgia,GEO,430,10876,25.29,268
2002,76,Uruguay,URY,425,15565,36.62,256
2002,77,Uzbekistan,UZB,408,3720,9.12,144
2002,78,Oman,OMN,359,10594,29.51,243
2002,79,Sri Lanka,LKA,343,10002,29.16,277
2002,80,Peru,PER,338,11327,33.51,340
2002,81,Cyprus,CYP,332,14537,43.79,328
2002,82,Costa Rica,CRI,306,16395,53.58,252
2002,83,Zimbabwe,ZWE,301,8504,28.25,195
2002,84,Azerbaijan,AZE,301,3008,9.99,167
2002,85,Tanzania,TZA,299,10538,35.24,245
2002,86,Cameroon,CMR,298,7840,26.31,200
2002,87,Kazakhstan,KAZ,295,3153,10.69,183
2002,88,Ethiopia,ETH,295,8855,30.02,257
2002,89,Moldova,MDA,244,4092,16.77,153
2002,90,Ghana,GHA,241,7325,30.39,251
2002,91,Senegal,SEN,240,6310,26.29,169
2002,92,Nepal,NPL,224,5408,24.14,224
2002,93,Uganda,UGA,223,7271,32.61,253
2002,94,Macedonia,MKD,212,3891,18.35,184
2002,95,Jamaica,JAM,212,5043,23.79,146
2002,96,Trinidad and Tobago,TTO,194,5447,28.08,140
2002,97,Botswana,BWA,186,3521,18.93,160
2002,98,Ecuador,ECU,173,7046,40.73,243
2002,99,Luxembourg,LUX,150,5091,33.94,300
2002,100,Côte d’Ivoire,,144,5154,35.79,147
2002,101,Bosnia and Herzegovina,BIH,139,2435,17.52,158
2002,102,Syrian Arab Republic,SYR,137,4119,30.07,156
2002,103,Malawi,MWI,133,4806,36.14,195
2002,104,Qatar,QAT,130,1757,13.52,340
2002,105,Iraq,IRQ,126,1728,13.71,231
2002,106,Panama,PAN,120,12635,105.29,280
2002,107,Burkina Faso,BFA,120,3965,33.04,150
2002,108,Sudan,SDN,118,2720,23.05,155
2002,109,Palestine,PSE,118,2586,21.92,165
2002,110,Bolivia,BOL,112,5616,50.14,179
2002,111,Zambia,ZMB,104,3341,32.13,171
2002,112,Bahrain,BHR,92,2317,25.18,145
2002,113,Malta,MLT,91,4657,51.18,201
2002,114,Benin,BEN,91,3503,38.49,134
2002,115,Mauritius,MUS,85,2220,26.12,146
2002,116,Madagascar,MDG,85,2185,25.71,134
2002,117,Papua New Guinea,PNG,83,2440,29.4,130
2002,118,Macao,MAC,79,1715,21.71,249
2002,119,Mali,MLI,69,2527,36.62,145
2002,120,Gabon,GAB,68,2478,36.44,136
2002,121,Libya,LBY,65,963,14.82,129
2002,122,Barbados,BRB,64,3493,54.58,116
2002,123,Fiji,FJI,63,1233,19.57,138
2002,124,Gambia,GMB,63,3111,49.38,166
2002,125,Guatemala,GTM,61,2397,39.3,133
2002,126,Congo,COG,59,1962,33.25,146
2002,127,Namibia,NAM,58,1555,26.81,137
2002,128,Mongolia,MNG,56,2690,48.04,146
2002,129,Cambodia,KHM,55,1624,29.53,150
2002,130,Albania,ALB,52,1174,22.58,117
2002,131,Tajikistan,TJK,50,559,11.18,79
2002,132,Monaco,MCO,44,1829,41.57,154
2002,133,Kyrgyzstan,KGZ,44,1344,30.55,122
2002,134,French Polynesia,PYF,44,1489,33.84,115
2002,135,Yemen,YEM,43,1831,42.58,137
2002,136,Mozambique,MOZ,42,1275,30.36,150
2002,137,New Caledonia,NCL,41,1545,37.68,131
2002,138,Brunei Darussalam,BRN,40,1608,40.2,147
2002,139,Guadeloupe,GLP,40,1205,30.13,90
2002,140,Niger,NGA,40,1186,29.65,113
2002,141,Montenegro,MNE,38,291,7.66,105
2002,142,Togo,TGO,33,659,19.97,79
2002,143,Honduras,HND,33,1297,39.3,95
2002,144,El Salvador,SLV,33,1238,37.52,90
2002,145,French Guiana,GUF,32,887,27.72,111
2002,146,Guam,GUM,30,1304,43.47,85
2002,147,Paraguay,PRY,30,872,29.07,122
2002,148,Bermuda,BMU,28,3604,128.71,117
2002,149,Myanmar,MMR,28,866,30.93,109
2002,150,Eswatini,SWZ,27,410,15.19,96
2002,151,Greenland,GRL,27,948,35.11,109
2002,152,Angola,AGO,25,344,13.76,67
2002,153,Eritrea,ERI,25,511,20.44,64
2002,154,Laos,LAO,23,582,25.3,130
2002,155,Dominican Republic,DOM,22,919,41.77,103
2002,156,Guinea,GIN,21,753,35.86,94
2002,157,Guyana,GUY,20,486,24.3,71
2002,158,Nicaragua,NIC,20,671,33.55,117
2002,159,Mauritania,MRT,20,869,43.45,62
2002,160,Falkland Islands (Malvinas),FLK,19,506,26.63,57
2002,161,Liechtenstein,LIE,19,423,22.26,130
2002,162,Lesotho,LSO,19,240,12.63,59
2002,163,Haïti,HTI,18,1176,65.33,88
2002,164,Netherlands Antilles,ANT,17,612,36.0,63
2002,165,Democratic Republic Congo,COD,16,252,15.75,103
2002,166,Martinique,MTQ,16,377,23.56,68
2002,167,Guinea-Bissau,GNB,14,688,49.14,78
2002,168,Reunion,REU,13,153,11.77,72
2002,169,Sierra Leone,SLE,13,336,25.85,99
2002,170,Central African Republic,CAF,12,436,36.33,74
2002,171,Faroe Islands,FRO,12,447,37.25,91
2002,172,Chad,TCD,12,935,77.92,62
2002,173,Samoa,WSM,11,435,39.55,51
2002,174,Turkmenistan,TKM,11,163,14.82,41
2002,175,Bhutan,BTN,11,172,15.64,75
2002,176,Bahamas,BHS,11,324,29.45,76
2002,177,Seychelles,SYC,11,240,21.82,85
2002,178,Montserrat,MSR,11,1077,97.91,41
2002,179,Rwanda,RWA,10,275,27.5,130
2002,180,Belize,BLZ,9,525,58.33,69
2002,181,Suriname,SUR,9,374,41.56,62
2002,182,Vanuatu,VUT,8,173,21.63,56
2002,183,Afghanistan,AFG,7,16,2.29,81
2002,184,Grenada,GRD,6,327,54.5,85
2002,185,American Samoa,ASM,6,52,8.67,37
2002,186,Cayman Islands,CYM,5,418,83.6,48
2002,187,Palau,PLW,5,162,32.4,49
2002,188,Saint Kitts and Nevis,KNA,4,302,75.5,60
2002,189,Sao Tome and Principe,STP,4,184,46.0,26
2002,190,Burundi,BDI,4,130,32.5,71
2002,191,Virgin Islands (U.S.),VIR,4,512,128.0,50
2002,192,Liberia,LBR,4,138,34.5,74
2002,193,Dominica,DMA,3,58,19.33,53
2002,194,Equatorial Guinea,GNQ,3,40,13.33,40
2002,195,Saint Lucia,LCA,3,3,1.0,35
2002,196,Antigua and Barbuda,ATG,3,27,9.0,35
2002,197,Solomon Islands,SLB,3,108,36.0,64
2002,198,Tonga,TON,3,70,23.33,42
2002,199,Djibouti,DJI,2,10,5.0,44
2002,200,Comoros,COM,2,40,20.0,31
2002,201,Aruba,ABW,2,91,45.5,30
2002,202,Gibraltar,GIB,2,172,86.0,48
2002,203,Somalia,SOM,2,43,21.5,45
2002,204,North Korea,PRK,2,0,0.0,60
2002,205,Timor-Leste,TLS,2,0,0.0,39
2002,206,Andorra,AND,2,23,11.5,47
2002,207,Saint Vincent and the Grenadines,VCT,2,238,119.0,30
2002,208,San Marino,SMR,1,58,58.0,56
2002,209,Marshall Islands,MHL,1,0,0.0,32
2002,210,Tuvalu,TUV,1,38,38.0,17
2002,211,Nauru,NRU,1,77,77.0,13
2002,212,Saint Pierre and Miquelon,SPM,1,0,0.0,3
2002,213,Cocos (Keeling) Islands,CCK,1,153,153.0,7
2002,214,Cape Verde,CPV,1,0,0.0,53
2002,215,Turks and Caicos Islands,TCA,1,17,17.0,29
2002,216,Maldives,MDV,1,2,2.0,51
2002,217,Cook Islands,COK,1,146,146.0,33
2002,218,French Southern Territories,ATF,1,30,30.0,5
2002,219,Northern Mariana Islands,MNP,1,41,41.0,25
2003,1,United States,USA,442904,24047476,54.3,3213
2003,2,United Kingdom,GBR,121733,5924458,48.67,2048
2003,3,Japan,JPN,113647,3430047,30.18,1364
2003,4,Germany,DEU,104310,4345460,41.66,1797
2003,5,China,CHN,81936,1608735,19.63,1455
2003,6,France,FRA,73068,3008822,41.18,1604
2003,7,Canada,CAN,56784,2911229,51.27,1659
2003,8,Italy,ITA,55629,2141371,38.49,1416
2003,9,Spain,ESP,39420,1478985,37.52,1303
2003,10,Australia,AUS,38207,1780539,46.6,1475
2003,11,Russian Federation,RUS,37592,553501,14.72,806
2003,12,India,IND,33390,863383,25.86,925
2003,13,Netherlands,NLD,30832,1854571,60.15,1471
2003,14,South Korea,KOR,28464,842824,29.61,1004
2003,15,Sweden,SWE,22210,1268869,57.13,1232
2003,16,Switzerland,CHE,22060,1308674,59.32,1369
2003,17,Brazil,BRA,21518,610780,28.38,844
2003,18,Poland,POL,20252,423006,20.89,792
2003,19,Taiwan,TWN,18710,555368,29.68,738
2003,20,Belgium,BEL,17008,848815,49.91,1134
2003,21,Turkey,TUR,15939,400568,25.13,647
2003,22,Israel,ISR,14366,690691,48.08,962
2003,23,Austria,AUT,12293,544470,44.29,937
2003,24,Denmark,DNK,11699,700671,59.89,1081
2003,25,Finland,FIN,11466,581500,50.72,897
2003,26,Hong Kong,HKG,10761,477661,44.39,863
2003,27,Greece,GRC,9314,333622,35.82,725
2003,28,Mexico,MEX,9157,246825,26.95,641
2003,29,Czech Republic,CZE,8744,208187,23.81,667
2003,30,Singapore,SGP,8469,331157,39.1,873
2003,31,Norway,NOR,8222,428688,52.14,896
2003,32,New Zealand,NZL,7308,337720,46.21,758
2003,33,Ukraine,UKR,7177,79388,11.06,382
2003,34,Hungary,HUN,6735,229048,34.01,630
2003,35,South Africa,ZAF,6653,208696,31.37,702
2003,36,Portugal,PRT,6616,238791,36.09,739
2003,37,Argentina,ARG,6340,209280,33.01,611
2003,38,Ireland,IRL,5212,215073,41.26,753
2003,39,Iran,IRN,4611,116325,25.23,541
2003,40,Egypt,EGY,4548,103358,22.73,452
2003,41,Romania,ROU,3804,61609,16.2,454
2003,42,Thailand,THA,3476,124337,35.77,485
2003,43,Chile,CHL,3295,135265,41.05,555
2003,44,Croatia,HRV,3179,52816,16.61,413
2003,45,Slovenia,SVN,3102,88121,28.41,439
2003,46,Slovakia,SVK,3097,58975,19.04,381
2003,47,Bulgaria,BGR,2522,51090,20.26,373
2003,48,Malaysia,MYS,2515,61075,24.28,559
2003,49,Saudi Arabia,SAU,2440,56138,23.01,618
2003,50,Pakistan,PAK,1895,39063,20.61,481
2003,51,Nigeria,NGA,1727,38263,22.16,340
2003,52,Belarus,BLR,1694,18899,11.16,243
2003,53,Venezuela,VEN,1678,48982,29.19,293
2003,54,Morocco,MAR,1394,29436,21.12,286
2003,55,Tunisia,TUN,1388,25852,18.63,292
2003,56,Lithuania,LTU,1288,23077,17.92,319
2003,57,Serbia,SRB,1230,21832,17.75,384
2003,58,Colombia,COL,1190,35471,29.81,436
2003,59,Cuba,CUB,1169,20703,17.71,235
2003,60,Algeria,DZA,915,16706,18.26,263
2003,61,United Arab Emirates,ARE,909,21571,23.73,371
2003,62,Indonesia,IDN,885,27265,30.81,349
2003,63,Kenya,KEN,877,39532,45.08,371
2003,64,Jordan,JOR,870,22719,26.11,281
2003,65,Estonia,EST,847,28737,33.93,412
2003,66,Bangladesh,BGD,794,24647,31.04,343
2003,67,Philippines,PHL,742,28099,37.87,351
2003,68,Kuwait,KWT,735,18361,24.98,240
2003,69,Lebanon,LBN,701,21074,30.06,322
2003,70,Viet Nam,VNM,670,24602,36.72,350
2003,71,Puerto Rico,PRI,642,19786,30.82,294
2003,72,Armenia,ARM,536,10871,20.28,244
2003,73,Iceland,ISL,518,34161,65.95,415
2003,74,Peru,PER,486,23459,48.27,340
2003,75,Uruguay,URY,479,17146,35.8,256
2003,76,Georgia,GEO,457,7497,16.4,268
2003,77,Oman,OMN,445,10820,24.31,243
2003,78,Latvia,LVA,441,9665,21.92,243
2003,79,Sri Lanka,LKA,435,18186,41.81,277
2003,80,Uzbekistan,UZB,431,5609,13.01,144
2003,81,Tanzania,TZA,382,17092,44.74,245
2003,82,Cameroon,CMR,369,10756,29.15,200
2003,83,Azerbaijan,AZE,365,3296,9.03,167
2003,84,Kazakhstan,KAZ,365,4983,13.65,183
2003,85,Nepal,NPL,364,10989,30.19,224
2003,86,Ethiopia,ETH,361,13590,37.65,257
2003,87,Cyprus,CYP,358,15264,42.64,328
2003,88,Senegal,SEN,356,9696,27.24,169
2003,89,Zimbabwe,ZWE,342,13569,39.68,195
2003,90,Costa Rica,CRI,311,24669,79.32,252
2003,91,Uganda,UGA,303,13792,45.52,253
2003,92,Moldova,MDA,282,4516,16.01,153
2003,93,Ghana,GHA,274,9207,33.6,251
2003,94,Macedonia,MKD,234,3664,15.66,184
2003,95,Jamaica,JAM,219,4055,18.52,146
2003,96,Ecuador,ECU,216,7653,35.43,243
2003,97,Botswana,BWA,204,6176,30.27,160
2003,98,Trinidad and Tobago,TTO,201,5111,25.43,140
2003,99,Luxembourg,LUX,194,5975,30.8,300
2003,100,Côte d’Ivoire,,193,6263,32.45,147
2003,101,Bosnia and Herzegovina,BIH,186,1857,9.98,158
2003,102,Burkina Faso,BFA,178,7200,40.45,150
2003,103,Bahrain,BHR,177,2809,15.87,145
2003,104,Syrian Arab Republic,SYR,175,4984,28.48,156
2003,105,Qatar,QAT,167,3529,21.13,340
2003,106,Panama,PAN,161,16261,101.0,280
2003,107,Iraq,IRQ,155,2448,15.79,231
2003,108,Malawi,MWI,151,6873,45.52,195
2003,109,Sudan,SDN,142,5061,35.64,155
2003,110,Madagascar,MDG,135,4574,33.88,134
2003,111,Palestine,PSE,130,2592,19.94,165
2003,112,Bolivia,BOL,128,6028,47.09,179
2003,113,Malta,MLT,128,6022,47.05,201
2003,114,Zambia,ZMB,122,5251,43.04,171
2003,115,Papua New Guinea,PNG,113,3347,29.62,130
2003,116,Macao,MAC,103,2940,28.54,249
2003,117,Fiji,FJI,99,2793,28.21,138
2003,118,Mongolia,MNG,99,4174,42.16,146
2003,119,Benin,BEN,99,3671,37.08,134
2003,120,Congo,COG,90,2857,31.74,146
2003,121,Libya,LBY,89,1607,18.06,129
2003,122,Barbados,BRB,86,3181,36.99,116
2003,123,Mali,MLI,86,2915,33.9,145
2003,124,Namibia,NAM,81,2226,27.48,137
2003,125,Gambia,GMB,81,5185,64.01,166
2003,126,Mauritius,MUS,76,1827,24.04,146
2003,127,Guatemala,GTM,73,2818,38.6,133
2003,128,Gabon,GAB,69,2809,40.71,136
2003,129,New Caledonia,NCL,66,3230,48.94,131
2003,130,Brunei Darussalam,BRN,66,2074,31.42,147
2003,131,Mozambique,MOZ,62,1998,32.23,150
2003,132,Cambodia,KHM,58,1850,31.9,150
2003,133,Togo,TGO,55,1305,23.73,79
2003,134,Albania,ALB,54,1387,25.69,117
2003,135,Niger,NGA,53,1894,35.74,113
2003,136,Yemen,YEM,51,2059,40.37,137
2003,137,Monaco,MCO,49,2000,40.82,154
2003,138,Montenegro,MNE,49,520,10.61,105
2003,139,Liechtenstein,LIE,41,1072,26.15,130
2003,140,Laos,LAO,41,2866,69.9,130
2003,141,Paraguay,PRY,41,2024,49.37,122
2003,142,French Polynesia,PYF,40,1560,39.0,115
2003,143,Nicaragua,NIC,40,1379,34.48,117
2003,144,Tajikistan,TJK,36,252,7.0,79
2003,145,Kyrgyzstan,KGZ,36,753,20.92,122
2003,146,Guadeloupe,GLP,36,819,22.75,90
2003,147,Greenland,GRL,35,1488,42.51,109
2003,148,Myanmar,MMR,35,1999,57.11,109
2003,149,Eritrea,ERI,32,955,29.84,64
2003,150,French Guiana,GUF,31,1100,35.48,111
2003,151,Honduras,HND,30,1098,36.6,95
2003,152,Central African Republic,CAF,29,981,33.83,74
2003,153,Dominican Republic,DOM,29,1608,55.45,103
2003,154,Eswatini,SWZ,28,524,18.71,96
2003,155,Guam,GUM,27,1318,48.81,85
2003,156,Falkland Islands (Malvinas),FLK,26,935,35.96,57
2003,157,El Salvador,SLV,25,434,17.36,90
2003,158,Rwanda,RWA,22,461,20.95,130
2003,159,Guinea-Bissau,GNB,21,1382,65.81,78
2003,160,Haïti,HTI,19,651,34.26,88
2003,161,Mauritania,MRT,18,611,33.94,62
2003,162,Bermuda,BMU,18,920,51.11,117
2003,163,Guyana,GUY,17,553,32.53,71
2003,164,Angola,AGO,16,667,41.69,67
2003,165,Netherlands Antilles,ANT,15,324,21.6,63
2003,166,Grenada,GRD,15,398,26.53,85
2003,167,Belize,BLZ,14,595,42.5,69
2003,168,Burundi,BDI,14,258,18.43,71
2003,169,Seychelles,SYC,14,246,17.57,85
2003,170,Guinea,GIN,14,831,59.36,94
2003,171,Lesotho,LSO,13,570,43.85,59
2003,172,Virgin Islands (U.S.),VIR,13,208,16.0,50
2003,173,Vanuatu,VUT,13,166,12.77,56
2003,174,Chad,TCD,13,603,46.38,62
2003,175,Solomon Islands,SLB,13,387,29.77,64
2003,176,Afghanistan,AFG,13,262,20.15,81
2003,177,Bahamas,BHS,12,365,30.42,76
2003,178,Turkmenistan,TKM,12,135,11.25,41
2003,179,Reunion,REU,11,42,3.82,72
2003,180,Maldives,MDV,10,294,29.4,51
2003,181,Faroe Islands,FRO,10,440,44.0,91
2003,182,Federated States of Micronesia,FSM,10,284,28.4,56
2003,183,Martinique,MTQ,10,307,30.7,68
2003,184,Andorra,AND,9,420,46.67,47
2003,185,Dominica,DMA,9,250,27.78,53
2003,186,Tonga,TON,8,166,20.75,42
2003,187,Sierra Leone,SLE,8,56,7.0,99
2003,188,Samoa,WSM,8,108,13.5,51
2003,189,Suriname,SUR,7,121,17.29,62
2003,190,Montserrat,MSR,7,796,113.71,41
2003,191,Palau,PLW,6,205,34.17,49
2003,192,Democratic Republic Congo,COD,6,392,65.33,103
2003,193,Marshall Islands,MHL,5,92,18.4,32
2003,194,Bhutan,BTN,5,62,12.4,75
2003,195,Cape Verde,CPV,5,66,13.2,53
2003,196,Cayman Islands,CYM,5,163,32.6,48
2003,197,Sao Tome and Principe,STP,5,197,39.4,26
2003,198,Djibouti,DJI,5,62,12.4,44
2003,199,Liberia,LBR,5,64,12.8,74
2003,200,Saint Vincent and the Grenadines,VCT,4,267,66.75,30
2003,201,American Samoa,ASM,4,100,25.0,37
2003,202,Equatorial Guinea,GNQ,4,86,21.5,40
2003,203,Antigua and Barbuda,ATG,3,18,6.0,35
2003,204,Somalia,SOM,3,93,31.0,45
2003,205,Timor-Leste,TLS,3,89,29.67,39
2003,206,Gibraltar,GIB,2,38,19.0,48
2003,207,Kiribati,KIR,2,32,16.0,24
2003,208,Comoros,COM,2,17,8.5,31
2003,209,Saint Lucia,LCA,2,419,209.5,35
2003,210,Mayotte,MYT,2,43,21.5,20
2003,211,Northern Mariana Islands,MNP,2,135,67.5,25
2003,212,Tuvalu,TUV,1,6,6.0,17
2003,213,Turks and Caicos Islands,TCA,1,16,16.0,29
2003,214,Saint Kitts and Nevis,KNA,1,4,4.0,60
2003,215,United States Minor Outlying Islands,UMI,1,274,274.0,12
2003,216,Svalbard and Jan Mayen,SJM,1,152,152.0,19
2003,217,San Marino,SMR,1,6,6.0,56
2003,218,Aruba,ABW,1,19,19.0,30
2003,219,Virgin Islands (British),VGB,1,1,1.0,39
2004,1,United States,USA,477338,25001046,52.38,3213
2004,2,United Kingdom,GBR,127797,6273801,49.09,2048
2004,3,China,CHN,117129,2178154,18.6,1455
2004,4,Japan,JPN,117024,3553655,30.37,1364
2004,5,Germany,DEU,110654,4512220,40.78,1797
2004,6,France,FRA,77121,3124781,40.52,1604
2004,7,Canada,CAN,62962,3185320,50.59,1659
2004,8,Italy,ITA,58965,2348707,39.83,1416
2004,9,Spain,ESP,43561,1628372,37.38,1303
2004,10,Australia,AUS,41487,2015850,48.59,1475
2004,11,Russian Federation,RUS,38353,626916,16.35,806
2004,12,India,IND,36163,954422,26.39,925
2004,13,Netherlands,NLD,33378,1952119,58.49,1471
2004,14,South Korea,KOR,32733,983572,30.05,1004
2004,15,Brazil,BRA,24168,707009,29.25,844
2004,16,Switzerland,CHE,24025,1488761,61.97,1369
2004,17,Sweden,SWE,23103,1234053,53.42,1232
2004,18,Poland,POL,23047,484558,21.02,792
2004,19,Taiwan,TWN,21845,658517,30.14,738
2004,20,Turkey,TUR,18968,509788,26.88,647
2004,21,Belgium,BEL,18245,875877,48.01,1134
2004,22,Israel,ISR,15052,717743,47.68,962
2004,23,Austria,AUT,12996,585995,45.09,937
2004,24,Finland,FIN,12361,553915,44.81,897
2004,25,Denmark,DNK,12346,744617,60.31,1081
2004,26,Hong Kong,HKG,11594,513010,44.25,863
2004,27,Greece,GRC,10822,372312,34.4,725
2004,28,Singapore,SGP,10144,393791,38.82,873
2004,29,Mexico,MEX,9954,286543,28.79,641
2004,30,Czech Republic,CZE,9565,233963,24.46,667
2004,31,Norway,NOR,9209,465573,50.56,896
2004,32,New Zealand,NZL,7925,378803,47.8,758
2004,33,South Africa,ZAF,7614,267586,35.14,702
2004,34,Portugal,PRT,7451,297684,39.95,739
2004,35,Ukraine,UKR,7293,87939,12.06,382
2004,36,Hungary,HUN,7130,234070,32.83,630
2004,37,Argentina,ARG,6645,232225,34.95,611
2004,38,Ireland,IRL,6134,255328,41.63,753
2004,39,Iran,IRN,6051,145904,24.11,541
2004,40,Egypt,EGY,4589,108173,23.57,452
2004,41,Thailand,THA,4058,154158,37.99,485
2004,42,Romania,ROU,4016,72656,18.09,454
2004,43,Chile,CHL,3619,146301,40.43,555
2004,44,Slovakia,SVK,3327,72940,21.92,381
2004,45,Croatia,HRV,3314,65732,19.83,413
2004,46,Malaysia,MYS,2926,87322,29.84,559
2004,47,Slovenia,SVN,2801,69899,24.96,439
2004,48,Bulgaria,BGR,2706,58958,21.79,373
2004,49,Saudi Arabia,SAU,2430,54368,22.37,618
2004,50,Pakistan,PAK,2167,47187,21.78,481
2004,51,Nigeria,NGA,1927,39128,20.31,340
2004,52,Tunisia,TUN,1769,33316,18.83,292
2004,53,Belarus,BLR,1688,22777,13.49,243
2004,54,Lithuania,LTU,1658,31355,18.91,319
2004,55,Venezuela,VEN,1644,49217,29.94,293
2004,56,Serbia,SRB,1481,33154,22.39,384
2004,57,Morocco,MAR,1459,32977,22.6,286
2004,58,Colombia,COL,1407,42856,30.46,436
2004,59,Cuba,CUB,1222,22649,18.53,235
2004,60,Algeria,DZA,1211,23498,19.4,263
2004,61,Indonesia,IDN,1041,33347,32.03,349
2004,62,Jordan,JOR,986,29337,29.75,281
2004,63,United Arab Emirates,ARE,975,25583,26.24,371
2004,64,Estonia,EST,973,43564,44.77,412
2004,65,Kenya,KEN,958,42103,43.95,371
2004,66,Bangladesh,BGD,880,29437,33.45,343
2004,67,Kuwait,KWT,805,25839,32.1,240
2004,68,Lebanon,LBN,775,24062,31.05,322
2004,69,Philippines,PHL,734,34576,47.11,351
2004,70,Viet Nam,VNM,719,26992,37.54,350
2004,71,Puerto Rico,PRI,629,24376,38.75,294
2004,72,Iceland,ISL,579,47293,81.68,415
2004,73,Armenia,ARM,551,11184,20.3,244
2004,74,Georgia,GEO,549,11246,20.48,268
2004,75,Uruguay,URY,537,21422,39.89,256
2004,76,Peru,PER,529,23918,45.21,340
2004,77,Cyprus,CYP,492,21755,44.22,328
2004,78,Uzbekistan,UZB,486,6397,13.16,144
2004,79,Sri Lanka,LKA,481,17579,36.55,277
2004,80,Latvia,LVA,479,14311,29.88,243
2004,81,Oman,OMN,460,10936,23.77,243
2004,82,Azerbaijan,AZE,449,2532,5.64,167
2004,83,Uganda,UGA,419,18636,44.48,253
2004,84,Costa Rica,CRI,417,18542,44.47,252
2004,85,Tanzania,TZA,410,17208,41.97,245
2004,86,Cameroon,CMR,410,15244,37.18,200
2004,87,Nepal,NPL,387,10562,27.29,224
2004,88,Ethiopia,ETH,379,12875,33.97,257
2004,89,Kazakhstan,KAZ,343,4661,13.59,183
2004,90,Ghana,GHA,337,13904,41.26,251
2004,91,Senegal,SEN,297,7724,26.01,169
2004,92,Macedonia,MKD,282,6001,21.28,184
2004,93,Luxembourg,LUX,282,9596,34.03,300
2004,94,Zimbabwe,ZWE,276,9022,32.69,195
2004,95,Jamaica,JAM,256,5262,20.55,146
2004,96,Moldova,MDA,242,4533,18.73,153
2004,97,Trinidad and Tobago,TTO,236,5063,21.45,140
2004,98,Bosnia and Herzegovina,BIH,232,3132,13.5,158
2004,99,Botswana,BWA,221,5327,24.1,160
2004,100,Ecuador,ECU,219,13146,60.03,243
2004,101,Syrian Arab Republic,SYR,217,6973,32.13,156
2004,102,Qatar,QAT,208,5192,24.96,340
2004,103,Bahrain,BHR,205,3088,15.06,145
2004,104,Côte d’Ivoire,,202,5191,25.7,147
2004,105,Panama,PAN,199,15964,80.22,280
2004,106,Malawi,MWI,179,7169,40.05,195
2004,107,Sudan,SDN,175,4665,26.66,155
2004,108,Burkina Faso,BFA,171,5406,31.61,150
2004,109,Palestine,PSE,159,3487,21.93,165
2004,110,Macao,MAC,150,3424,22.83,249
2004,111,Bolivia,BOL,139,9177,66.02,179
2004,112,Iraq,IRQ,130,2348,18.06,231
2004,113,Benin,BEN,128,4156,32.47,134
2004,114,Madagascar,MDG,116,2539,21.89,134
2004,115,Fiji,FJI,113,1910,16.9,138
2004,116,Malta,MLT,111,2368,21.33,201
2004,117,Libya,LBY,110,1485,13.5,129
2004,118,Zambia,ZMB,108,4575,42.36,171
2004,119,Barbados,BRB,107,4226,39.5,116
2004,120,Mongolia,MNG,100,4702,47.02,146
2004,121,Congo,COG,95,3123,32.87,146
2004,122,Gabon,GAB,91,3908,42.95,136
2004,123,Cambodia,KHM,91,2765,30.38,150
2004,124,Mauritius,MUS,91,2738,30.09,146
2004,125,Monaco,MCO,90,4936,54.84,154
2004,126,Papua New Guinea,PNG,90,2271,25.23,130
2004,127,Mali,MLI,89,3701,41.58,145
2004,128,Gambia,GMB,87,4969,57.11,166
2004,129,Guatemala,GTM,82,3258,39.73,133
2004,130,Mozambique,MOZ,80,2923,36.54,150
2004,131,Brunei Darussalam,BRN,75,1703,22.71,147
2004,132,New Caledonia,NCL,75,11969,159.59,131
2004,133,Yemen,YEM,74,1469,19.85,137
2004,134,Namibia,NAM,72,3837,53.29,137
2004,135,Laos,LAO,71,1980,27.89,130
2004,136,Albania,ALB,56,3087,55.13,117
2004,137,El Salvador,SLV,56,1104,19.71,90
2004,138,Paraguay,PRY,55,2523,45.87,122
2004,139,Guadeloupe,GLP,51,1762,34.55,90
2004,140,Kyrgyzstan,KGZ,49,521,10.63,122
2004,141,Togo,TGO,49,1016,20.73,79
2004,142,Liechtenstein,LIE,48,1862,38.79,130
2004,143,Niger,NGA,48,1164,24.25,113
2004,144,Tajikistan,TJK,48,607,12.65,79
2004,145,Myanmar,MMR,47,1755,37.34,109
2004,146,Nicaragua,NIC,45,1242,27.6,117
2004,147,French Guiana,GUF,44,1528,34.73,111
2004,148,Greenland,GRL,42,1005,23.93,109
2004,149,Honduras,HND,40,914,22.85,95
2004,150,French Polynesia,PYF,40,1365,34.13,115
2004,151,Dominican Republic,DOM,38,1364,35.89,103
2004,152,Guam,GUM,38,2482,65.32,85
2004,153,Montenegro,MNE,34,558,16.41,105
2004,154,Rwanda,RWA,33,936,28.36,130
2004,155,Bermuda,BMU,31,5331,171.97,117
2004,156,Eritrea,ERI,29,682,23.52,64
2004,157,Martinique,MTQ,28,473,16.89,68
2004,158,Netherlands Antilles,ANT,27,1024,37.93,63
2004,159,Central African Republic,CAF,26,788,30.31,74
2004,160,Guyana,GUY,25,484,19.36,71
2004,161,Guinea,GIN,24,697,29.04,94
2004,162,Guinea-Bissau,GNB,23,1194,51.91,78
2004,163,Angola,AGO,23,594,25.83,67
2004,164,Reunion,REU,22,575,26.14,72
2004,165,Chad,TCD,22,1238,56.27,62
2004,166,Haïti,HTI,21,1859,88.52,88
2004,167,Afghanistan,AFG,21,1204,57.33,81
2004,168,Falkland Islands (Malvinas),FLK,20,890,44.5,57
2004,169,Eswatini,SWZ,19,312,16.42,96
2004,170,Vanuatu,VUT,18,485,26.94,56
2004,171,Lesotho,LSO,18,420,23.33,59
2004,172,Faroe Islands,FRO,18,685,38.06,91
2004,173,Bhutan,BTN,17,314,18.47,75
2004,174,Mauritania,MRT,16,375,23.44,62
2004,175,Grenada,GRD,16,647,40.44,85
2004,176,Sierra Leone,SLE,15,138,9.2,99
2004,177,Seychelles,SYC,14,554,39.57,85
2004,178,Democratic Republic Congo,COD,13,551,42.38,103
2004,179,Belize,BLZ,13,1161,89.31,69
2004,180,Suriname,SUR,12,428,35.67,62
2004,181,Virgin Islands (U.S.),VIR,11,405,36.82,50
2004,182,Burundi,BDI,11,300,27.27,71
2004,183,San Marino,SMR,10,139,13.9,56
2004,184,Solomon Islands,SLB,9,357,39.67,64
2004,185,Samoa,WSM,9,167,18.56,51
2004,186,Equatorial Guinea,GNQ,9,194,21.56,40
2004,187,Palau,PLW,9,569,63.22,49
2004,188,Federated States of Micronesia,FSM,9,285,31.67,56
2004,189,Bahamas,BHS,8,167,20.88,76
2004,190,North Korea,PRK,8,184,23.0,60
2004,191,Saint Kitts and Nevis,KNA,8,379,47.38,60
2004,192,Tonga,TON,7,173,24.71,42
2004,193,Turkmenistan,TKM,7,142,20.29,41
2004,194,Cayman Islands,CYM,6,229,38.17,48
2004,195,Marshall Islands,MHL,6,72,12.0,32
2004,196,Maldives,MDV,6,87,14.5,51
2004,197,Liberia,LBR,6,73,12.17,74
2004,198,American Samoa,ASM,6,206,34.33,37
2004,199,Northern Mariana Islands,MNP,5,214,42.8,25
2004,200,Djibouti,DJI,5,173,34.6,44
2004,201,Dominica,DMA,5,196,39.2,53
2004,202,Saint Lucia,LCA,4,27,6.75,35
2004,203,Gibraltar,GIB,4,62,15.5,48
2004,204,Andorra,AND,4,142,35.5,47
2004,205,Virgin Islands (British),VGB,3,18,6.0,39
2004,206,Mayotte,MYT,3,22,7.33,20
2004,207,Vatican City State,VAT,3,7,2.33,19
2004,208,Saint Vincent and the Grenadines,VCT,3,279,93.0,30
2004,209,Sao Tome and Principe,STP,3,92,30.67,26
2004,210,Timor-Leste,TLS,2,91,45.5,39
2004,211,Comoros,COM,2,24,12.0,31
2004,212,Aruba,ABW,2,0,0.0,30
2004,213,Tuvalu,TUV,2,22,11.0,17
2004,214,Turks and Caicos Islands,TCA,2,88,44.0,29
2004,215,Somalia,SOM,2,91,45.5,45
2004,216,Cape Verde,CPV,2,6,3.0,53
2004,217,Antigua and Barbuda,ATG,2,69,34.5,35
2004,218,Montserrat,MSR,2,198,99.0,41
2004,219,Nauru,NRU,1,11,11.0,13
2004,220,Svalbard and Jan Mayen,SJM,1,59,59.0,19
2004,221,Tokelau,TKL,1,60,60.0,7
2004,222,Niue,NIU,1,0,0.0,12
2005,1,United States,USA,527998,25332354,47.98,3213
2005,2,China,CHN,171173,2757838,16.11,1455
2005,3,United Kingdom,GBR,143029,6537877,45.71,2048
2005,4,Japan,JPN,128144,3490299,27.24,1364
2005,5,Germany,DEU,125719,4967557,39.51,1797
2005,6,France,FRA,85319,3408096,39.95,1604
2005,7,Canada,CAN,72713,3355336,46.14,1659
2005,8,Italy,ITA,65512,2557756,39.04,1416
2005,9,Spain,ESP,49846,1822655,36.57,1303
2005,10,Australia,AUS,48093,2112538,43.93,1475
2005,11,India,IND,41658,1065243,25.57,925
2005,12,Russian Federation,RUS,40203,609958,15.17,806
2005,13,South Korea,KOR,38181,1063113,27.84,1004
2005,14,Netherlands,NLD,37976,2121725,55.87,1471
2005,15,Brazil,BRA,27403,802417,29.28,844
2005,16,Switzerland,CHE,26885,1567813,58.32,1369
2005,17,Taiwan,TWN,26082,739532,28.35,738
2005,18,Sweden,SWE,25649,1329125,51.82,1232
2005,19,Poland,POL,25356,509395,20.09,792
2005,20,Turkey,TUR,20996,550015,26.2,647
2005,21,Belgium,BEL,20741,1018578,49.11,1134
2005,22,Israel,ISR,15631,727074,46.51,962
2005,23,Austria,AUT,14798,639759,43.23,937
2005,24,Denmark,DNK,13637,794959,58.29,1081
2005,25,Finland,FIN,13367,580583,43.43,897
2005,26,Hong Kong,HKG,12886,535873,41.59,863
2005,27,Greece,GRC,12830,437769,34.12,725
2005,28,Mexico,MEX,11503,303997,26.43,641
2005,29,Singapore,SGP,11176,447040,40.0,873
2005,30,Norway,NOR,10925,531734,48.67,896
2005,31,Czech Republic,CZE,10751,257096,23.91,667
2005,32,New Zealand,NZL,9343,404615,43.31,758
2005,33,Portugal,PRT,8628,321386,37.25,739
2005,34,Iran,IRN,8470,188826,22.29,541
2005,35,South Africa,ZAF,8326,288683,34.67,702
2005,36,Hungary,HUN,8063,247763,30.73,630
2005,37,Ireland,IRL,7676,301512,39.28,753
2005,38,Ukraine,UKR,7633,90179,11.81,382
2005,39,Argentina,ARG,7135,231012,32.38,611
2005,40,Thailand,THA,5196,180538,34.75,485
2005,41,Romania,ROU,4936,86626,17.55,454
2005,42,Egypt,EGY,4861,117943,24.26,452
2005,43,Chile,CHL,4105,146038,35.58,555
2005,44,Croatia,HRV,4021,73657,18.32,413
2005,45,Slovakia,SVK,3577,75850,21.2,381
2005,46,Malaysia,MYS,3563,82968,23.29,559
2005,47,Slovenia,SVN,3417,89860,26.3,439
2005,48,Bulgaria,BGR,3068,58429,19.04,373
2005,49,Pakistan,PAK,2955,55557,18.8,481
2005,50,Saudi Arabia,SAU,2546,51162,20.1,618
2005,51,Nigeria,NGA,2410,51631,21.42,340
2005,52,Tunisia,TUN,2237,51805,23.16,292
2005,53,Serbia,SRB,2065,35721,17.3,384
2005,54,Lithuania,LTU,2017,34757,17.23,319
2005,55,Venezuela,VEN,1933,43237,22.37,293
2005,56,Belarus,BLR,1861,21440,11.52,243
2005,57,Colombia,COL,1643,63292,38.52,436
2005,58,Cuba,CUB,1502,24735,16.47,235
2005,59,Morocco,MAR,1442,32737,22.7,286
2005,60,Algeria,DZA,1326,23631,17.82,263
2005,61,Indonesia,IDN,1266,36640,28.94,349
2005,62,United Arab Emirates,ARE,1264,26296,20.8,371
2005,63,Jordan,JOR,1114,25587,22.97,281
2005,64,Estonia,EST,1114,48002,43.09,412
2005,65,Bangladesh,BGD,1036,31505,30.41,343
2005,66,Kenya,KEN,987,44336,44.92,371
2005,67,Philippines,PHL,936,38545,41.18,351
2005,68,Lebanon,LBN,929,22564,24.29,322
2005,69,Kuwait,KWT,902,23878,26.47,240
2005,70,Viet Nam,VNM,857,30237,35.28,350
2005,71,Puerto Rico,PRI,778,34361,44.17,294
2005,72,Georgia,GEO,719,10462,14.55,268
2005,73,Iceland,ISL,699,41087,58.78,415
2005,74,Latvia,LVA,683,16935,24.8,243
2005,75,Cyprus,CYP,647,18958,29.3,328
2005,76,Armenia,ARM,629,14009,22.27,244
2005,77,Peru,PER,624,23441,37.57,340
2005,78,Uruguay,URY,623,20412,32.76,256
2005,79,Sri Lanka,LKA,607,16625,27.39,277
2005,80,Oman,OMN,520,14722,28.31,243
2005,81,Tanzania,TZA,498,21178,42.53,245
2005,82,Cameroon,CMR,485,11661,24.04,200
2005,83,Nepal,NPL,484,10334,21.35,224
2005,84,Uzbekistan,UZB,480,5380,11.21,144
2005,85,Uganda,UGA,463,18047,38.98,253
2005,86,Costa Rica,CRI,451,21096,46.78,252
2005,87,Azerbaijan,AZE,440,4026,9.15,167
2005,88,Ethiopia,ETH,432,15755,36.47,257
2005,89,Ghana,GHA,396,13238,33.43,251
2005,90,Kazakhstan,KAZ,374,4076,10.9,183
2005,91,Senegal,SEN,363,11122,30.64,169
2005,92,Moldova,MDA,353,7465,21.15,153
2005,93,Luxembourg,LUX,343,12144,35.41,300
2005,94,Macedonia,MKD,326,6660,20.43,184
2005,95,Bosnia and Herzegovina,BIH,318,4301,13.53,158
2005,96,Ecuador,ECU,300,12827,42.76,243
2005,97,Trinidad and Tobago,TTO,296,6605,22.31,140
2005,98,Zimbabwe,ZWE,287,10441,36.38,195
2005,99,Qatar,QAT,268,5222,19.49,340
2005,100,Syrian Arab Republic,SYR,266,6699,25.18,156
2005,101,Botswana,BWA,253,13558,53.59,160
2005,102,Bahrain,BHR,243,3946,16.24,145
2005,103,Jamaica,JAM,237,5464,23.05,146
2005,104,Macao,MAC,230,3517,15.29,249
2005,105,Panama,PAN,212,14736,69.51,280
2005,106,Iraq,IRQ,203,3422,16.86,231
2005,107,Côte d’Ivoire,,196,4984,25.43,147
2005,108,Sudan,SDN,193,3829,19.84,155
2005,109,Malawi,MWI,191,6283,32.9,195
2005,110,Burkina Faso,BFA,188,8381,44.58,150
2005,111,Malta,MLT,171,7329,42.86,201
2005,112,Bolivia,BOL,166,6160,37.11,179
2005,113,Palestine,PSE,160,4360,27.25,165
2005,114,Zambia,ZMB,153,4258,27.83,171
2005,115,Madagascar,MDG,139,4163,29.95,134
2005,116,Libya,LBY,135,1742,12.9,129
2005,117,Benin,BEN,131,3854,29.42,134
2005,118,Guatemala,GTM,128,4269,33.35,133
2005,119,Congo,COG,127,6688,52.66,146
2005,120,Namibia,NAM,125,5061,40.49,137
2005,121,Fiji,FJI,123,3044,24.75,138
2005,122,Mauritius,MUS,113,3677,32.54,146
2005,123,Gabon,GAB,111,5256,47.35,136
2005,124,Mongolia,MNG,110,3937,35.79,146
2005,125,New Caledonia,NCL,106,3726,35.15,131
2005,126,Mali,MLI,105,4442,42.3,145
2005,127,Monaco,MCO,98,4563,46.56,154
2005,128,Barbados,BRB,98,2598,26.51,116
2005,129,Gambia,GMB,96,6279,65.41,166
2005,130,Cambodia,KHM,94,4162,44.28,150
2005,131,Myanmar,MMR,93,2645,28.44,109
2005,132,Papua New Guinea,PNG,87,2416,27.77,130
2005,133,Kyrgyzstan,KGZ,86,1485,17.27,122
2005,134,Mozambique,MOZ,84,2881,34.3,150
2005,135,Yemen,YEM,80,1605,20.06,137
2005,136,Brunei Darussalam,BRN,74,1492,20.16,147
2005,137,Montenegro,MNE,74,1020,13.78,105
2005,138,Liechtenstein,LIE,73,2726,37.34,130
2005,139,Laos,LAO,70,3944,56.34,130
2005,140,Albania,ALB,60,1116,18.6,117
2005,141,Niger,NGA,59,1532,25.97,113
2005,142,Paraguay,PRY,58,2564,44.21,122
2005,143,Tajikistan,TJK,57,774,13.58,79
2005,144,French Guiana,GUF,56,2012,35.93,111
2005,145,Nicaragua,NIC,55,2898,52.69,117
2005,146,Togo,TGO,51,1160,22.75,79
2005,147,Guadeloupe,GLP,48,1262,26.29,90
2005,148,El Salvador,SLV,46,1351,29.37,90
2005,149,Honduras,HND,45,1831,40.69,95
2005,150,Dominican Republic,DOM,43,712,16.56,103
2005,151,French Polynesia,PYF,41,1743,42.51,115
2005,152,Eswatini,SWZ,41,828,20.2,96
2005,153,Greenland,GRL,39,1332,34.15,109
2005,154,Guyana,GUY,38,323,8.5,71
2005,155,Mauritania,MRT,38,594,15.63,62
2005,156,Guam,GUM,36,953,26.47,85
2005,157,Martinique,MTQ,35,928,26.51,68
2005,158,Eritrea,ERI,33,904,27.39,64
2005,159,Angola,AGO,33,1562,47.33,67
2005,160,Bermuda,BMU,33,1446,43.82,117
2005,161,Haïti,HTI,32,1172,36.63,88
2005,162,Faroe Islands,FRO,32,1850,57.81,91
2005,163,Rwanda,RWA,30,685,22.83,130
2005,164,Reunion,REU,29,620,21.38,72
2005,165,Chad,TCD,28,2266,80.93,62
2005,166,Falkland Islands (Malvinas),FLK,28,818,29.21,57
2005,167,Guinea-Bissau,GNB,27,1260,46.67,78
2005,168,Vanuatu,VUT,27,512,18.96,56
2005,169,Netherlands Antilles,ANT,26,858,33.0,63
2005,170,Central African Republic,CAF,25,928,37.12,74
2005,171,Democratic Republic Congo,COD,25,310,12.4,103
2005,172,Afghanistan,AFG,22,563,25.59,81
2005,173,Lesotho,LSO,21,377,17.95,59
2005,174,Belize,BLZ,20,1001,50.05,69
2005,175,North Korea,PRK,20,228,11.4,60
2005,176,Grenada,GRD,19,832,43.79,85
2005,177,Bahamas,BHS,18,183,10.17,76
2005,178,Suriname,SUR,17,448,26.35,62
2005,179,Federated States of Micronesia,FSM,17,123,7.24,56
2005,180,Guinea,GIN,17,752,44.24,94
2005,181,Sierra Leone,SLE,16,282,17.63,99
2005,182,Bhutan,BTN,16,574,35.88,75
2005,183,Palau,PLW,15,294,19.6,49
2005,184,Virgin Islands (U.S.),VIR,14,568,40.57,50
2005,185,Seychelles,SYC,14,793,56.64,85
2005,186,Northern Mariana Islands,MNP,12,252,21.0,25
2005,187,Andorra,AND,12,317,26.42,47
2005,188,Maldives,MDV,12,72,6.0,51
2005,189,San Marino,SMR,12,416,34.67,56
2005,190,Samoa,WSM,11,317,28.82,51
2005,191,Burundi,BDI,11,243,22.09,71
2005,192,Dominica,DMA,11,325,29.55,53
2005,193,Solomon Islands,SLB,10,810,81.0,64
2005,194,Turkmenistan,TKM,10,253,25.3,41
2005,195,Cayman Islands,CYM,9,135,15.0,48
2005,196,Montserrat,MSR,7,156,22.29,41
2005,197,Antigua and Barbuda,ATG,7,153,21.86,35
2005,198,Djibouti,DJI,7,80,11.43,44
2005,199,Liberia,LBR,5,94,18.8,74
2005,200,Marshall Islands,MHL,5,26,5.2,32
2005,201,Equatorial Guinea,GNQ,5,124,24.8,40
2005,202,Saint Lucia,LCA,5,69,13.8,35
2005,203,Saint Kitts and Nevis,KNA,5,141,28.2,60
2005,204,Mayotte,MYT,5,10,2.0,20
2005,205,Comoros,COM,5,112,22.4,31
2005,206,Aruba,ABW,4,1075,268.75,30
2005,207,Virgin Islands (British),VGB,4,22,5.5,39
2005,208,American Samoa,ASM,4,39,9.75,37
2005,209,Gibraltar,GIB,3,107,35.67,48
2005,210,Svalbard and Jan Mayen,SJM,3,77,25.67,19
2005,211,Tonga,TON,3,43,14.33,42
2005,212,Cape Verde,CPV,2,19,9.5,53
2005,213,Nauru,NRU,2,0,0.0,13
2005,214,Niue,NIU,2,11,5.5,12
2005,215,Timor-Leste,TLS,2,14,7.0,39
2005,216,Wallis and Futuna,WLF,1,16,16.0,9
2005,217,Cook Islands,COK,1,5,5.0,33
2005,218,Saint Helena,SHN,1,54,54.0,19
2005,219,Norfolk Island,NFK,1,24,24.0,11
2005,220,Saint Vincent and the Grenadines,VCT,1,0,0.0,30
2005,221,Sao Tome and Principe,STP,1,16,16.0,26
2005,222,Turks and Caicos Islands,TCA,1,152,152.0,29
2005,223,Vatican City State,VAT,1,1,1.0,19
2005,224,Republic of South Sudan,SSD,1,0,0.0,33
2005,225,Tuvalu,TUV,1,21,21.0,17
2006,1,United States,USA,544682,25235044,46.33,3213
2006,2,China,CHN,201293,3260944,16.2,1455
2006,3,United Kingdom,GBR,151260,6733768,44.52,2048
2006,4,Japan,JPN,130493,3471978,26.61,1364
2006,5,Germany,DEU,129980,4944913,38.04,1797
2006,6,France,FRA,90353,3394158,37.57,1604
2006,7,Canada,CAN,77479,3503008,45.21,1659
2006,8,Italy,ITA,70242,2576065,36.67,1416
2006,9,Spain,ESP,54713,1959630,35.82,1303
2006,10,Australia,AUS,52138,2293407,43.99,1475
2006,11,India,IND,47755,1221538,25.58,925
2006,12,South Korea,KOR,44311,1125749,25.41,1004
2006,13,Netherlands,NLD,40005,2149920,53.74,1471
2006,14,Russian Federation,RUS,36050,570357,15.82,806
2006,15,Brazil,BRA,34685,881007,25.4,844
2006,16,Taiwan,TWN,29873,778474,26.06,738
2006,17,Switzerland,CHE,28925,1599729,55.31,1369
2006,18,Poland,POL,27488,537930,19.57,792
2006,19,Sweden,SWE,26286,1299571,49.44,1232
2006,20,Turkey,TUR,23419,575331,24.57,647
2006,21,Belgium,BEL,21655,1008825,46.59,1134
2006,22,Israel,ISR,16605,738794,44.49,962
2006,23,Austria,AUT,15345,633844,41.31,937
2006,24,Greece,GRC,15060,492004,32.67,725
2006,25,Denmark,DNK,14456,812773,56.22,1081
2006,26,Finland,FIN,14085,592519,42.07,897
2006,27,Hong Kong,HKG,14069,530703,37.72,863
2006,28,Mexico,MEX,12959,322866,24.91,641
2006,29,Czech Republic,CZE,12103,294697,24.35,667
2006,30,Singapore,SGP,12056,466276,38.68,873
2006,31,Iran,IRN,11886,264051,22.22,541
2006,32,Norway,NOR,11752,548154,46.64,896
2006,33,Portugal,PRT,10536,381720,36.23,739
2006,34,New Zealand,NZL,9764,531784,54.46,758
2006,35,South Africa,ZAF,9205,291118,31.63,702
2006,36,Ireland,IRL,8211,338539,41.23,753
2006,37,Hungary,HUN,8134,245028,30.12,630
2006,38,Argentina,ARG,7939,261963,33.0,611
2006,39,Ukraine,UKR,6969,89465,12.84,382
2006,40,Thailand,THA,6259,185887,29.7,485
2006,41,Egypt,EGY,5352,133717,24.98,452
2006,42,Romania,ROU,5295,84901,16.03,454
2006,43,Chile,CHL,5038,161642,32.08,555
2006,44,Malaysia,MYS,4597,100839,21.94,559
2006,45,Croatia,HRV,4005,68614,17.13,413
2006,46,Slovakia,SVK,3819,95730,25.07,381
2006,47,Pakistan,PAK,3616,70689,19.55,481
2006,48,Slovenia,SVN,3541,117499,33.18,439
2006,49,Nigeria,NGA,3243,57759,17.81,340
2006,50,Bulgaria,BGR,2949,70867,24.03,373
2006,51,Saudi Arabia,SAU,2776,55949,20.15,618
2006,52,Tunisia,TUN,2681,49216,18.36,292
2006,53,Lithuania,LTU,2330,41605,17.86,319
2006,54,Colombia,COL,2276,64702,28.43,436
2006,55,Serbia,SRB,2206,45719,20.72,384
2006,56,Venezuela,VEN,2057,40713,19.79,293
2006,57,Cuba,CUB,1894,26142,13.8,235
2006,58,Algeria,DZA,1869,36090,19.31,263
2006,59,Belarus,BLR,1654,25312,15.3,243
2006,60,Morocco,MAR,1577,35345,22.41,286
2006,61,United Arab Emirates,ARE,1488,35654,23.96,371
2006,62,Indonesia,IDN,1452,39835,27.43,349
2006,63,Estonia,EST,1377,48344,35.11,412
2006,64,Jordan,JOR,1368,34664,25.34,281
2006,65,Bangladesh,BGD,1259,33979,26.99,343
2006,66,Lebanon,LBN,1106,29314,26.5,322
2006,67,Kenya,KEN,1083,42322,39.08,371
2006,68,Viet Nam,VNM,987,35735,36.21,350
2006,69,Puerto Rico,PRI,973,34002,34.95,294
2006,70,Kuwait,KWT,965,20905,21.66,240
2006,71,Philippines,PHL,938,38041,40.56,351
2006,72,Peru,PER,888,25629,28.86,340
2006,73,Georgia,GEO,745,14729,19.77,268
2006,74,Iceland,ISL,740,49013,66.23,415
2006,75,Cyprus,CYP,731,23621,32.31,328
2006,76,Sri Lanka,LKA,654,20666,31.6,277
2006,77,Uruguay,URY,650,21270,32.72,256
2006,78,Tanzania,TZA,632,24852,39.32,245
2006,79,Latvia,LVA,620,16625,26.81,243
2006,80,Armenia,ARM,609,18721,30.74,244
2006,81,Oman,OMN,602,14534,24.14,243
2006,82,Cameroon,CMR,591,17167,29.05,200
2006,83,Nepal,NPL,588,16322,27.76,224
2006,84,Ethiopia,ETH,517,19641,37.99,257
2006,85,Uganda,UGA,486,20265,41.7,253
2006,86,Uzbekistan,UZB,473,7805,16.5,144
2006,87,Costa Rica,CRI,467,19418,41.58,252
2006,88,Luxembourg,LUX,457,15794,34.56,300
2006,89,Ghana,GHA,411,14162,34.46,251
2006,90,Azerbaijan,AZE,387,5085,13.14,167
2006,91,Bosnia and Herzegovina,BIH,369,4989,13.52,158
2006,92,Macedonia,MKD,364,6593,18.11,184
2006,93,Iraq,IRQ,351,5324,15.17,231
2006,94,Kazakhstan,KAZ,344,4874,14.17,183
2006,95,Zimbabwe,ZWE,333,12640,37.96,195
2006,96,Botswana,BWA,324,8979,27.71,160
2006,97,Ecuador,ECU,323,12400,38.39,243
2006,98,Senegal,SEN,311,8496,27.32,169
2006,99,Moldova,MDA,308,7388,23.99,153
2006,100,Qatar,QAT,308,6095,19.79,340
2006,101,Macao,MAC,289,7809,27.02,249
2006,102,Bahrain,BHR,287,4350,15.16,145
2006,103,Trinidad and Tobago,TTO,274,6774,24.72,140
2006,104,Burkina Faso,BFA,251,9214,36.71,150
2006,105,Jamaica,JAM,248,10322,41.62,146
2006,106,Panama,PAN,243,25998,106.99,280
2006,107,Syrian Arab Republic,SYR,242,8259,34.13,156
2006,108,Malawi,MWI,232,8623,37.17,195
2006,109,Côte d’Ivoire,,214,4688,21.91,147
2006,110,Sudan,SDN,212,4983,23.5,155
2006,111,Malta,MLT,197,10865,55.15,201
2006,112,Bolivia,BOL,193,9138,47.35,179
2006,113,Palestine,PSE,191,4703,24.62,165
2006,114,Benin,BEN,180,5115,28.42,134
2006,115,Zambia,ZMB,169,7456,44.12,171
2006,116,Fiji,FJI,161,4090,25.4,138
2006,117,Libya,LBY,161,3325,20.65,129
2006,118,Congo,COG,155,5078,32.76,146
2006,119,Madagascar,MDG,145,6030,41.59,134
2006,120,Mali,MLI,144,4196,29.14,145
2006,121,New Caledonia,NCL,131,5803,44.3,131
2006,122,Mongolia,MNG,128,3814,29.8,146
2006,123,Namibia,NAM,123,7177,58.35,137
2006,124,Cambodia,KHM,122,3713,30.43,150
2006,125,Gabon,GAB,119,4815,40.46,136
2006,126,Gambia,GMB,110,7021,63.83,166
2006,127,Mozambique,MOZ,106,3440,32.45,150
2006,128,Papua New Guinea,PNG,106,2894,27.3,130
2006,129,Yemen,YEM,105,3825,36.43,137
2006,130,Barbados,BRB,96,1787,18.61,116
2006,131,Brunei Darussalam,BRN,96,3058,31.85,147
2006,132,Mauritius,MUS,96,3877,40.39,146
2006,133,Laos,LAO,94,4396,46.77,130
2006,134,Montenegro,MNE,93,2815,30.27,105
2006,135,Guatemala,GTM,92,3370,36.63,133
2006,136,Nicaragua,NIC,92,3382,36.76,117
2006,137,Monaco,MCO,87,3173,36.47,154
2006,138,Kyrgyzstan,KGZ,83,2049,24.69,122
2006,139,Guadeloupe,GLP,81,5166,63.78,90
2006,140,Liechtenstein,LIE,74,3463,46.8,130
2006,141,Myanmar,MMR,73,1728,23.67,109
2006,142,Niger,NGA,71,2580,36.34,113
2006,143,Albania,ALB,69,1803,26.13,117
2006,144,French Guiana,GUF,64,1994,31.16,111
2006,145,Togo,TGO,61,1152,18.89,79
2006,146,Paraguay,PRY,58,3018,52.03,122
2006,147,French Polynesia,PYF,51,1540,30.2,115
2006,148,Rwanda,RWA,50,2224,44.48,130
2006,149,El Salvador,SLV,50,1372,27.44,90
2006,150,Tajikistan,TJK,49,1054,21.51,79
2006,151,Eritrea,ERI,47,1608,34.21,64
2006,152,Grenada,GRD,46,1042,22.65,85
2006,153,Afghanistan,AFG,45,490,10.89,81
2006,154,Dominican Republic,DOM,45,1108,24.62,103
2006,155,Guam,GUM,45,1416,31.47,85
2006,156,Greenland,GRL,43,2010,46.74,109
2006,157,Honduras,HND,43,1686,39.21,95
2006,158,Reunion,REU,41,925,22.56,72
2006,159,Guinea,GIN,40,1379,34.48,94
2006,160,Bermuda,BMU,39,3659,93.82,117
2006,161,Eswatini,SWZ,38,1355,35.66,96
2006,162,Haïti,HTI,38,1840,48.42,88
2006,163,Bhutan,BTN,37,1812,48.97,75
2006,164,Angola,AGO,36,744,20.67,67
2006,165,Chad,TCD,34,1448,42.59,62
2006,166,Guyana,GUY,31,643,20.74,71
2006,167,Central African Republic,CAF,28,650,23.21,74
2006,168,Mauritania,MRT,26,800,30.77,62
2006,169,Lesotho,LSO,26,953,36.65,59
2006,170,Netherlands Antilles,ANT,26,895,34.42,63
2006,171,Martinique,MTQ,25,646,25.84,68
2006,172,Seychelles,SYC,24,4807,200.29,85
2006,173,Faroe Islands,FRO,21,905,43.1,91
2006,174,Democratic Republic Congo,COD,21,1015,48.33,103
2006,175,Belize,BLZ,20,731,36.55,69
2006,176,Sierra Leone,SLE,20,278,13.9,99
2006,177,Samoa,WSM,20,318,15.9,51
2006,178,Falkland Islands (Malvinas),FLK,18,691,38.39,57
2006,179,Vanuatu,VUT,17,479,28.18,56
2006,180,Virgin Islands (U.S.),VIR,17,591,34.76,50
2006,181,Solomon Islands,SLB,15,275,18.33,64
2006,182,Burundi,BDI,15,157,10.47,71
2006,183,Cayman Islands,CYM,14,380,27.14,48
2006,184,Palau,PLW,13,376,28.92,49
2006,185,Turkmenistan,TKM,13,612,47.08,41
2006,186,Bahamas,BHS,13,425,32.69,76
2006,187,San Marino,SMR,12,204,17.0,56
2006,188,Federated States of Micronesia,FSM,12,553,46.08,56
2006,189,Cape Verde,CPV,12,299,24.92,53
2006,190,Guinea-Bissau,GNB,12,447,37.25,78
2006,191,Liberia,LBR,11,174,15.82,74
2006,192,Dominica,DMA,11,183,16.64,53
2006,193,Andorra,AND,11,339,30.82,47
2006,194,Marshall Islands,MHL,11,387,35.18,32
2006,195,North Korea,PRK,10,703,70.3,60
2006,196,Suriname,SUR,10,242,24.2,62
2006,197,Tonga,TON,10,223,22.3,42
2006,198,Saint Kitts and Nevis,KNA,9,335,37.22,60
2006,199,Kiribati,KIR,9,137,15.22,24
2006,200,American Samoa,ASM,9,694,77.11,37
2006,201,Equatorial Guinea,GNQ,9,151,16.78,40
2006,202,Maldives,MDV,8,138,17.25,51
2006,203,Djibouti,DJI,8,243,30.38,44
2006,204,Saint Lucia,LCA,8,87,10.88,35
2006,205,Timor-Leste,TLS,8,276,34.5,39
2006,206,Mayotte,MYT,8,78,9.75,20
2006,207,Virgin Islands (British),VGB,7,887,126.71,39
2006,208,Antigua and Barbuda,ATG,6,217,36.17,35
2006,209,Gibraltar,GIB,6,420,70.0,48
2006,210,Somalia,SOM,5,98,19.6,45
2006,211,Montserrat,MSR,5,163,32.6,41
2006,212,Saint Vincent and the Grenadines,VCT,5,235,47.0,30
2006,213,Tuvalu,TUV,3,31,10.33,17
2006,214,Niue,NIU,3,5,1.67,12
2006,215,Sao Tome and Principe,STP,3,108,36.0,26
2006,216,Turks and Caicos Islands,TCA,3,59,19.67,29
2006,217,Comoros,COM,2,2,1.0,31
2006,218,Cocos (Keeling) Islands,CCK,2,33,16.5,7
2006,219,Northern Mariana Islands,MNP,2,28,14.0,25
2006,220,Nauru,NRU,1,0,0.0,13
2006,221,Anguilla,AIA,1,21,21.0,28
2006,222,Cook Islands,COK,1,11,11.0,33
2006,223,Christmas Island,CXR,1,4,4.0,4
2007,1,United States,USA,547901,24643610,44.98,3213
2007,2,China,CHN,223156,3877178,17.37,1455
2007,3,United Kingdom,GBR,158784,6953546,43.79,2048
2007,4,Germany,DEU,133602,5222278,39.09,1797
2007,5,Japan,JPN,124662,3411982,27.37,1364
2007,6,France,FRA,93064,3520576,37.83,1604
2007,7,Canada,CAN,80265,3558294,44.33,1659
2007,8,Italy,ITA,75297,2756749,36.61,1416
2007,9,Spain,ESP,58705,2110952,35.96,1303
2007,10,Australia,AUS,55532,2398553,43.19,1475
2007,11,India,IND,53115,1358994,25.59,925
2007,12,South Korea,KOR,48449,1241878,25.63,1004
2007,13,Netherlands,NLD,41764,2283132,54.67,1471
2007,14,Brazil,BRA,37954,969235,25.54,844
2007,15,Russian Federation,RUS,36622,575419,15.71,806
2007,16,Taiwan,TWN,32130,820208,25.53,738
2007,17,Switzerland,CHE,30338,1656350,54.6,1369
2007,18,Poland,POL,27289,560818,20.55,792
2007,19,Sweden,SWE,26905,1316983,48.95,1232
2007,20,Turkey,TUR,25638,675204,26.34,647
2007,21,Belgium,BEL,22757,1058414,46.51,1134
2007,22,Israel,ISR,16973,717907,42.3,962
2007,23,Austria,AUT,16589,673977,40.63,937
2007,24,Greece,GRC,15645,506294,32.36,725
2007,25,Iran,IRN,15333,356491,23.25,541
2007,26,Denmark,DNK,15242,852437,55.93,1081
2007,27,Finland,FIN,14399,625951,43.47,897
2007,28,Hong Kong,HKG,13963,606089,43.41,863
2007,29,Czech Republic,CZE,13454,318739,23.69,667
2007,30,Mexico,MEX,13199,328209,24.87,641
2007,31,Norway,NOR,12751,573425,44.97,896
2007,32,Singapore,SGP,12026,467711,38.89,873
2007,33,Portugal,PRT,11080,413928,37.36,739
2007,34,New Zealand,NZL,10474,440241,42.03,758
2007,35,South Africa,ZAF,9710,315279,32.47,702
2007,36,Ireland,IRL,9171,380109,41.45,753
2007,37,Hungary,HUN,8687,255952,29.46,630
2007,38,Argentina,ARG,8271,262402,31.73,611
2007,39,Ukraine,UKR,6983,97831,14.01,382
2007,40,Romania,ROU,6842,108494,15.86,454
2007,41,Thailand,THA,6744,213452,31.65,485
2007,42,Egypt,EGY,5999,146462,24.41,452
2007,43,Malaysia,MYS,5426,130468,24.04,559
2007,44,Chile,CHL,5393,169219,31.38,555
2007,45,Croatia,HRV,4677,80169,17.14,413
2007,46,Pakistan,PAK,4360,101631,23.31,481
2007,47,Slovakia,SVK,4199,97549,23.23,381
2007,48,Slovenia,SVN,4045,110565,27.33,439
2007,49,Nigeria,NGA,3732,73043,19.57,340
2007,50,Bulgaria,BGR,3651,72993,19.99,373
2007,51,Tunisia,TUN,3091,65923,21.33,292
2007,52,Saudi Arabia,SAU,2967,65470,22.07,618
2007,53,Serbia,SRB,2718,48716,17.92,384
2007,54,Colombia,COL,2554,69360,27.16,436
2007,55,Lithuania,LTU,2294,40120,17.49,319
2007,56,Venezuela,VEN,2061,45016,21.84,293
2007,57,Algeria,DZA,2058,38039,18.48,263
2007,58,Cuba,CUB,1890,26404,13.97,235
2007,59,Belarus,BLR,1823,21127,11.59,243
2007,60,Morocco,MAR,1659,37008,22.31,286
2007,61,Jordan,JOR,1603,33464,20.88,281
2007,62,Estonia,EST,1587,58835,37.07,412
2007,63,United Arab Emirates,ARE,1543,36222,23.48,371
2007,64,Bangladesh,BGD,1469,37632,25.62,343
2007,65,Indonesia,IDN,1442,42864,29.73,349
2007,66,Kenya,KEN,1298,54827,42.24,371
2007,67,Viet Nam,VNM,1169,36890,31.56,350
2007,68,Lebanon,LBN,1151,34404,29.89,322
2007,69,Philippines,PHL,1018,42002,41.26,351
2007,70,Kuwait,KWT,1011,24687,24.42,240
2007,71,Puerto Rico,PRI,924,30891,33.43,294
2007,72,Cyprus,CYP,866,28658,33.09,328
2007,73,Iceland,ISL,827,54230,65.57,415
2007,74,Peru,PER,816,34400,42.16,340
2007,75,Sri Lanka,LKA,781,25314,32.41,277
2007,76,Latvia,LVA,717,13792,19.24,243
2007,77,Tanzania,TZA,691,28548,41.31,245
2007,78,Oman,OMN,687,14354,20.89,243
2007,79,Uruguay,URY,679,25505,37.56,256
2007,80,Georgia,GEO,666,12937,19.42,268
2007,81,Armenia,ARM,658,15861,24.1,244
2007,82,Nepal,NPL,648,16748,25.85,224
2007,83,Cameroon,CMR,633,17061,26.95,200
2007,84,Ethiopia,ETH,630,22719,36.06,257
2007,85,Uganda,UGA,618,23919,38.7,253
2007,86,Ghana,GHA,568,17210,30.3,251
2007,87,Costa Rica,CRI,530,21999,41.51,252
2007,88,Azerbaijan,AZE,508,3049,6.0,167
2007,89,Luxembourg,LUX,493,14247,28.9,300
2007,90,Uzbekistan,UZB,486,8587,17.67,144
2007,91,Bosnia and Herzegovina,BIH,441,6778,15.37,158
2007,92,Macedonia,MKD,439,8110,18.47,184
2007,93,Qatar,QAT,398,8897,22.35,340
2007,94,Zimbabwe,ZWE,375,13189,35.17,195
2007,95,Kazakhstan,KAZ,370,5815,15.72,183
2007,96,Senegal,SEN,368,8228,22.36,169
2007,97,Ecuador,ECU,351,13001,37.04,243
2007,98,Iraq,IRQ,343,7676,22.38,231
2007,99,Trinidad and Tobago,TTO,325,7037,21.65,140
2007,100,Panama,PAN,303,24250,80.03,280
2007,101,Malawi,MWI,303,11451,37.79,195
2007,102,Sudan,SDN,297,9906,33.35,155
2007,103,Botswana,BWA,295,8574,29.06,160
2007,104,Macao,MAC,291,8489,29.17,249
2007,105,Moldova,MDA,288,7430,25.8,153
2007,106,Syrian Arab Republic,SYR,277,7255,26.19,156
2007,107,Jamaica,JAM,276,6499,23.55,146
2007,108,Bahrain,BHR,273,4862,17.81,145
2007,109,Palestine,PSE,273,6142,22.5,165
2007,110,Côte d’Ivoire,,261,7061,27.05,147
2007,111,Burkina Faso,BFA,253,7386,29.19,150
2007,112,Bolivia,BOL,234,10070,43.03,179
2007,113,Mongolia,MNG,224,9856,44.0,146
2007,114,Madagascar,MDG,222,7414,33.4,134
2007,115,Benin,BEN,211,5951,28.2,134
2007,116,Malta,MLT,205,8452,41.23,201
2007,117,Zambia,ZMB,201,8146,40.53,171
2007,118,Fiji,FJI,190,5995,31.55,138
2007,119,Libya,LBY,186,3191,17.16,129
2007,120,Congo,COG,168,4858,28.92,146
2007,121,Mali,MLI,152,4109,27.03,145
2007,122,Cambodia,KHM,151,7145,47.32,150
2007,123,Papua New Guinea,PNG,133,3599,27.06,130
2007,124,New Caledonia,NCL,130,5374,41.34,131
2007,125,Mozambique,MOZ,118,5275,44.7,150
2007,126,Namibia,NAM,118,4667,39.55,137
2007,127,Brunei Darussalam,BRN,103,2593,25.17,147
2007,128,Gambia,GMB,103,14976,145.4,166
2007,129,Yemen,YEM,100,3584,35.84,137
2007,130,Guatemala,GTM,98,3796,38.73,133
2007,131,Mauritius,MUS,98,2764,28.2,146
2007,132,Gabon,GAB,97,3946,40.68,136
2007,133,Montenegro,MNE,96,1090,11.35,105
2007,134,Barbados,BRB,93,1536,16.52,116
2007,135,Myanmar,MMR,89,2420,27.19,109
2007,136,Guadeloupe,GLP,87,2465,28.33,90
2007,137,Monaco,MCO,86,3028,35.21,154
2007,138,Albania,ALB,83,2195,26.45,117
2007,139,Laos,LAO,82,3967,48.38,130
2007,140,Kyrgyzstan,KGZ,77,2034,26.42,122
2007,141,Rwanda,RWA,71,1766,24.87,130
2007,142,Grenada,GRD,70,1826,26.09,85
2007,143,Togo,TGO,69,1250,18.12,79
2007,144,Nicaragua,NIC,67,2075,30.97,117
2007,145,Niger,NGA,67,1979,29.54,113
2007,146,Paraguay,PRY,65,1882,28.95,122
2007,147,French Polynesia,PYF,65,1812,27.88,115
2007,148,French Guiana,GUF,62,3385,54.6,111
2007,149,Dominican Republic,DOM,61,1692,27.74,103
2007,150,Liechtenstein,LIE,59,2060,34.92,130
2007,151,Eritrea,ERI,56,1960,35.0,64
2007,152,Tajikistan,TJK,56,755,13.48,79
2007,153,Reunion,REU,49,1918,39.14,72
2007,154,Greenland,GRL,47,1484,31.57,109
2007,155,Guam,GUM,41,1032,25.17,85
2007,156,El Salvador,SLV,41,892,21.76,90
2007,157,Eswatini,SWZ,40,1335,33.38,96
2007,158,Afghanistan,AFG,40,925,23.13,81
2007,159,Honduras,HND,38,3370,88.68,95
2007,160,Seychelles,SYC,37,2291,61.92,85
2007,161,Angola,AGO,36,575,15.97,67
2007,162,Bermuda,BMU,35,2645,75.57,117
2007,163,Falkland Islands (Malvinas),FLK,34,935,27.5,57
2007,164,Guyana,GUY,32,496,15.5,71
2007,165,Guinea-Bissau,GNB,32,1682,52.56,78
2007,166,Guinea,GIN,31,1715,55.32,94
2007,167,Haïti,HTI,29,1079,37.21,88
2007,168,Lesotho,LSO,27,725,26.85,59
2007,169,North Korea,PRK,27,977,36.19,60
2007,170,Martinique,MTQ,26,757,29.12,68
2007,171,Mauritania,MRT,25,575,23.0,62
2007,172,Burundi,BDI,25,571,22.84,71
2007,173,Bahamas,BHS,25,823,32.92,76
2007,174,Central African Republic,CAF,24,783,32.63,74
2007,175,Netherlands Antilles,ANT,23,647,28.13,63
2007,176,Sierra Leone,SLE,22,878,39.91,99
2007,177,Chad,TCD,22,704,32.0,62
2007,178,Bhutan,BTN,21,324,15.43,75
2007,179,Faroe Islands,FRO,20,1067,53.35,91
2007,180,Federated States of Micronesia,FSM,19,277,14.58,56
2007,181,Democratic Republic Congo,COD,19,1530,80.53,103
2007,182,Suriname,SUR,18,557,30.94,62
2007,183,Solomon Islands,SLB,18,534,29.67,64
2007,184,Palau,PLW,16,515,32.19,49
2007,185,Andorra,AND,16,430,26.88,47
2007,186,Saint Kitts and Nevis,KNA,16,140,8.75,60
2007,187,Virgin Islands (British),VGB,16,312,19.5,39
2007,188,Maldives,MDV,15,935,62.33,51
2007,189,San Marino,SMR,12,13,1.08,56
2007,190,Dominica,DMA,12,534,44.5,53
2007,191,Gibraltar,GIB,12,513,42.75,48
2007,192,Djibouti,DJI,11,233,21.18,44
2007,193,Virgin Islands (U.S.),VIR,11,483,43.91,50
2007,194,Belize,BLZ,11,420,38.18,69
2007,195,Liberia,LBR,10,66,6.6,74
2007,196,Vanuatu,VUT,10,185,18.5,56
2007,197,Antigua and Barbuda,ATG,10,78,7.8,35
2007,198,Timor-Leste,TLS,10,140,14.0,39
2007,199,Equatorial Guinea,GNQ,10,101,10.1,40
2007,200,Saint Lucia,LCA,9,159,17.67,35
2007,201,Turkmenistan,TKM,9,127,14.11,41
2007,202,Comoros,COM,9,313,34.78,31
2007,203,Samoa,WSM,9,65,7.22,51
2007,204,Vatican City State,VAT,8,11,1.38,19
2007,205,Tonga,TON,8,138,17.25,42
2007,206,Mayotte,MYT,8,77,9.63,20
2007,207,Marshall Islands,MHL,7,173,24.71,32
2007,208,Cayman Islands,CYM,7,144,20.57,48
2007,209,American Samoa,ASM,7,290,41.43,37
2007,210,Kiribati,KIR,7,222,31.71,24
2007,211,Cook Islands,COK,6,232,38.67,33
2007,212,Cape Verde,CPV,6,17,2.83,53
2007,213,Saint Vincent and the Grenadines,VCT,6,121,20.17,30
2007,214,Niue,NIU,5,30,6.0,12
2007,215,Montserrat,MSR,5,141,28.2,41
2007,216,Northern Mariana Islands,MNP,4,27,6.75,25
2007,217,Cocos (Keeling) Islands,CCK,4,23,5.75,7
2007,218,Somalia,SOM,3,5,1.67,45
2007,219,Sao Tome and Principe,STP,3,100,33.33,26
2007,220,Tuvalu,TUV,2,297,148.5,17
2007,221,Norfolk Island,NFK,2,19,9.5,11
2007,222,Svalbard and Jan Mayen,SJM,2,23,11.5,19
2007,223,Turks and Caicos Islands,TCA,2,77,38.5,29
2007,224,Wallis and Futuna,WLF,2,36,18.0,9
2007,225,British Indian Ocean Territory,IOT,1,15,15.0,14
2007,226,United States Minor Outlying Islands,UMI,1,238,238.0,12
2007,227,Aruba,ABW,1,34,34.0,30
2007,228,Saint Pierre and Miquelon,SPM,1,1,1.0,3
2008,1,United States,USA,554071,24628405,44.45,3213
2008,2,China,CHN,261129,4576234,17.52,1455
2008,3,United Kingdom,GBR,161661,6829492,42.25,2048
2008,4,Germany,DEU,139270,5272417,37.86,1797
2008,5,Japan,JPN,123050,3280541,26.66,1364
2008,6,France,FRA,97841,3665915,37.47,1604
2008,7,Canada,CAN,83518,3704584,44.36,1659
2008,8,Italy,ITA,79241,2924318,36.9,1416
2008,9,Spain,ESP,62908,2227621,35.41,1303
2008,10,India,IND,60780,1472864,24.23,925
2008,11,Australia,AUS,59780,2591596,43.35,1475
2008,12,South Korea,KOR,51302,1334485,26.01,1004
2008,13,Netherlands,NLD,44291,2317778,52.33,1471
2008,14,Brazil,BRA,42899,1088567,25.38,844
2008,15,Russian Federation,RUS,37994,606584,15.97,806
2008,16,Taiwan,TWN,34865,907796,26.04,738
2008,17,Switzerland,CHE,31978,1744909,54.57,1369
2008,18,Poland,POL,29690,581213,19.58,792
2008,19,Sweden,SWE,27270,1327341,48.67,1232
2008,20,Turkey,TUR,26543,660331,24.88,647
2008,21,Belgium,BEL,24282,1144835,47.15,1134
2008,22,Iran,IRN,20140,432482,21.47,541
2008,23,Austria,AUT,17636,709856,40.25,937
2008,24,Israel,ISR,17354,746844,43.04,962
2008,25,Greece,GRC,16922,553910,32.73,725
2008,26,Denmark,DNK,16004,862291,53.88,1081
2008,27,Finland,FIN,15054,654085,43.45,897
2008,28,Mexico,MEX,14479,375848,25.96,641
2008,29,Czech Republic,CZE,14416,348875,24.2,667
2008,30,Hong Kong,HKG,14031,574960,40.98,863
2008,31,Norway,NOR,13446,636660,47.35,896
2008,32,Singapore,SGP,13130,516049,39.3,873
2008,33,Portugal,PRT,12980,469522,36.17,739
2008,34,New Zealand,NZL,11029,466076,42.26,758
2008,35,South Africa,ZAF,10619,348703,32.84,702
2008,36,Ireland,IRL,9816,421640,42.95,753
2008,37,Hungary,HUN,9340,272974,29.23,630
2008,38,Argentina,ARG,9176,302803,33.0,611
2008,39,Romania,ROU,9111,140904,15.47,454
2008,40,Malaysia,MYS,8074,163937,20.3,559
2008,41,Thailand,THA,8033,230583,28.7,485
2008,42,Ukraine,UKR,7426,110701,14.91,382
2008,43,Egypt,EGY,6782,171232,25.25,452
2008,44,Chile,CHL,6107,187812,30.75,555
2008,45,Pakistan,PAK,5302,133834,25.24,481
2008,46,Croatia,HRV,4975,86694,17.43,413
2008,47,Slovakia,SVK,4815,107870,22.4,381
2008,48,Slovenia,SVN,4575,125056,27.33,439
2008,49,Nigeria,NGA,4078,73408,18.0,340
2008,50,Serbia,SRB,4075,85694,21.03,384
2008,51,Tunisia,TUN,3918,76993,19.65,292
2008,52,Colombia,COL,3662,98377,26.86,436
2008,53,Bulgaria,BGR,3564,75586,21.21,373
2008,54,Saudi Arabia,SAU,3449,72315,20.97,618
2008,55,Lithuania,LTU,3056,48329,15.81,319
2008,56,Algeria,DZA,2533,50944,20.11,263
2008,57,Venezuela,VEN,2335,40881,17.51,293
2008,58,Morocco,MAR,1926,49327,25.61,286
2008,59,Jordan,JOR,1914,43029,22.48,281
2008,60,Cuba,CUB,1894,30364,16.03,235
2008,61,Bangladesh,BGD,1774,41057,23.14,343
2008,62,United Arab Emirates,ARE,1741,47960,27.55,371
2008,63,Estonia,EST,1734,63718,36.75,412
2008,64,Indonesia,IDN,1614,48794,30.23,349
2008,65,Viet Nam,VNM,1525,47294,31.01,350
2008,66,Belarus,BLR,1481,31190,21.06,243
2008,67,Kenya,KEN,1380,60025,43.5,371
2008,68,Lebanon,LBN,1282,35440,27.64,322
2008,69,Philippines,PHL,1151,44221,38.42,351
2008,70,Kuwait,KWT,1145,25504,22.27,240
2008,71,Puerto Rico,PRI,1042,36441,34.97,294
2008,72,Cyprus,CYP,1019,33736,33.11,328
2008,73,Iceland,ISL,945,48124,50.92,415
2008,74,Latvia,LVA,940,16931,18.01,243
2008,75,Peru,PER,875,35709,40.81,340
2008,76,Sri Lanka,LKA,850,30012,35.31,277
2008,77,Uruguay,URY,814,35383,43.47,256
2008,78,Oman,OMN,746,18941,25.39,243
2008,79,Georgia,GEO,723,22987,31.79,268
2008,80,Luxembourg,LUX,679,23507,34.62,300
2008,81,Tanzania,TZA,668,26491,39.66,245
2008,82,Cameroon,CMR,666,18560,27.87,200
2008,83,Uganda,UGA,646,32402,50.16,253
2008,84,Ethiopia,ETH,645,20178,31.28,257
2008,85,Armenia,ARM,638,25876,40.56,244
2008,86,Ghana,GHA,618,24309,39.33,251
2008,87,Azerbaijan,AZE,607,9266,15.27,167
2008,88,Nepal,NPL,604,12818,21.22,224
2008,89,Qatar,QAT,569,11941,20.99,340
2008,90,Macedonia,MKD,537,7451,13.88,184
2008,91,Costa Rica,CRI,535,23764,44.42,252
2008,92,Bosnia and Herzegovina,BIH,523,6414,12.26,158
2008,93,Iraq,IRQ,465,6992,15.04,231
2008,94,Uzbekistan,UZB,448,14136,31.55,144
2008,95,Ecuador,ECU,419,25372,60.55,243
2008,96,Macao,MAC,408,9635,23.62,249
2008,97,Senegal,SEN,405,9290,22.94,169
2008,98,Kazakhstan,KAZ,370,4808,12.99,183
2008,99,Jamaica,JAM,358,6894,19.26,146
2008,100,Syrian Arab Republic,SYR,349,13691,39.23,156
2008,101,Côte d’Ivoire,,346,7271,21.01,147
2008,102,Botswana,BWA,343,6486,18.91,160
2008,103,Zimbabwe,ZWE,329,13869,42.16,195
2008,104,Trinidad and Tobago,TTO,325,13020,40.06,140
2008,105,Panama,PAN,323,23466,72.65,280
2008,106,Moldova,MDA,316,8858,28.03,153
2008,107,Sudan,SDN,315,6336,20.11,155
2008,108,Malawi,MWI,312,11598,37.17,195
2008,109,Bahrain,BHR,298,4766,15.99,145
2008,110,Malta,MLT,294,8686,29.54,201
2008,111,Burkina Faso,BFA,283,12418,43.88,150
2008,112,Palestine,PSE,277,6700,24.19,165
2008,113,Bolivia,BOL,251,11945,47.59,179
2008,114,Libya,LBY,242,4620,19.09,129
2008,115,Zambia,ZMB,241,8738,36.26,171
2008,116,Mongolia,MNG,225,4779,21.24,146
2008,117,Benin,BEN,223,5976,26.8,134
2008,118,Madagascar,MDG,206,8106,39.35,134
2008,119,Congo,COG,172,4554,26.48,146
2008,120,Fiji,FJI,164,6011,36.65,138
2008,121,Cambodia,KHM,157,6404,40.79,150
2008,122,Mali,MLI,155,5027,32.43,145
2008,123,Papua New Guinea,PNG,152,4579,30.13,130
2008,124,New Caledonia,NCL,142,7470,52.61,131
2008,125,Mozambique,MOZ,139,8411,60.51,150
2008,126,Yemen,YEM,138,2769,20.07,137
2008,127,Montenegro,MNE,133,2640,19.85,105
2008,128,Gambia,GMB,122,7077,58.01,166
2008,129,Guatemala,GTM,119,3747,31.49,133
2008,130,Mauritius,MUS,115,3078,26.77,146
2008,131,Laos,LAO,111,3783,34.08,130
2008,132,Gabon,GAB,111,3697,33.31,136
2008,133,Myanmar,MMR,108,1978,18.31,109
2008,134,Albania,ALB,108,3132,29.0,117
2008,135,Kyrgyzstan,KGZ,105,1839,17.51,122
2008,136,Brunei Darussalam,BRN,104,2484,23.88,147
2008,137,Namibia,NAM,102,3768,36.94,137
2008,138,Barbados,BRB,102,2456,24.08,116
2008,139,Monaco,MCO,101,5863,58.05,154
2008,140,Liechtenstein,LIE,96,3203,33.36,130
2008,141,Guadeloupe,GLP,93,2342,25.18,90
2008,142,Nicaragua,NIC,90,3826,42.51,117
2008,143,Niger,NGA,88,3708,42.14,113
2008,144,Grenada,GRD,85,1368,16.09,85
2008,145,Rwanda,RWA,84,2278,27.12,130
2008,146,Togo,TGO,77,955,12.4,79
2008,147,Paraguay,PRY,74,2517,34.01,122
2008,148,Dominican Republic,DOM,73,2221,30.42,103
2008,149,Tajikistan,TJK,71,690,9.72,79
2008,150,French Polynesia,PYF,71,2260,31.83,115
2008,151,Eswatini,SWZ,59,1060,17.97,96
2008,152,French Guiana,GUF,58,2062,35.55,111
2008,153,Greenland,GRL,47,2323,49.43,109
2008,154,Reunion,REU,44,1095,24.89,72
2008,155,El Salvador,SLV,44,3190,72.5,90
2008,156,Netherlands Antilles,ANT,43,1544,35.91,63
2008,157,Afghanistan,AFG,43,1150,26.74,81
2008,158,Honduras,HND,42,1370,32.62,95
2008,159,Guam,GUM,40,959,23.98,85
2008,160,Faroe Islands,FRO,40,1794,44.85,91
2008,161,Bermuda,BMU,38,3050,80.26,117
2008,162,Guinea,GIN,37,944,25.51,94
2008,163,Seychelles,SYC,37,1312,35.46,85
2008,164,Lesotho,LSO,36,848,23.56,59
2008,165,Haïti,HTI,36,2792,77.56,88
2008,166,Angola,AGO,33,583,17.67,67
2008,167,Martinique,MTQ,31,1220,39.35,68
2008,168,Central African Republic,CAF,30,523,17.43,74
2008,169,Democratic Republic Congo,COD,27,956,35.41,103
2008,170,Mauritania,MRT,26,374,14.38,62
2008,171,Eritrea,ERI,25,519,20.76,64
2008,172,Chad,TCD,24,719,29.96,62
2008,173,Guyana,GUY,23,371,16.13,71
2008,174,Sierra Leone,SLE,22,494,22.45,99
2008,175,Bhutan,BTN,21,474,22.57,75
2008,176,Guinea-Bissau,GNB,21,1305,62.14,78
2008,177,North Korea,PRK,21,322,15.33,60
2008,178,Suriname,SUR,19,332,17.47,62
2008,179,Cayman Islands,CYM,18,598,33.22,48
2008,180,Timor-Leste,TLS,17,169,9.94,39
2008,181,Falkland Islands (Malvinas),FLK,16,454,28.38,57
2008,182,Bahamas,BHS,16,722,45.13,76
2008,183,Samoa,WSM,14,455,32.5,51
2008,184,Solomon Islands,SLB,14,220,15.71,64
2008,185,Vanuatu,VUT,14,336,24.0,56
2008,186,American Samoa,ASM,13,1399,107.62,37
2008,187,San Marino,SMR,13,411,31.62,56
2008,188,Virgin Islands (U.S.),VIR,13,536,41.23,50
2008,189,Liberia,LBR,11,396,36.0,74
2008,190,Burundi,BDI,11,346,31.45,71
2008,191,Saint Kitts and Nevis,KNA,11,238,21.64,60
2008,192,Federated States of Micronesia,FSM,10,272,27.2,56
2008,193,Antigua and Barbuda,ATG,10,60,6.0,35
2008,194,Gibraltar,GIB,10,775,77.5,48
2008,195,Belize,BLZ,10,277,27.7,69
2008,196,Virgin Islands (British),VGB,9,273,30.33,39
2008,197,Palau,PLW,9,577,64.11,49
2008,198,Djibouti,DJI,9,106,11.78,44
2008,199,Maldives,MDV,9,311,34.56,51
2008,200,Cape Verde,CPV,8,281,35.13,53
2008,201,Dominica,DMA,8,267,33.38,53
2008,202,Saint Lucia,LCA,7,56,8.0,35
2008,203,Mayotte,MYT,7,42,6.0,20
2008,204,Northern Mariana Islands,MNP,7,79,11.29,25
2008,205,Equatorial Guinea,GNQ,6,95,15.83,40
2008,206,Turkmenistan,TKM,5,52,10.4,41
2008,207,Somalia,SOM,5,124,24.8,45
2008,208,Tonga,TON,5,284,56.8,42
2008,209,Andorra,AND,4,280,70.0,47
2008,210,British Indian Ocean Territory,IOT,4,0,0.0,14
2008,211,Montserrat,MSR,4,72,18.0,41
2008,212,Norfolk Island,NFK,2,1,0.5,11
2008,213,Turks and Caicos Islands,TCA,2,10,5.0,29
2008,214,Marshall Islands,MHL,2,52,26.0,32
2008,215,Nauru,NRU,2,3,1.5,13
2008,216,Saint Vincent and the Grenadines,VCT,2,21,10.5,30
2008,217,Comoros,COM,2,182,91.0,31
2008,218,United States Minor Outlying Islands,UMI,1,1,1.0,12
2008,219,Western Sahara,ESH,1,24,24.0,7
2008,220,Saint Helena,SHN,1,96,96.0,19
2008,221,Tuvalu,TUV,1,269,269.0,17
2008,222,South Georgia and the South Sandwich Islands,SGS,1,0,0.0,7
2008,223,Wallis and Futuna,WLF,1,0,0.0,9
2008,224,French Southern Territories,ATF,1,35,35.0,5
2008,225,Aruba,ABW,1,5,5.0,30
2008,226,Vatican City State,VAT,1,0,0.0,19
2008,227,Republic of South Sudan,SSD,1,1,1.0,33
2009,1,United States,USA,590707,25374239,42.96,3213
2009,2,China,CHN,307348,5400956,17.57,1455
2009,3,United Kingdom,GBR,172361,7230043,41.95,2048
2009,4,Germany,DEU,146439,5494338,37.52,1797
2009,5,Japan,JPN,129565,3309314,25.54,1364
2009,6,France,FRA,104606,3790066,36.23,1604
2009,7,Canada,CAN,89585,3893041,43.46,1659
2009,8,Italy,ITA,84676,3138460,37.06,1416
2009,9,India,IND,69502,1650875,23.75,925
2009,10,Spain,ESP,69094,2407654,34.85,1303
2009,11,Australia,AUS,65727,2739019,41.67,1475
2009,12,South Korea,KOR,54853,1505476,27.45,1004
2009,13,Netherlands,NLD,48969,2531637,51.7,1471
2009,14,Brazil,BRA,47319,1124076,23.76,844
2009,15,Russian Federation,RUS,39783,567732,14.27,806
2009,16,Taiwan,TWN,38274,978140,25.56,738
2009,17,Switzerland,CHE,34094,1855560,54.42,1369
2009,18,Turkey,TUR,30901,720925,23.33,647
2009,19,Poland,POL,30557,604942,19.8,792
2009,20,Sweden,SWE,29692,1413999,47.62,1232
2009,21,Belgium,BEL,26242,1234049,47.03,1134
2009,22,Iran,IRN,24591,536861,21.83,541
2009,23,Austria,AUT,19200,742901,38.69,937
2009,24,Greece,GRC,18032,667765,37.03,725
2009,25,Israel,ISR,17839,725399,40.66,962
2009,26,Denmark,DNK,17651,997866,56.53,1081
2009,27,Finland,FIN,16061,649967,40.47,897
2009,28,Mexico,MEX,15564,377236,24.24,641
2009,29,Norway,NOR,15561,729433,46.88,896
2009,30,Hong Kong,HKG,15284,612527,40.08,863
2009,31,Czech Republic,CZE,15249,371054,24.33,667
2009,32,Portugal,PRT,14313,538300,37.61,739
2009,33,Singapore,SGP,14302,602588,42.13,873
2009,34,South Africa,ZAF,12087,378133,31.28,702
2009,35,New Zealand,NZL,11878,472584,39.79,758
2009,36,Malaysia,MYS,11559,252837,21.87,559
2009,37,Romania,ROU,11535,143520,12.44,454
2009,38,Ireland,IRL,11274,517245,45.88,753
2009,39,Argentina,ARG,10213,313178,30.66,611
2009,40,Hungary,HUN,9170,258757,28.22,630
2009,41,Thailand,THA,8801,267610,30.41,485
2009,42,Egypt,EGY,8542,193680,22.67,452
2009,43,Ukraine,UKR,7275,93338,12.83,382
2009,44,Chile,CHL,6750,203484,30.15,555
2009,45,Pakistan,PAK,6586,139868,21.24,481
2009,46,Croatia,HRV,5685,98721,17.37,413
2009,47,Slovenia,SVN,5018,167125,33.31,439
2009,48,Nigeria,NGA,4981,75743,15.21,340
2009,49,Serbia,SRB,4892,90985,18.6,384
2009,50,Slovakia,SVK,4659,99049,21.26,381
2009,51,Saudi Arabia,SAU,4567,106726,23.37,618
2009,52,Tunisia,TUN,4416,87986,19.92,292
2009,53,Colombia,COL,4361,97492,22.36,436
2009,54,Bulgaria,BGR,4096,83143,20.3,373
2009,55,Algeria,DZA,3172,56912,17.94,263
2009,56,Lithuania,LTU,2916,45230,15.51,319
2009,57,Venezuela,VEN,2454,40925,16.68,293
2009,58,Morocco,MAR,2276,39834,17.5,286
2009,59,Indonesia,IDN,2226,67030,30.11,349
2009,60,Cuba,CUB,2186,28593,13.08,235
2009,61,Jordan,JOR,2092,45069,21.54,281
2009,62,United Arab Emirates,ARE,2076,52568,25.32,371
2009,63,Bangladesh,BGD,2046,45724,22.35,343
2009,64,Estonia,EST,1890,64873,34.32,412
2009,65,Viet Nam,VNM,1775,45564,25.67,350
2009,66,Belarus,BLR,1670,20226,12.11,243
2009,67,Kenya,KEN,1596,63057,39.51,371
2009,68,Lebanon,LBN,1385,38592,27.86,322
2009,69,Cyprus,CYP,1366,39058,28.59,328
2009,70,Philippines,PHL,1277,65653,51.41,351
2009,71,Kuwait,KWT,1216,24411,20.07,240
2009,72,Iceland,ISL,1113,67747,60.87,415
2009,73,Peru,PER,1058,47342,44.75,340
2009,74,Latvia,LVA,976,16640,17.05,243
2009,75,Puerto Rico,PRI,936,42672,45.59,294
2009,76,Uruguay,URY,908,31888,35.12,256
2009,77,Sri Lanka,LKA,901,23273,25.83,277
2009,78,Oman,OMN,894,18804,21.03,243
2009,79,Luxembourg,LUX,892,35194,39.46,300
2009,80,Georgia,GEO,876,17723,20.23,268
2009,81,Tanzania,TZA,804,37834,47.06,245
2009,82,Azerbaijan,AZE,794,5690,7.17,167
2009,83,Uganda,UGA,776,31316,40.36,253
2009,84,Ethiopia,ETH,775,28886,37.27,257
2009,85,Cameroon,CMR,766,21790,28.45,200
2009,86,Ghana,GHA,743,22672,30.51,251
2009,87,Armenia,ARM,715,13170,18.42,244
2009,88,Nepal,NPL,698,15558,22.29,224
2009,89,Bosnia and Herzegovina,BIH,645,6903,10.7,158
2009,90,Qatar,QAT,637,17169,26.95,340
2009,91,Macedonia,MKD,627,9576,15.27,184
2009,92,Iraq,IRQ,617,9389,15.22,231
2009,93,Costa Rica,CRI,575,29766,51.77,252
2009,94,Uzbekistan,UZB,539,7512,13.94,144
2009,95,Ecuador,ECU,512,19580,38.24,243
2009,96,Macao,MAC,482,12783,26.52,249
2009,97,Kazakhstan,KAZ,452,5833,12.9,183
2009,98,Sudan,SDN,443,11863,26.78,155
2009,99,Senegal,SEN,418,11800,28.23,169
2009,100,Trinidad and Tobago,TTO,394,9587,24.33,140
2009,101,Moldova,MDA,367,8235,22.44,153
2009,102,Libya,LBY,362,3871,10.69,129
2009,103,Jamaica,JAM,355,6152,17.33,146
2009,104,Panama,PAN,354,21440,60.56,280
2009,105,Botswana,BWA,339,6406,18.9,160
2009,106,Palestine,PSE,331,7726,23.34,165
2009,107,Zimbabwe,ZWE,329,12628,38.38,195
2009,108,Syrian Arab Republic,SYR,329,9551,29.03,156
2009,109,Côte d’Ivoire,,320,8124,25.39,147
2009,110,Bahrain,BHR,314,5009,15.95,145
2009,111,Burkina Faso,BFA,306,10344,33.8,150
2009,112,Malawi,MWI,303,12097,39.92,195
2009,113,Malta,MLT,302,10164,33.66,201
2009,114,Mongolia,MNG,265,6100,23.02,146
2009,115,Benin,BEN,265,7373,27.82,134
2009,116,Bolivia,BOL,257,11556,44.96,179
2009,117,Zambia,ZMB,225,9558,42.48,171
2009,118,Madagascar,MDG,205,6057,29.55,134
2009,119,Cambodia,KHM,190,14031,73.85,150
2009,120,Yemen,YEM,188,4461,23.73,137
2009,121,Mali,MLI,182,8762,48.14,145
2009,122,Congo,COG,181,8738,48.28,146
2009,123,Mozambique,MOZ,164,6476,39.49,150
2009,124,Fiji,FJI,162,7370,45.49,138
2009,125,New Caledonia,NCL,159,8639,54.33,131
2009,126,Guatemala,GTM,156,4140,26.54,133
2009,127,Montenegro,MNE,153,2551,16.67,105
2009,128,Guadeloupe,GLP,143,3141,21.97,90
2009,129,Albania,ALB,142,2481,17.47,117
2009,130,Myanmar,MMR,137,2439,17.8,109
2009,131,Mauritius,MUS,135,2811,20.82,146
2009,132,Namibia,NAM,128,5719,44.68,137
2009,133,Gabon,GAB,125,5232,41.86,136
2009,134,Brunei Darussalam,BRN,123,2365,19.23,147
2009,135,Monaco,MCO,123,6568,53.4,154
2009,136,Niger,NGA,120,3883,32.36,113
2009,137,Gambia,GMB,120,6289,52.41,166
2009,138,Papua New Guinea,PNG,118,4923,41.72,130
2009,139,Barbados,BRB,106,3850,36.32,116
2009,140,Laos,LAO,103,3287,31.91,130
2009,141,Nicaragua,NIC,103,4463,43.33,117
2009,142,Rwanda,RWA,100,3496,34.96,130
2009,143,Togo,TGO,94,2104,22.38,79
2009,144,Paraguay,PRY,92,3424,37.22,122
2009,145,Kyrgyzstan,KGZ,83,2623,31.6,122
2009,146,Liechtenstein,LIE,81,3632,44.84,130
2009,147,French Polynesia,PYF,81,4966,61.31,115
2009,148,Eswatini,SWZ,78,2390,30.64,96
2009,149,El Salvador,SLV,73,2744,37.59,90
2009,150,Honduras,HND,66,2076,31.45,95
2009,151,Grenada,GRD,60,1297,21.62,85
2009,152,Dominican Republic,DOM,58,1593,27.47,103
2009,153,Afghanistan,AFG,58,1036,17.86,81
2009,154,French Guiana,GUF,54,4498,83.3,111
2009,155,Democratic Republic Congo,COD,53,5283,99.68,103
2009,156,Tajikistan,TJK,48,722,15.04,79
2009,157,Netherlands Antilles,ANT,48,1925,40.1,63
2009,158,Reunion,REU,45,1434,31.87,72
2009,159,Guyana,GUY,45,748,16.62,71
2009,160,Guam,GUM,44,1550,35.23,85
2009,161,Haïti,HTI,43,2256,52.47,88
2009,162,Angola,AGO,40,1671,41.78,67
2009,163,Martinique,MTQ,39,1274,32.67,68
2009,164,Bermuda,BMU,38,4297,113.08,117
2009,165,Sierra Leone,SLE,37,894,24.16,99
2009,166,Lesotho,LSO,37,953,25.76,59
2009,167,Greenland,GRL,36,2547,70.75,109
2009,168,Chad,TCD,32,1278,39.94,62
2009,169,Central African Republic,CAF,32,1234,38.56,74
2009,170,Seychelles,SYC,31,876,28.26,85
2009,171,Bahamas,BHS,29,1264,43.59,76
2009,172,Guinea,GIN,29,2273,78.38,94
2009,173,Eritrea,ERI,29,636,21.93,64
2009,174,Bhutan,BTN,28,972,34.71,75
2009,175,Belize,BLZ,27,849,31.44,69
2009,176,North Korea,PRK,26,202,7.77,60
2009,177,Cayman Islands,CYM,25,538,21.52,48
2009,178,Mauritania,MRT,25,597,23.88,62
2009,179,Samoa,WSM,23,1545,67.17,51
2009,180,Guinea-Bissau,GNB,23,1234,53.65,78
2009,181,Vanuatu,VUT,22,619,28.14,56
2009,182,Faroe Islands,FRO,20,856,42.8,91
2009,183,Djibouti,DJI,17,310,18.24,44
2009,184,Saint Kitts and Nevis,KNA,16,462,28.88,60
2009,185,Cape Verde,CPV,16,295,18.44,53
2009,186,Falkland Islands (Malvinas),FLK,16,468,29.25,57
2009,187,Virgin Islands (British),VGB,15,449,29.93,39
2009,188,Equatorial Guinea,GNQ,14,518,37.0,40
2009,189,Federated States of Micronesia,FSM,14,2880,205.71,56
2009,190,Burundi,BDI,14,395,28.21,71
2009,191,Suriname,SUR,14,146,10.43,62
2009,192,Liberia,LBR,13,225,17.31,74
2009,193,American Samoa,ASM,13,318,24.46,37
2009,194,Dominica,DMA,12,104,8.67,53
2009,195,Solomon Islands,SLB,12,324,27.0,64
2009,196,Tonga,TON,11,1870,170.0,42
2009,197,Turkmenistan,TKM,10,103,10.3,41
2009,198,Andorra,AND,9,288,32.0,47
2009,199,Palau,PLW,8,181,22.63,49
2009,200,Antigua and Barbuda,ATG,8,74,9.25,35
2009,201,Mayotte,MYT,7,228,32.57,20
2009,202,Virgin Islands (U.S.),VIR,7,292,41.71,50
2009,203,Maldives,MDV,7,804,114.86,51
2009,204,Northern Mariana Islands,MNP,6,129,21.5,25
2009,205,Timor-Leste,TLS,6,129,21.5,39
2009,206,Marshall Islands,MHL,6,159,26.5,32
2009,207,Gibraltar,GIB,5,128,25.6,48
2009,208,Aruba,ABW,5,39,7.8,30
2009,209,San Marino,SMR,5,301,60.2,56
2009,210,Comoros,COM,4,23,5.75,31
2009,211,Sao Tome and Principe,STP,4,331,82.75,26
2009,212,Anguilla,AIA,4,43,10.75,28
2009,213,British Indian Ocean Territory,IOT,4,40,10.0,14
2009,214,Cocos (Keeling) Islands,CCK,4,5,1.25,7
2009,215,Somalia,SOM,4,47,11.75,45
2009,216,Cook Islands,COK,4,797,199.25,33
2009,217,Montserrat,MSR,4,223,55.75,41
2009,218,Western Sahara,ESH,3,22,7.33,7
2009,219,Saint Vincent and the Grenadines,VCT,3,21,7.0,30
2009,220,Turks and Caicos Islands,TCA,3,71,23.67,29
2009,221,United States Minor Outlying Islands,UMI,3,13,4.33,12
2009,222,Saint Helena,SHN,3,65,21.67,19
2009,223,Wallis and Futuna,WLF,2,1,0.5,9
2009,224,Nauru,NRU,2,8,4.0,13
2009,225,Svalbard and Jan Mayen,SJM,2,16,8.0,19
2009,226,Saint Lucia,LCA,2,8,4.0,35
2009,227,Norfolk Island,NFK,2,44,22.0,11
2009,228,Tokelau,TKL,2,764,382.0,7
2009,229,Niue,NIU,1,760,760.0,12
2009,230,South Georgia and the South Sandwich Islands,SGS,1,1,1.0,7
2009,231,Kiribati,KIR,1,1,1.0,24
2009,232,Tuvalu,TUV,1,2,2.0,17
2010,1,United States,USA,615405,25364646,41.22,3213
2010,2,China,CHN,340022,6119657,18.0,1455
2010,3,United Kingdom,GBR,177475,7112176,40.07,2048
2010,4,Germany,DEU,152424,5725213,37.56,1797
2010,5,Japan,JPN,130055,3189627,24.53,1364
2010,6,France,FRA,108048,3868135,35.8,1604
2010,7,Canada,CAN,92483,3922344,42.41,1659
2010,8,Italy,ITA,86882,3145422,36.2,1416
2010,9,India,IND,81483,1810400,22.22,925
2010,10,Spain,ESP,73969,2544344,34.4,1303
2010,11,Australia,AUS,71152,2913781,40.95,1475
2010,12,South Korea,KOR,61289,1676454,27.35,1004
2010,13,Brazil,BRA,51172,1145012,22.38,844
2010,14,Netherlands,NLD,51028,2685545,52.63,1471
2010,15,Taiwan,TWN,40711,954557,23.45,738
2010,16,Russian Federation,RUS,40599,599406,14.76,806
2010,17,Switzerland,CHE,36115,1895644,52.49,1369
2010,18,Turkey,TUR,33399,682444,20.43,647
2010,19,Poland,POL,31687,622018,19.63,792
2010,20,Sweden,SWE,30951,1447864,46.78,1232
2010,21,Iran,IRN,29893,646482,21.63,541
2010,22,Belgium,BEL,27428,1236484,45.08,1134
2010,23,Austria,AUT,19944,828127,41.52,937
2010,24,Denmark,DNK,18685,961545,51.46,1081
2010,25,Greece,GRC,18220,569219,31.24,725
2010,26,Israel,ISR,18144,766787,42.26,962
2010,27,Czech Republic,CZE,17150,425338,24.8,667
2010,28,Finland,FIN,16527,694735,42.04,897
2010,29,Mexico,MEX,16335,377945,23.14,641
2010,30,Norway,NOR,16223,673461,41.51,896
2010,31,Portugal,PRT,16155,546790,33.85,739
2010,32,Singapore,SGP,16002,691597,43.22,873
2010,33,Hong Kong,HKG,15853,659499,41.6,863
2010,34,Malaysia,MYS,15824,325985,20.6,559
2010,35,Romania,ROU,13448,172825,12.85,454
2010,36,South Africa,ZAF,13203,413296,31.3,702
2010,37,New Zealand,NZL,12509,506249,40.47,758
2010,38,Ireland,IRL,12176,497266,40.84,753
2010,39,Argentina,ARG,10882,315692,29.01,611
2010,40,Thailand,THA,10241,249744,24.39,485
2010,41,Egypt,EGY,9545,244586,25.62,452
2010,42,Hungary,HUN,9234,265877,28.79,630
2010,43,Ukraine,UKR,7874,100295,12.74,382
2010,44,Pakistan,PAK,7633,162852,21.34,481
2010,45,Chile,CHL,7156,218835,30.58,555
2010,46,Saudi Arabia,SAU,6528,179274,27.46,618
2010,47,Croatia,HRV,5840,141566,24.24,413
2010,48,Serbia,SRB,5531,122159,22.09,384
2010,49,Nigeria,NGA,5429,89953,16.57,340
2010,50,Slovakia,SVK,5233,110950,21.2,381
2010,51,Slovenia,SVN,5137,138908,27.04,439
2010,52,Colombia,COL,4996,127459,25.51,436
2010,53,Tunisia,TUN,4826,102723,21.29,292
2010,54,Bulgaria,BGR,3956,84493,21.36,373
2010,55,Algeria,DZA,3209,63298,19.73,263
2010,56,Lithuania,LTU,3014,60125,19.95,319
2010,57,Indonesia,IDN,2981,67504,22.64,349
2010,58,Morocco,MAR,2545,45732,17.97,286
2010,59,Bangladesh,BGD,2505,60618,24.2,343
2010,60,United Arab Emirates,ARE,2492,60868,24.43,371
2010,61,Jordan,JOR,2403,43610,18.15,281
2010,62,Venezuela,VEN,2247,48399,21.54,293
2010,63,Estonia,EST,2246,79571,35.43,412
2010,64,Viet Nam,VNM,2193,59012,26.91,350
2010,65,Cuba,CUB,2010,31743,15.79,235
2010,66,Kenya,KEN,1788,80284,44.9,371
2010,67,Belarus,BLR,1547,25379,16.41,243
2010,68,Cyprus,CYP,1523,57047,37.46,328
2010,69,Lebanon,LBN,1458,48145,33.02,322
2010,70,Philippines,PHL,1392,52590,37.78,351
2010,71,Iceland,ISL,1281,83533,65.21,415
2010,72,Kuwait,KWT,1206,26735,22.17,240
2010,73,Peru,PER,1155,55679,48.21,340
2010,74,Luxembourg,LUX,1116,40230,36.05,300
2010,75,Latvia,LVA,1103,20317,18.42,243
2010,76,Oman,OMN,1027,22528,21.94,243
2010,77,Puerto Rico,PRI,1002,39561,39.48,294
2010,78,Uganda,UGA,985,43595,44.26,253
2010,79,Uruguay,URY,947,29188,30.82,256
2010,80,Sri Lanka,LKA,922,25830,28.02,277
2010,81,Tanzania,TZA,901,36591,40.61,245
2010,82,Ethiopia,ETH,885,26001,29.38,257
2010,83,Georgia,GEO,871,34880,40.05,268
2010,84,Iraq,IRQ,853,14621,17.14,231
2010,85,Ghana,GHA,823,30049,36.51,251
2010,86,Armenia,ARM,822,28461,34.62,244
2010,87,Azerbaijan,AZE,817,9987,12.22,167
2010,88,Qatar,QAT,795,24415,30.71,340
2010,89,Cameroon,CMR,769,24589,31.98,200
2010,90,Bosnia and Herzegovina,BIH,754,11092,14.71,158
2010,91,Nepal,NPL,749,16445,21.96,224
2010,92,Costa Rica,CRI,651,25174,38.67,252
2010,93,Macao,MAC,623,14420,23.15,249
2010,94,Macedonia,MKD,579,18778,32.43,184
2010,95,Uzbekistan,UZB,556,9098,16.36,144
2010,96,Sudan,SDN,534,11652,21.82,155
2010,97,Libya,LBY,522,6303,12.07,129
2010,98,Kazakhstan,KAZ,490,6900,14.08,183
2010,99,Ecuador,ECU,463,23649,51.08,243
2010,100,Syrian Arab Republic,SYR,447,12142,27.16,156
2010,101,Senegal,SEN,414,9215,22.26,169
2010,102,Trinidad and Tobago,TTO,405,7241,17.88,140
2010,103,Panama,PAN,376,21320,56.7,280
2010,104,Malawi,MWI,362,14704,40.62,195
2010,105,Zimbabwe,ZWE,358,10080,28.16,195
2010,106,Palestine,PSE,353,7063,20.01,165
2010,107,Botswana,BWA,349,7851,22.5,160
2010,108,Malta,MLT,345,9975,28.91,201
2010,109,Bahrain,BHR,344,8268,24.03,145
2010,110,Burkina Faso,BFA,325,9855,30.32,150
2010,111,Côte d’Ivoire,,325,6491,19.97,147
2010,112,Moldova,MDA,318,17702,55.67,153
2010,113,Zambia,ZMB,289,12495,43.24,171
2010,114,Jamaica,JAM,283,7120,25.16,146
2010,115,Mongolia,MNG,275,7720,28.07,146
2010,116,Benin,BEN,258,6758,26.19,134
2010,117,Bolivia,BOL,251,11182,44.55,179
2010,118,Congo,COG,230,8331,36.22,146
2010,119,Albania,ALB,230,4774,20.76,117
2010,120,Yemen,YEM,222,4225,19.03,137
2010,121,Madagascar,MDG,209,8292,39.67,134
2010,122,Montenegro,MNE,207,3912,18.9,105
2010,123,Cambodia,KHM,201,9449,47.01,150
2010,124,Mali,MLI,171,6718,39.29,145
2010,125,New Caledonia,NCL,161,6448,40.05,131
2010,126,Mauritius,MUS,160,3859,24.12,146
2010,127,Mozambique,MOZ,159,10725,67.45,150
2010,128,Fiji,FJI,153,4203,27.47,138
2010,129,Niger,NGA,143,4118,28.8,113
2010,130,Rwanda,RWA,141,3312,23.49,130
2010,131,Laos,LAO,138,5927,42.95,130
2010,132,Guatemala,GTM,138,6196,44.9,133
2010,133,Papua New Guinea,PNG,134,3610,26.94,130
2010,134,Brunei Darussalam,BRN,131,2282,17.42,147
2010,135,Gambia,GMB,124,5686,45.85,166
2010,136,Eswatini,SWZ,121,5216,43.11,96
2010,137,Namibia,NAM,117,3330,28.46,137
2010,138,Liechtenstein,LIE,117,5086,43.47,130
2010,139,Myanmar,MMR,115,2483,21.59,109
2010,140,Gabon,GAB,113,3794,33.58,136
2010,141,Barbados,BRB,105,2564,24.42,116
2010,142,Afghanistan,AFG,102,1835,17.99,81
2010,143,Paraguay,PRY,100,6989,69.89,122
2010,144,El Salvador,SLV,99,6148,62.1,90
2010,145,Monaco,MCO,96,3192,33.25,154
2010,146,Nicaragua,NIC,96,2847,29.66,117
2010,147,Togo,TGO,93,1366,14.69,79
2010,148,Tajikistan,TJK,85,1020,12.0,79
2010,149,Kyrgyzstan,KGZ,82,2092,25.51,122
2010,150,Guadeloupe,GLP,82,1713,20.89,90
2010,151,French Polynesia,PYF,76,4161,54.75,115
2010,152,Honduras,HND,76,3809,50.12,95
2010,153,Greenland,GRL,72,4096,56.89,109
2010,154,Dominican Republic,DOM,60,1818,30.3,103
2010,155,Grenada,GRD,57,1320,23.16,85
2010,156,Haïti,HTI,56,1830,32.68,88
2010,157,French Guiana,GUF,54,3302,61.15,111
2010,158,Bhutan,BTN,51,975,19.12,75
2010,159,Angola,AGO,46,922,20.04,67
2010,160,Faroe Islands,FRO,45,2014,44.76,91
2010,161,Reunion,REU,45,2955,65.67,72
2010,162,Democratic Republic Congo,COD,44,2010,45.68,103
2010,163,Sierra Leone,SLE,43,1404,32.65,99
2010,164,Guyana,GUY,42,621,14.79,71
2010,165,Guam,GUM,40,751,18.78,85
2010,166,Guinea,GIN,36,1108,30.78,94
2010,167,Burundi,BDI,35,848,24.23,71
2010,168,Lesotho,LSO,35,550,15.71,59
2010,169,Bermuda,BMU,33,3092,93.7,117
2010,170,Seychelles,SYC,33,1104,33.45,85
2010,171,Netherlands Antilles,ANT,32,1021,31.91,63
2010,172,Solomon Islands,SLB,31,970,31.29,64
2010,173,Central African Republic,CAF,31,870,28.06,74
2010,174,Belize,BLZ,31,532,17.16,69
2010,175,North Korea,PRK,31,656,21.16,60
2010,176,Martinique,MTQ,27,425,15.74,68
2010,177,Federated States of Micronesia,FSM,27,183,6.78,56
2010,178,Eritrea,ERI,26,729,28.04,64
2010,179,Mauritania,MRT,23,730,31.74,62
2010,180,Bahamas,BHS,23,382,16.61,76
2010,181,Saint Kitts and Nevis,KNA,22,500,22.73,60
2010,182,Guinea-Bissau,GNB,22,967,43.95,78
2010,183,Dominica,DMA,21,919,43.76,53
2010,184,Falkland Islands (Malvinas),FLK,21,404,19.24,57
2010,185,Vanuatu,VUT,20,503,25.15,56
2010,186,Cayman Islands,CYM,19,571,30.05,48
2010,187,Samoa,WSM,18,772,42.89,51
2010,188,Chad,TCD,17,304,17.88,62
2010,189,Cape Verde,CPV,15,953,63.53,53
2010,190,Djibouti,DJI,14,180,12.86,44
2010,191,Suriname,SUR,14,80,5.71,62
2010,192,Turkmenistan,TKM,13,100,7.69,41
2010,193,Liberia,LBR,13,328,25.23,74
2010,194,Somalia,SOM,11,269,24.45,45
2010,195,Equatorial Guinea,GNQ,11,278,25.27,40
2010,196,American Samoa,ASM,10,389,38.9,37
2010,197,Virgin Islands (U.S.),VIR,10,277,27.7,50
2010,198,Maldives,MDV,10,189,18.9,51
2010,199,Saint Lucia,LCA,9,74,8.22,35
2010,200,Virgin Islands (British),VGB,8,1452,181.5,39
2010,201,Andorra,AND,8,505,63.13,47
2010,202,Palau,PLW,8,165,20.63,49
2010,203,Tonga,TON,7,240,34.29,42
2010,204,Saint Vincent and the Grenadines,VCT,6,142,23.67,30
2010,205,San Marino,SMR,6,354,59.0,56
2010,206,Comoros,COM,6,641,106.83,31
2010,207,Aruba,ABW,6,64,10.67,30
2010,208,Mayotte,MYT,4,44,11.0,20
2010,209,Marshall Islands,MHL,4,39,9.75,32
2010,210,Antigua and Barbuda,ATG,4,43,10.75,35
2010,211,Sao Tome and Principe,STP,4,99,24.75,26
2010,212,Cook Islands,COK,4,90,22.5,33
2010,213,Gibraltar,GIB,3,289,96.33,48
2010,214,British Indian Ocean Territory,IOT,3,238,79.33,14
2010,215,Norfolk Island,NFK,3,46,15.33,11
2010,216,Montserrat,MSR,3,125,41.67,41
2010,217,Turks and Caicos Islands,TCA,3,126,42.0,29
2010,218,Northern Mariana Islands,MNP,2,32,16.0,25
2010,219,Vatican City State,VAT,2,45,22.5,19
2010,220,Timor-Leste,TLS,2,56,28.0,39
2010,221,Wallis and Futuna,WLF,2,38,19.0,9
2010,222,Western Sahara,ESH,1,28,28.0,7
2010,223,United States Minor Outlying Islands,UMI,1,2,2.0,12
2010,224,Pitcairn,PCN,1,18,18.0,2
2010,225,Kiribati,KIR,1,15,15.0,24
2010,226,Cocos (Keeling) Islands,CCK,1,24,24.0,7
2010,227,Svalbard and Jan Mayen,SJM,1,0,0.0,19
2010,228,Christmas Island,CXR,1,22,22.0,4
2010,229,Anguilla,AIA,1,19,19.0,28
2010,230,South Georgia and the South Sandwich Islands,SGS,1,17,17.0,7
2010,231,Tuvalu,TUV,1,0,0.0,17
2011,1,United States,USA,638264,24812662,38.88,3213
2011,2,China,CHN,390093,6876760,17.63,1455
2011,3,United Kingdom,GBR,182077,6989281,38.39,2048
2011,4,Germany,DEU,158273,5690363,35.95,1797
2011,5,Japan,JPN,132504,3284611,24.79,1364
2011,6,France,FRA,111909,3888554,34.75,1604
2011,7,India,IND,99131,1969516,19.87,925
2011,8,Canada,CAN,95914,3905720,40.72,1659
2011,9,Italy,ITA,90617,3063012,33.8,1416
2011,10,Spain,ESP,79970,2663619,33.31,1303
2011,11,Australia,AUS,76763,2969667,38.69,1475
2011,12,South Korea,KOR,66798,1761865,26.38,1004
2011,13,Brazil,BRA,55596,1210371,21.77,844
2011,14,Netherlands,NLD,53024,2601597,49.06,1471
2011,15,Russian Federation,RUS,44133,601554,13.63,806
2011,16,Taiwan,TWN,43407,1013832,23.36,738
2011,17,Iran,IRN,39906,751216,18.82,541
2011,18,Switzerland,CHE,38421,1967760,51.22,1369
2011,19,Turkey,TUR,35089,678544,19.34,647
2011,20,Poland,POL,33489,644855,19.26,792
2011,21,Sweden,SWE,32901,1470546,44.7,1232
2011,22,Belgium,BEL,29213,1237727,42.37,1134
2011,23,Austria,AUT,21558,839243,38.93,937
2011,24,Malaysia,MYS,20851,421633,20.22,559
2011,25,Denmark,DNK,20825,1048420,50.34,1081
2011,26,Portugal,PRT,18725,591899,31.61,739
2011,27,Israel,ISR,18718,763345,40.78,962
2011,28,Greece,GRC,18616,530278,28.49,725
2011,29,Czech Republic,CZE,18590,404347,21.75,667
2011,30,Norway,NOR,17552,767861,43.75,896
2011,31,Finland,FIN,17416,668967,38.41,897
2011,32,Mexico,MEX,17376,403121,23.2,641
2011,33,Singapore,SGP,16942,706080,41.68,873
2011,34,Hong Kong,HKG,16332,658221,40.3,863
2011,35,South Africa,ZAF,14682,420778,28.66,702
2011,36,New Zealand,NZL,13911,499287,35.89,758
2011,37,Romania,ROU,13757,179007,13.01,454
2011,38,Ireland,IRL,13116,503699,38.4,753
2011,39,Argentina,ARG,11836,321451,27.16,611
2011,40,Egypt,EGY,11266,269091,23.89,452
2011,41,Thailand,THA,10914,269304,24.68,485
2011,42,Hungary,HUN,10234,254768,24.89,630
2011,43,Saudi Arabia,SAU,9591,291785,30.42,618
2011,44,Pakistan,PAK,9324,185586,19.9,481
2011,45,Ukraine,UKR,8413,122943,14.61,382
2011,46,Chile,CHL,7899,231172,29.27,555
2011,47,Croatia,HRV,6673,127422,19.1,413
2011,48,Serbia,SRB,6549,117154,17.89,384
2011,49,Nigeria,NGA,6123,93403,15.25,340
2011,50,Colombia,COL,5829,130400,22.37,436
2011,51,Slovenia,SVN,5774,134217,23.25,439
2011,52,Slovakia,SVK,5647,97598,17.28,381
2011,53,Tunisia,TUN,5355,100084,18.69,292
2011,54,Bulgaria,BGR,3864,74984,19.41,373
2011,55,Algeria,DZA,3654,52847,14.46,263
2011,56,Indonesia,IDN,3551,75063,21.14,349
2011,57,Lithuania,LTU,3228,55204,17.1,319
2011,58,Morocco,MAR,3144,49335,15.69,286
2011,59,United Arab Emirates,ARE,2837,68286,24.07,371
2011,60,Bangladesh,BGD,2618,54617,20.86,343
2011,61,Jordan,JOR,2490,44061,17.7,281
2011,62,Viet Nam,VNM,2421,61065,25.22,350
2011,63,Estonia,EST,2377,78125,32.87,412
2011,64,Cuba,CUB,2352,31919,13.57,235
2011,65,Kenya,KEN,2052,84266,41.07,371
2011,66,Venezuela,VEN,2007,32076,15.98,293
2011,67,Latvia,LVA,1733,21870,12.62,243
2011,68,Belarus,BLR,1731,26025,15.03,243
2011,69,Philippines,PHL,1667,54764,32.85,351
2011,70,Cyprus,CYP,1633,45697,27.98,328
2011,71,Lebanon,LBN,1616,42063,26.03,322
2011,72,Peru,PER,1322,50663,38.32,340
2011,73,Kuwait,KWT,1290,25985,20.14,240
2011,74,Luxembourg,LUX,1289,39627,30.74,300
2011,75,Iceland,ISL,1267,67503,53.28,415
2011,76,Iraq,IRQ,1134,16384,14.45,231
2011,77,Oman,OMN,1119,23506,21.01,243
2011,78,Uruguay,URY,1098,35348,32.19,256
2011,79,Ethiopia,ETH,1087,30449,28.01,257
2011,80,Uganda,UGA,1086,40222,37.04,253
2011,81,Georgia,GEO,1083,22586,20.86,268
2011,82,Armenia,ARM,1039,23922,23.02,244
2011,83,Ghana,GHA,1034,28881,27.93,251
2011,84,Tanzania,TZA,999,37748,37.79,245
2011,85,Sri Lanka,LKA,995,21499,21.61,277
2011,86,Puerto Rico,PRI,975,34580,35.47,294
2011,87,Qatar,QAT,964,26483,27.47,340
2011,88,Azerbaijan,AZE,924,10369,11.22,167
2011,89,Cameroon,CMR,883,21571,24.43,200
2011,90,Bosnia and Herzegovina,BIH,848,8562,10.1,158
2011,91,Nepal,NPL,798,17187,21.54,224
2011,92,Macedonia,MKD,758,9867,13.02,184
2011,93,Macao,MAC,735,16160,21.99,249
2011,94,Costa Rica,CRI,647,23328,36.06,252
2011,95,Uzbekistan,UZB,598,7374,12.33,144
2011,96,Sudan,SDN,589,11147,18.93,155
2011,97,Kazakhstan,KAZ,578,6505,11.25,183
2011,98,Senegal,SEN,575,12591,21.9,169
2011,99,Ecuador,ECU,506,16472,32.55,243
2011,100,Syrian Arab Republic,SYR,505,10673,21.13,156
2011,101,Botswana,BWA,446,16269,36.48,160
2011,102,Trinidad and Tobago,TTO,439,8093,18.44,140
2011,103,Malawi,MWI,424,20699,48.82,195
2011,104,Palestine,PSE,400,7562,18.91,165
2011,105,Burkina Faso,BFA,395,12310,31.16,150
2011,106,Zimbabwe,ZWE,391,18403,47.07,195
2011,107,Panama,PAN,389,25123,64.58,280
2011,108,Jamaica,JAM,381,11808,30.99,146
2011,109,Moldova,MDA,379,5312,14.02,153
2011,110,Malta,MLT,373,11131,29.84,201
2011,111,Côte d’Ivoire,,372,6970,18.74,147
2011,112,Bahrain,BHR,360,5650,15.69,145
2011,113,Benin,BEN,317,8016,25.29,134
2011,114,Zambia,ZMB,308,13772,44.71,171
2011,115,Albania,ALB,294,2858,9.72,117
2011,116,Libya,LBY,282,3946,13.99,129
2011,117,Yemen,YEM,273,5713,20.93,137
2011,118,Bolivia,BOL,262,9222,35.2,179
2011,119,Congo,COG,261,7366,28.22,146
2011,120,Mongolia,MNG,259,5478,21.15,146
2011,121,Madagascar,MDG,253,8218,32.48,134
2011,122,Montenegro,MNE,243,3416,14.06,105
2011,123,Mozambique,MOZ,228,9802,42.99,150
2011,124,Cambodia,KHM,224,8099,36.16,150
2011,125,Mali,MLI,223,6834,30.65,145
2011,126,Brunei Darussalam,BRN,178,2966,16.66,147
2011,127,Fiji,FJI,170,4331,25.48,138
2011,128,Rwanda,RWA,170,5771,33.95,130
2011,129,Gabon,GAB,169,7631,45.15,136
2011,130,Myanmar,MMR,168,2549,15.17,109
2011,131,Laos,LAO,157,4415,28.12,130
2011,132,Namibia,NAM,155,4967,32.05,137
2011,133,Papua New Guinea,PNG,146,4275,29.28,130
2011,134,Guatemala,GTM,145,4449,30.68,133
2011,135,Mauritius,MUS,142,4610,32.46,146
2011,136,Barbados,BRB,125,2962,23.7,116
2011,137,Paraguay,PRY,123,3280,26.67,122
2011,138,Monaco,MCO,117,6191,52.91,154
2011,139,Niger,NGA,111,3818,34.4,113
2011,140,Nicaragua,NIC,109,4128,37.87,117
2011,141,New Caledonia,NCL,107,4916,45.94,131
2011,142,Togo,TGO,107,1785,16.68,79
2011,143,Kyrgyzstan,KGZ,107,1738,16.24,122
2011,144,Liechtenstein,LIE,104,2806,26.98,130
2011,145,Afghanistan,AFG,104,1732,16.65,81
2011,146,Gambia,GMB,99,4814,48.63,166
2011,147,El Salvador,SLV,99,3565,36.01,90
2011,148,Eswatini,SWZ,97,2832,29.2,96
2011,149,Grenada,GRD,89,2630,29.55,85
2011,150,French Polynesia,PYF,85,3055,35.94,115
2011,151,Tajikistan,TJK,84,812,9.67,79
2011,152,Dominican Republic,DOM,82,2411,29.4,103
2011,153,Greenland,GRL,78,4005,51.35,109
2011,154,Honduras,HND,75,2767,36.89,95
2011,155,Guam,GUM,72,1421,19.74,85
2011,156,Haïti,HTI,70,2313,33.04,88
2011,157,Guadeloupe,GLP,68,1128,16.59,90
2011,158,French Guiana,GUF,59,2388,40.47,111
2011,159,Bhutan,BTN,54,1189,22.02,75
2011,160,Angola,AGO,54,866,16.04,67
2011,161,Democratic Republic Congo,COD,45,2023,44.96,103
2011,162,Bermuda,BMU,44,1778,40.41,117
2011,163,Sierra Leone,SLE,43,957,22.26,99
2011,164,Martinique,MTQ,42,751,17.88,68
2011,165,Faroe Islands,FRO,39,2116,54.26,91
2011,166,Guinea,GIN,38,639,16.82,94
2011,167,Central African Republic,CAF,38,844,22.21,74
2011,168,Lesotho,LSO,37,670,18.11,59
2011,169,Seychelles,SYC,36,1822,50.61,85
2011,170,Turkmenistan,TKM,35,288,8.23,41
2011,171,Bahamas,BHS,35,1398,39.94,76
2011,172,Eritrea,ERI,35,757,21.63,64
2011,173,Reunion,REU,35,610,17.43,72
2011,174,Mauritania,MRT,35,710,20.29,62
2011,175,Cayman Islands,CYM,34,614,18.06,48
2011,176,Burundi,BDI,34,1103,32.44,71
2011,177,Guinea-Bissau,GNB,33,1243,37.67,78
2011,178,North Korea,PRK,30,332,11.07,60
2011,179,Chad,TCD,29,675,23.28,62
2011,180,Vanuatu,VUT,26,1121,43.12,56
2011,181,Belize,BLZ,26,846,32.54,69
2011,182,Liberia,LBR,26,584,22.46,74
2011,183,Guyana,GUY,25,389,15.56,71
2011,184,Dominica,DMA,24,563,23.46,53
2011,185,Solomon Islands,SLB,23,979,42.57,64
2011,186,Samoa,WSM,22,635,28.86,51
2011,187,Falkland Islands (Malvinas),FLK,18,698,38.78,57
2011,188,Maldives,MDV,18,566,31.44,51
2011,189,Aruba,ABW,18,234,13.0,30
2011,190,Djibouti,DJI,15,332,22.13,44
2011,191,Comoros,COM,14,279,19.93,31
2011,192,Saint Kitts and Nevis,KNA,14,146,10.43,60
2011,193,Virgin Islands (British),VGB,13,731,56.23,39
2011,194,Saint Lucia,LCA,12,193,16.08,35
2011,195,San Marino,SMR,12,196,16.33,56
2011,196,Tonga,TON,12,223,18.58,42
2011,197,Suriname,SUR,12,604,50.33,62
2011,198,Mayotte,MYT,11,205,18.64,20
2011,199,Equatorial Guinea,GNQ,10,572,57.2,40
2011,200,Somalia,SOM,10,98,9.8,45
2011,201,Andorra,AND,9,249,27.67,47
2011,202,American Samoa,ASM,9,91,10.11,37
2011,203,Gibraltar,GIB,9,415,46.11,48
2011,204,Cook Islands,COK,8,416,52.0,33
2011,205,Federated States of Micronesia,FSM,8,36,4.5,56
2011,206,Antigua and Barbuda,ATG,7,98,14.0,35
2011,207,Palau,PLW,7,122,17.43,49
2011,208,Cape Verde,CPV,6,35,5.83,53
2011,209,Vatican City State,VAT,5,229,45.8,19
2011,210,Republic of South Sudan,SSD,5,36,7.2,33
2011,211,Montserrat,MSR,5,282,56.4,41
2011,212,Marshall Islands,MHL,5,82,16.4,32
2011,213,Timor-Leste,TLS,5,113,22.6,39
2011,214,Virgin Islands (U.S.),VIR,5,71,14.2,50
2011,215,Saint Vincent and the Grenadines,VCT,3,10,3.33,30
2011,216,Wallis and Futuna,WLF,3,18,6.0,9
2011,217,Anguilla,AIA,3,18,6.0,28
2011,218,Nauru,NRU,3,179,59.67,13
2011,219,Northern Mariana Islands,MNP,2,4,2.0,25
2011,220,Turks and Caicos Islands,TCA,2,10,5.0,29
2011,221,Svalbard and Jan Mayen,SJM,1,24,24.0,19
2011,222,Heard Island and McDonald Islands,HMD,1,17,17.0,2
2011,223,Saint Pierre and Miquelon,SPM,1,9,9.0,3
2011,224,Norfolk Island,NFK,1,11,11.0,11
2011,225,Sao Tome and Principe,STP,1,0,0.0,26
2011,226,Cocos (Keeling) Islands,CCK,1,25,25.0,7
2011,227,British Indian Ocean Territory,IOT,1,18,18.0,14
2011,228,Saint Helena,SHN,1,9,9.0,19
2012,1,United States,USA,676244,24354641,36.01,3213
2012,2,China,CHN,416993,7842633,18.81,1455
2012,3,United Kingdom,GBR,198845,7059845,35.5,2048
2012,4,Germany,DEU,168646,5710673,33.86,1797
2012,5,Japan,JPN,135269,3046047,22.52,1364
2012,6,France,FRA,116874,3794400,32.47,1604
2012,7,India,IND,110604,2048202,18.52,925
2012,8,Canada,CAN,102669,3881232,37.8,1659
2012,9,Italy,ITA,99544,3200194,32.15,1416
2012,10,Spain,ESP,86357,2758273,31.94,1303
2012,11,Australia,AUS,83802,3131006,37.36,1475
2012,12,South Korea,KOR,71866,1937602,26.96,1004
2012,13,Brazil,BRA,61714,1270133,20.58,844
2012,14,Netherlands,NLD,57893,2680009,46.29,1471
2012,15,Russian Federation,RUS,45764,664954,14.53,806
2012,16,Taiwan,TWN,43679,1010247,23.13,738
2012,17,Switzerland,CHE,41545,2067165,49.76,1369
2012,18,Iran,IRN,41424,811273,19.58,541
2012,19,Turkey,TUR,36908,712095,19.29,647
2012,20,Poland,POL,36854,728421,19.77,792
2012,21,Sweden,SWE,36027,1506259,41.81,1232
2012,22,Belgium,BEL,31193,1261299,40.44,1134
2012,23,Malaysia,MYS,23163,441064,19.04,559
2012,24,Austria,AUT,23128,858628,37.13,937
2012,25,Denmark,DNK,23112,1072068,46.39,1081
2012,26,Portugal,PRT,20868,667903,32.01,739
2012,27,Israel,ISR,19990,716896,35.86,962
2012,28,Czech Republic,CZE,19689,439349,22.31,667
2012,29,Norway,NOR,19345,743217,38.42,896
2012,30,Greece,GRC,19135,585138,30.58,725
2012,31,Mexico,MEX,18785,401290,21.36,641
2012,32,Singapore,SGP,18701,828481,44.3,873
2012,33,Finland,FIN,18499,679752,36.75,897
2012,34,Hong Kong,HKG,17439,677647,38.86,863
2012,35,South Africa,ZAF,16572,452265,27.29,702
2012,36,New Zealand,NZL,14707,525081,35.7,758
2012,37,Romania,ROU,14634,205019,14.01,454
2012,38,Egypt,EGY,13407,292190,21.79,452
2012,39,Ireland,IRL,13195,492634,37.33,753
2012,40,Saudi Arabia,SAU,12463,368762,29.59,618
2012,41,Thailand,THA,12414,293530,23.65,485
2012,42,Argentina,ARG,12326,331238,26.87,611
2012,43,Hungary,HUN,10707,296015,27.65,630
2012,44,Pakistan,PAK,10135,211140,20.83,481
2012,45,Ukraine,UKR,9216,117062,12.7,382
2012,46,Chile,CHL,8944,258340,28.88,555
2012,47,Serbia,SRB,8212,148268,18.06,384
2012,48,Colombia,COL,6789,161743,23.82,436
2012,49,Croatia,HRV,6749,130329,19.31,413
2012,50,Slovakia,SVK,6269,120276,19.19,381
2012,51,Slovenia,SVN,6144,155374,25.29,439
2012,52,Nigeria,NGA,5983,84775,14.17,340
2012,53,Tunisia,TUN,5674,96846,17.07,292
2012,54,Algeria,DZA,4366,63074,14.45,263
2012,55,Indonesia,IDN,4275,85097,19.91,349
2012,56,Bulgaria,BGR,4179,75524,18.07,373
2012,57,Morocco,MAR,3646,70273,19.27,286
2012,58,Bangladesh,BGD,3452,66779,19.35,343
2012,59,United Arab Emirates,ARE,3314,67519,20.37,371
2012,60,Viet Nam,VNM,3155,90295,28.62,350
2012,61,Lithuania,LTU,3113,72815,23.39,319
2012,62,Jordan,JOR,2683,41417,15.44,281
2012,63,Estonia,EST,2586,104194,40.29,412
2012,64,Cuba,CUB,2423,27372,11.3,235
2012,65,Kenya,KEN,2132,87138,40.87,371
2012,66,Venezuela,VEN,2102,39069,18.59,293
2012,67,Lebanon,LBN,1986,46892,23.61,322
2012,68,Cyprus,CYP,1868,62883,33.66,328
2012,69,Belarus,BLR,1800,46978,26.1,243
2012,70,Philippines,PHL,1799,50775,28.22,351
2012,71,Latvia,LVA,1592,25908,16.27,243
2012,72,Iraq,IRQ,1469,21823,14.86,231
2012,73,Iceland,ISL,1441,85315,59.21,415
2012,74,Peru,PER,1440,47334,32.87,340
2012,75,Luxembourg,LUX,1439,43885,30.5,300
2012,76,Kuwait,KWT,1370,26455,19.31,240
2012,77,Qatar,QAT,1361,32942,24.2,340
2012,78,Ethiopia,ETH,1322,41038,31.04,257
2012,79,Ghana,GHA,1213,41062,33.85,251
2012,80,Oman,OMN,1212,25313,20.89,243
2012,81,Georgia,GEO,1209,47257,39.09,268
2012,82,Armenia,ARM,1160,45642,39.35,244
2012,83,Sri Lanka,LKA,1145,32963,28.79,277
2012,84,Uganda,UGA,1143,45608,39.9,253
2012,85,Uruguay,URY,1111,38301,34.47,256
2012,86,Tanzania,TZA,1045,33543,32.1,245
2012,87,Azerbaijan,AZE,1025,20966,20.45,167
2012,88,Puerto Rico,PRI,984,47362,48.13,294
2012,89,Macao,MAC,973,25255,25.96,249
2012,90,Nepal,NPL,964,27244,28.26,224
2012,91,Cameroon,CMR,937,21535,22.98,200
2012,92,Bosnia and Herzegovina,BIH,922,10363,11.24,158
2012,93,Kazakhstan,KAZ,849,13106,15.44,183
2012,94,Macedonia,MKD,777,12935,16.65,184
2012,95,Costa Rica,CRI,719,21892,30.45,252
2012,96,Ecuador,ECU,670,25606,38.22,243
2012,97,Senegal,SEN,639,14645,22.92,169
2012,98,Sudan,SDN,609,19729,32.4,155
2012,99,Syrian Arab Republic,SYR,586,11544,19.7,156
2012,100,Uzbekistan,UZB,539,5704,10.58,144
2012,101,Malta,MLT,537,11425,21.28,201
2012,102,Zimbabwe,ZWE,517,12523,24.22,195
2012,103,Panama,PAN,484,31048,64.15,280
2012,104,Burkina Faso,BFA,479,14320,29.9,150
2012,105,Palestine,PSE,463,8489,18.33,165
2012,106,Malawi,MWI,444,25500,57.43,195
2012,107,Moldova,MDA,430,5953,13.84,153
2012,108,Trinidad and Tobago,TTO,420,5932,14.12,140
2012,109,Jamaica,JAM,407,5029,12.36,146
2012,110,Botswana,BWA,406,10159,25.02,160
2012,111,Côte d’Ivoire,,393,8436,21.47,147
2012,112,Bahrain,BHR,370,5012,13.55,145
2012,113,Libya,LBY,369,6208,16.82,129
2012,114,Benin,BEN,363,8349,23.0,134
2012,115,Albania,ALB,351,4073,11.6,117
2012,116,Zambia,ZMB,348,11302,32.48,171
2012,117,Mongolia,MNG,337,6609,19.61,146
2012,118,Congo,COG,315,9771,31.02,146
2012,119,Yemen,YEM,313,5764,18.42,137
2012,120,Montenegro,MNE,291,4712,16.19,105
2012,121,Cambodia,KHM,269,11361,42.23,150
2012,122,Madagascar,MDG,264,7493,28.38,134
2012,123,Brunei Darussalam,BRN,257,3942,15.34,147
2012,124,Mali,MLI,249,8029,32.24,145
2012,125,Bolivia,BOL,245,16313,66.58,179
2012,126,Barbados,BRB,223,3402,15.26,116
2012,127,Mauritius,MUS,220,3665,16.66,146
2012,128,Laos,LAO,218,7288,33.43,130
2012,129,Guatemala,GTM,218,7796,35.76,133
2012,130,Mozambique,MOZ,214,15716,73.44,150
2012,131,Namibia,NAM,203,4394,21.65,137
2012,132,Fiji,FJI,196,5452,27.82,138
2012,133,Rwanda,RWA,184,4987,27.1,130
2012,134,Papua New Guinea,PNG,159,5473,34.42,130
2012,135,New Caledonia,NCL,158,5203,32.93,131
2012,136,Paraguay,PRY,144,3616,25.11,122
2012,137,Gabon,GAB,140,6442,46.01,136
2012,138,Gambia,GMB,133,7879,59.24,166
2012,139,Kyrgyzstan,KGZ,124,2498,20.15,122
2012,140,Liechtenstein,LIE,119,4435,37.27,130
2012,141,Tajikistan,TJK,117,2027,17.32,79
2012,142,Nicaragua,NIC,117,3400,29.06,117
2012,143,Myanmar,MMR,116,2208,19.03,109
2012,144,French Polynesia,PYF,116,4955,42.72,115
2012,145,Grenada,GRD,113,2501,22.13,85
2012,146,Niger,NGA,111,3482,31.37,113
2012,147,Monaco,MCO,109,5782,53.05,154
2012,148,Togo,TGO,109,1194,10.95,79
2012,149,Afghanistan,AFG,107,1465,13.69,81
2012,150,Greenland,GRL,106,5890,55.57,109
2012,151,El Salvador,SLV,98,3056,31.18,90
2012,152,Guadeloupe,GLP,95,1974,20.78,90
2012,153,Honduras,HND,88,1671,18.99,95
2012,154,Eswatini,SWZ,87,2000,22.99,96
2012,155,Dominican Republic,DOM,87,2391,27.48,103
2012,156,North Korea,PRK,86,760,8.84,60
2012,157,French Guiana,GUF,77,2657,34.51,111
2012,158,Angola,AGO,73,1416,19.4,67
2012,159,Democratic Republic Congo,COD,64,2223,34.73,103
2012,160,Haïti,HTI,61,1621,26.57,88
2012,161,Reunion,REU,55,1671,30.38,72
2012,162,Martinique,MTQ,53,3725,70.28,68
2012,163,Sierra Leone,SLE,50,2144,42.88,99
2012,164,Faroe Islands,FRO,49,2894,59.06,91
2012,165,Guam,GUM,49,1697,34.63,85
2012,166,Lesotho,LSO,49,775,15.82,59
2012,167,Turkmenistan,TKM,46,614,13.35,41
2012,168,Bhutan,BTN,45,1020,22.67,75
2012,169,Guinea,GIN,45,949,21.09,94
2012,170,Bermuda,BMU,45,3081,68.47,117
2012,171,Central African Republic,CAF,43,2736,63.63,74
2012,172,Seychelles,SYC,40,1264,31.6,85
2012,173,Mauritania,MRT,39,964,24.72,62
2012,174,Guyana,GUY,37,381,10.3,71
2012,175,Guinea-Bissau,GNB,37,1330,35.95,78
2012,176,Bahamas,BHS,36,1116,31.0,76
2012,177,Burundi,BDI,35,1080,30.86,71
2012,178,Saint Kitts and Nevis,KNA,33,700,21.21,60
2012,179,Dominica,DMA,32,867,27.09,53
2012,180,Falkland Islands (Malvinas),FLK,29,781,26.93,57
2012,181,Suriname,SUR,27,1592,58.96,62
2012,182,Maldives,MDV,26,708,27.23,51
2012,183,Liberia,LBR,25,707,28.28,74
2012,184,Belize,BLZ,25,2093,83.72,69
2012,185,Timor-Leste,TLS,24,292,12.17,39
2012,186,Chad,TCD,24,623,25.96,62
2012,187,Vanuatu,VUT,24,470,19.58,56
2012,188,Cayman Islands,CYM,24,829,34.54,48
2012,189,Djibouti,DJI,23,309,13.43,44
2012,190,San Marino,SMR,20,612,30.6,56
2012,191,Cape Verde,CPV,16,327,20.44,53
2012,192,Eritrea,ERI,15,584,38.93,64
2012,193,Solomon Islands,SLB,15,337,22.47,64
2012,194,Palau,PLW,14,527,37.64,49
2012,195,Andorra,AND,13,430,33.08,47
2012,196,Federated States of Micronesia,FSM,13,284,21.85,56
2012,197,Antigua and Barbuda,ATG,13,193,14.85,35
2012,198,Samoa,WSM,12,1078,89.83,51
2012,199,Virgin Islands (U.S.),VIR,12,371,30.92,50
2012,200,Equatorial Guinea,GNQ,11,346,31.45,40
2012,201,Cook Islands,COK,9,325,36.11,33
2012,202,Montserrat,MSR,8,178,22.25,41
2012,203,American Samoa,ASM,8,109,13.63,37
2012,204,Aruba,ABW,8,214,26.75,30
2012,205,Mayotte,MYT,7,62,8.86,20
2012,206,Somalia,SOM,7,147,21.0,45
2012,207,Tonga,TON,6,160,26.67,42
2012,208,Gibraltar,GIB,6,294,49.0,48
2012,209,Virgin Islands (British),VGB,6,266,44.33,39
2012,210,Saint Lucia,LCA,5,165,33.0,35
2012,211,Comoros,COM,5,74,14.8,31
2012,212,Vatican City State,VAT,4,107,26.75,19
2012,213,Anguilla,AIA,4,165,41.25,28
2012,214,Turks and Caicos Islands,TCA,4,152,38.0,29
2012,215,Marshall Islands,MHL,4,255,63.75,32
2012,216,Svalbard and Jan Mayen,SJM,3,13,4.33,19
2012,217,Saint Vincent and the Grenadines,VCT,3,168,56.0,30
2012,218,Nauru,NRU,2,6,3.0,13
2012,219,Northern Mariana Islands,MNP,2,14,7.0,25
2012,220,Sao Tome and Principe,STP,2,40,20.0,26
2012,221,British Indian Ocean Territory,IOT,1,4,4.0,14
2012,222,Tuvalu,TUV,1,99,99.0,17
2012,223,Kiribati,KIR,1,1,1.0,24
2012,224,Saint Pierre and Miquelon,SPM,1,1,1.0,3
2012,225,United States Minor Outlying Islands,UMI,1,23,23.0,12
2013,1,United States,USA,698181,23468719,33.61,3213
2013,2,China,CHN,456116,8879075,19.47,1455
2013,3,United Kingdom,GBR,211756,7130040,33.67,2048
2013,4,Germany,DEU,173010,5688292,32.88,1797
2013,5,Japan,JPN,138148,3057321,22.13,1364
2013,6,France,FRA,123330,3877520,31.44,1604
2013,7,India,IND,118208,2241222,18.96,925
2013,8,Italy,ITA,106566,3330589,31.25,1416
2013,9,Canada,CAN,105622,3781627,35.8,1659
2013,10,Australia,AUS,92311,3325561,36.03,1475
2013,11,Spain,ESP,88388,2737984,30.98,1303
2013,12,South Korea,KOR,75298,1932007,25.66,1004
2013,13,Brazil,BRA,64899,1341030,20.66,844
2013,14,Netherlands,NLD,59434,2633617,44.31,1471
2013,15,Russian Federation,RUS,50797,683919,13.46,806
2013,16,Taiwan,TWN,44139,955716,21.65,738
2013,17,Switzerland,CHE,43828,1957767,44.67,1369
2013,18,Iran,IRN,42251,875440,20.72,541
2013,19,Turkey,TUR,40468,721101,17.82,647
2013,20,Poland,POL,39935,757196,18.96,792
2013,21,Sweden,SWE,38175,1553338,40.69,1232
2013,22,Belgium,BEL,32683,1320874,40.41,1134
2013,23,Malaysia,MYS,25643,506472,19.75,559
2013,24,Denmark,DNK,24822,1070647,43.13,1081
2013,25,Austria,AUT,24261,868169,35.78,937
2013,26,Portugal,PRT,22995,686738,29.86,739
2013,27,Czech Republic,CZE,20849,452430,21.7,667
2013,28,Israel,ISR,20225,690044,34.12,962
2013,29,Norway,NOR,20144,754995,37.48,896
2013,30,Mexico,MEX,20017,430963,21.53,641
2013,31,Singapore,SGP,19595,837434,42.74,873
2013,32,Finland,FIN,19584,703271,35.91,897
2013,33,Greece,GRC,19432,559061,28.77,725
2013,34,Hong Kong,HKG,18569,695617,37.46,863
2013,35,South Africa,ZAF,18182,502819,27.65,702
2013,36,Romania,ROU,15601,219938,14.1,454
2013,37,New Zealand,NZL,15406,522536,33.92,758
2013,38,Saudi Arabia,SAU,15362,473313,30.81,618
2013,39,Egypt,EGY,14888,314281,21.11,452
2013,40,Ireland,IRL,13791,491855,35.66,753
2013,41,Argentina,ARG,12585,316940,25.18,611
2013,42,Thailand,THA,12568,277449,22.08,485
2013,43,Pakistan,PAK,11674,259259,22.21,481
2013,44,Hungary,HUN,10645,272460,25.6,630
2013,45,Ukraine,UKR,10228,117335,11.47,382
2013,46,Chile,CHL,9401,271718,28.9,555
2013,47,Serbia,SRB,7810,143248,18.34,384
2013,48,Colombia,COL,7644,148188,19.39,436
2013,49,Slovakia,SVK,6845,110656,16.17,381
2013,50,Croatia,HRV,6735,121741,18.08,413
2013,51,Slovenia,SVN,6287,151432,24.09,439
2013,52,Tunisia,TUN,6229,96128,15.43,292
2013,53,Nigeria,NGA,6107,76809,12.58,340
2013,54,Indonesia,IDN,5537,99080,17.89,349
2013,55,Algeria,DZA,5032,74221,14.75,263
2013,56,Bulgaria,BGR,4307,72815,16.91,373
2013,57,Morocco,MAR,3964,62498,15.77,286
2013,58,Viet Nam,VNM,3784,79868,21.11,350
2013,59,United Arab Emirates,ARE,3621,94925,26.22,371
2013,60,Bangladesh,BGD,3475,80582,23.19,343
2013,61,Lithuania,LTU,3173,64849,20.44,319
2013,62,Estonia,EST,2853,102863,36.05,412
2013,63,Jordan,JOR,2563,43873,17.12,281
2013,64,Cuba,CUB,2485,30189,12.15,235
2013,65,Kenya,KEN,2446,85065,34.78,371
2013,66,Lebanon,LBN,2250,48344,21.49,322
2013,67,Cyprus,CYP,2157,61858,28.68,328
2013,68,Philippines,PHL,2054,53384,25.99,351
2013,69,Venezuela,VEN,2017,31017,15.38,293
2013,70,Qatar,QAT,1960,57702,29.44,340
2013,71,Kazakhstan,KAZ,1815,14824,8.17,183
2013,72,Belarus,BLR,1796,33623,18.72,243
2013,73,Luxembourg,LUX,1785,59384,33.27,300
2013,74,Iraq,IRQ,1777,31283,17.6,231
2013,75,Latvia,LVA,1710,26880,15.72,243
2013,76,Ethiopia,ETH,1608,46707,29.05,257
2013,77,Peru,PER,1597,56104,35.13,340
2013,78,Iceland,ISL,1463,72782,49.75,415
2013,79,Kuwait,KWT,1458,24716,16.95,240
2013,80,Ghana,GHA,1384,43143,31.17,251
2013,81,Oman,OMN,1345,29166,21.68,243
2013,82,Sri Lanka,LKA,1317,30707,23.32,277
2013,83,Macao,MAC,1304,33217,25.47,249
2013,84,Uganda,UGA,1243,40749,32.78,253
2013,85,Georgia,GEO,1211,27571,22.77,268
2013,86,Uruguay,URY,1177,33186,28.2,256
2013,87,Tanzania,TZA,1164,41402,35.57,245
2013,88,Cameroon,CMR,1090,26528,24.34,200
2013,89,Armenia,ARM,1066,28650,26.88,244
2013,90,Nepal,NPL,1040,25437,24.46,224
2013,91,Bosnia and Herzegovina,BIH,872,11819,13.55,158
2013,92,Puerto Rico,PRI,870,33246,38.21,294
2013,93,Macedonia,MKD,861,11433,13.28,184
2013,94,Azerbaijan,AZE,792,12565,15.86,167
2013,95,Ecuador,ECU,777,34083,43.86,243
2013,96,Sudan,SDN,762,13255,17.4,155
2013,97,Costa Rica,CRI,733,19227,26.23,252
2013,98,Senegal,SEN,660,12839,19.45,169
2013,99,Malta,MLT,641,13247,20.67,201
2013,100,Zimbabwe,ZWE,583,18163,31.15,195
2013,101,Syrian Arab Republic,SYR,575,11265,19.59,156
2013,102,Uzbekistan,UZB,569,7015,12.33,144
2013,103,Albania,ALB,540,2768,5.13,117
2013,104,Palestine,PSE,528,10817,20.49,165
2013,105,Libya,LBY,496,6935,13.98,129
2013,106,Panama,PAN,492,20654,41.98,280
2013,107,Bahrain,BHR,488,7997,16.39,145
2013,108,Malawi,MWI,467,16029,34.32,195
2013,109,Botswana,BWA,448,8258,18.43,160
2013,110,Moldova,MDA,429,5966,13.91,153
2013,111,Burkina Faso,BFA,428,10251,23.95,150
2013,112,Benin,BEN,424,8257,19.47,134
2013,113,Jamaica,JAM,422,14017,33.22,146
2013,114,Mongolia,MNG,419,8507,20.3,146
2013,115,Zambia,ZMB,408,14129,34.63,171
2013,116,Congo,COG,385,10941,28.42,146
2013,117,Yemen,YEM,366,9172,25.06,137
2013,118,Trinidad and Tobago,TTO,361,6038,16.73,140
2013,119,Montenegro,MNE,344,3691,10.73,105
2013,120,Côte d’Ivoire,,335,6131,18.3,147
2013,121,Madagascar,MDG,310,6493,20.95,134
2013,122,Brunei Darussalam,BRN,305,4425,14.51,147
2013,123,Bolivia,BOL,289,10802,37.38,179
2013,124,Cambodia,KHM,281,10349,36.83,150
2013,125,Rwanda,RWA,276,6942,25.15,130
2013,126,Fiji,FJI,259,6531,25.22,138
2013,127,Mauritius,MUS,250,7208,28.83,146
2013,128,Mozambique,MOZ,248,9995,40.3,150
2013,129,Namibia,NAM,248,6648,26.81,137
2013,130,Guatemala,GTM,229,7154,31.24,133
2013,131,Mali,MLI,223,10981,49.24,145
2013,132,Laos,LAO,208,5552,26.69,130
2013,133,Kyrgyzstan,KGZ,173,3963,22.91,122
2013,134,Gabon,GAB,172,5128,29.81,136
2013,135,New Caledonia,NCL,161,6266,38.92,131
2013,136,Paraguay,PRY,155,4478,28.89,122
2013,137,Gambia,GMB,154,10744,69.77,166
2013,138,Papua New Guinea,PNG,151,5026,33.28,130
2013,139,Barbados,BRB,147,2896,19.7,116
2013,140,Tajikistan,TJK,135,1573,11.65,79
2013,141,Togo,TGO,134,1665,12.43,79
2013,142,Monaco,MCO,132,4777,36.19,154
2013,143,Grenada,GRD,129,3098,24.02,85
2013,144,Dominican Republic,DOM,127,3766,29.65,103
2013,145,Myanmar,MMR,122,2057,16.86,109
2013,146,Guadeloupe,GLP,121,3244,26.81,90
2013,147,Liechtenstein,LIE,119,4695,39.45,130
2013,148,Niger,NGA,117,4757,40.66,113
2013,149,Greenland,GRL,111,5890,53.06,109
2013,150,Nicaragua,NIC,101,3100,30.69,117
2013,151,Afghanistan,AFG,97,1750,18.04,81
2013,152,Haïti,HTI,97,2072,21.36,88
2013,153,Eswatini,SWZ,95,2241,23.59,96
2013,154,Honduras,HND,90,2911,32.34,95
2013,155,El Salvador,SLV,88,1294,14.7,90
2013,156,French Guiana,GUF,85,4310,50.71,111
2013,157,French Polynesia,PYF,81,2467,30.46,115
2013,158,Guam,GUM,80,1143,14.29,85
2013,159,Bhutan,BTN,73,1751,23.99,75
2013,160,Angola,AGO,72,2005,27.85,67
2013,161,Bermuda,BMU,66,2741,41.53,117
2013,162,Martinique,MTQ,55,1002,18.22,68
2013,163,Reunion,REU,52,1995,38.37,72
2013,164,Seychelles,SYC,52,1444,27.77,85
2013,165,Bahamas,BHS,50,1130,22.6,76
2013,166,Sierra Leone,SLE,50,1458,29.16,99
2013,167,Democratic Republic Congo,COD,48,1324,27.58,103
2013,168,Burundi,BDI,46,640,13.91,71
2013,169,Mauritania,MRT,45,740,16.44,62
2013,170,Lesotho,LSO,44,479,10.89,59
2013,171,Central African Republic,CAF,42,1385,32.98,74
2013,172,Guinea,GIN,41,1235,30.12,94
2013,173,Suriname,SUR,40,1018,25.45,62
2013,174,Faroe Islands,FRO,40,1049,26.23,91
2013,175,Liberia,LBR,39,900,23.08,74
2013,176,Guinea-Bissau,GNB,38,1188,31.26,78
2013,177,Dominica,DMA,37,870,23.51,53
2013,178,Guyana,GUY,35,748,21.37,71
2013,179,Eritrea,ERI,33,1044,31.64,64
2013,180,Belize,BLZ,33,623,18.88,69
2013,181,Cape Verde,CPV,32,858,26.81,53
2013,182,Vanuatu,VUT,29,1028,35.45,56
2013,183,Chad,TCD,29,428,14.76,62
2013,184,San Marino,SMR,28,1257,44.89,56
2013,185,Falkland Islands (Malvinas),FLK,27,689,25.52,57
2013,186,Saint Kitts and Nevis,KNA,26,662,25.46,60
2013,187,Cayman Islands,CYM,23,373,16.22,48
2013,188,Solomon Islands,SLB,22,577,26.23,64
2013,189,Comoros,COM,21,111,5.29,31
2013,190,Andorra,AND,20,485,24.25,47
2013,191,Samoa,WSM,20,474,23.7,51
2013,192,Djibouti,DJI,19,371,19.53,44
2013,193,Turkmenistan,TKM,19,323,17.0,41
2013,194,Somalia,SOM,18,207,11.5,45
2013,195,North Korea,PRK,17,202,11.88,60
2013,196,Maldives,MDV,17,386,22.71,51
2013,197,Federated States of Micronesia,FSM,16,182,11.38,56
2013,198,Timor-Leste,TLS,16,592,37.0,39
2013,199,Palau,PLW,16,325,20.31,49
2013,200,American Samoa,ASM,15,507,33.8,37
2013,201,Antigua and Barbuda,ATG,14,222,15.86,35
2013,202,Virgin Islands (British),VGB,12,210,17.5,39
2013,203,Aruba,ABW,11,149,13.55,30
2013,204,Equatorial Guinea,GNQ,11,289,26.27,40
2013,205,Gibraltar,GIB,11,517,47.0,48
2013,206,Anguilla,AIA,9,259,28.78,28
2013,207,Virgin Islands (U.S.),VIR,8,225,28.13,50
2013,208,Montserrat,MSR,8,139,17.38,41
2013,209,Saint Lucia,LCA,8,67,8.38,35
2013,210,Cook Islands,COK,7,166,23.71,33
2013,211,Tonga,TON,7,97,13.86,42
2013,212,Turks and Caicos Islands,TCA,6,187,31.17,29
2013,213,Northern Mariana Islands,MNP,5,135,27.0,25
2013,214,United States Minor Outlying Islands,UMI,5,154,30.8,12
2013,215,Kiribati,KIR,5,166,33.2,24
2013,216,Saint Vincent and the Grenadines,VCT,4,63,15.75,30
2013,217,Sao Tome and Principe,STP,4,54,13.5,26
2013,218,Republic of South Sudan,SSD,4,4,1.0,33
2013,219,Saint Helena,SHN,3,34,11.33,19
2013,220,Mayotte,MYT,3,27,9.0,20
2013,221,Marshall Islands,MHL,3,133,44.33,32
2013,222,Nauru,NRU,2,84,42.0,13
2013,223,Christmas Island,CXR,2,1,0.5,4
2013,224,Niue,NIU,2,19,9.5,12
2013,225,Wallis and Futuna,WLF,2,32,16.0,9
2013,226,Tuvalu,TUV,1,7,7.0,17
2013,227,Vatican City State,VAT,1,7,7.0,19
2013,228,Norfolk Island,NFK,1,29,29.0,11
2013,229,South Georgia and the South Sandwich Islands,SGS,1,11,11.0,7
2014,1,United States,USA,690563,22683284,32.85,3213
2014,2,China,CHN,487892,9957418,20.41,1455
2014,3,United Kingdom,GBR,204153,6905210,33.82,2048
2014,4,Germany,DEU,174469,5596072,32.07,1797
2014,5,India,IND,133819,2390524,17.86,925
2014,6,Japan,JPN,132498,2820569,21.29,1364
2014,7,France,FRA,122090,3673903,30.09,1604
2014,8,Italy,ITA,108804,3353291,30.82,1416
2014,9,Canada,CAN,106484,3717639,34.91,1659
2014,10,Australia,AUS,95001,3446940,36.28,1475
2014,11,Spain,ESP,91039,2734989,30.04,1303
2014,12,South Korea,KOR,78785,1981901,25.16,1004
2014,13,Brazil,BRA,68426,1342970,19.63,844
2014,14,Netherlands,NLD,59807,2505869,41.9,1471
2014,15,Russian Federation,RUS,59566,755415,12.68,806
2014,16,Iran,IRN,45298,964451,21.29,541
2014,17,Switzerland,CHE,44756,1889647,42.22,1369
2014,18,Poland,POL,42169,808738,19.18,792
2014,19,Taiwan,TWN,42089,903030,21.46,738
2014,20,Turkey,TUR,41315,733925,17.76,647
2014,21,Sweden,SWE,39451,1585623,40.19,1232
2014,22,Belgium,BEL,33494,1297994,38.75,1134
2014,23,Malaysia,MYS,29186,575516,19.72,559
2014,24,Denmark,DNK,26331,1137929,43.22,1081
2014,25,Austria,AUT,24673,850641,34.48,937
2014,26,Portugal,PRT,23604,676336,28.65,739
2014,27,Czech Republic,CZE,23339,479265,20.53,667
2014,28,Mexico,MEX,21460,425878,19.85,641
2014,29,Norway,NOR,20957,718553,34.29,896
2014,30,South Africa,ZAF,20856,529596,25.39,702
2014,31,Israel,ISR,20644,712587,34.52,962
2014,32,Finland,FIN,20286,750786,37.01,897
2014,33,Singapore,SGP,20167,852421,42.27,873
2014,34,Greece,GRC,19723,569995,28.9,725
2014,35,Hong Kong,HKG,19294,756637,39.22,863
2014,36,Saudi Arabia,SAU,18036,596277,33.06,618
2014,37,Egypt,EGY,15731,339228,21.56,452
2014,38,New Zealand,NZL,15471,487242,31.49,758
2014,39,Romania,ROU,15330,231396,15.09,454
2014,40,Ireland,IRL,13969,484935,34.72,753
2014,41,Thailand,THA,13729,282237,20.56,485
2014,42,Argentina,ARG,13503,320404,23.73,611
2014,43,Pakistan,PAK,11916,267138,22.42,481
2014,44,Hungary,HUN,11107,279876,25.2,630
2014,45,Chile,CHL,11078,301738,27.24,555
2014,46,Ukraine,UKR,10572,133667,12.64,382
2014,47,Colombia,COL,8502,160782,18.91,436
2014,48,Slovakia,SVK,8085,121364,15.01,381
2014,49,Serbia,SRB,7795,162607,20.86,384
2014,50,Indonesia,IDN,6994,121052,17.31,349
2014,51,Tunisia,TUN,6725,115352,17.15,292
2014,52,Croatia,HRV,6710,128921,19.21,413
2014,53,Nigeria,NGA,6403,96498,15.07,340
2014,54,Slovenia,SVN,6254,152260,24.35,439
2014,55,Algeria,DZA,5366,77134,14.37,263
2014,56,Morocco,MAR,5045,70261,13.93,286
2014,57,Bulgaria,BGR,4276,89785,21.0,373
2014,58,Bangladesh,BGD,4199,96217,22.91,343
2014,59,Viet Nam,VNM,4020,95861,23.85,350
2014,60,United Arab Emirates,ARE,3988,96273,24.14,371
2014,61,Lithuania,LTU,3511,75712,21.56,319
2014,62,Estonia,EST,3122,120385,38.56,412
2014,63,Qatar,QAT,2835,93970,33.15,340
2014,64,Jordan,JOR,2628,61065,23.24,281
2014,65,Kenya,KEN,2592,103113,39.78,371
2014,66,Cuba,CUB,2456,26094,10.62,235
2014,67,Kazakhstan,KAZ,2433,22198,9.12,183
2014,68,Lebanon,LBN,2413,66884,27.72,322
2014,69,Philippines,PHL,2312,54227,23.45,351
2014,70,Cyprus,CYP,2086,65308,31.31,328
2014,71,Venezuela,VEN,2080,32332,15.54,293
2014,72,Iraq,IRQ,2074,40318,19.44,231
2014,73,Luxembourg,LUX,2024,70050,34.61,300
2014,74,Ethiopia,ETH,1929,65548,33.98,257
2014,75,Belarus,BLR,1805,28930,16.03,243
2014,76,Peru,PER,1763,57791,32.78,340
2014,77,Latvia,LVA,1665,33217,19.95,243
2014,78,Ghana,GHA,1595,51547,32.32,251
2014,79,Iceland,ISL,1542,74373,48.23,415
2014,80,Macao,MAC,1502,51932,34.58,249
2014,81,Oman,OMN,1476,34590,23.43,243
2014,82,Uruguay,URY,1446,37943,26.24,256
2014,83,Kuwait,KWT,1410,29976,21.26,240
2014,84,Tanzania,TZA,1367,44937,32.87,245
2014,85,Uganda,UGA,1359,40825,30.04,253
2014,86,Sri Lanka,LKA,1318,45659,34.64,277
2014,87,Cameroon,CMR,1240,30290,24.43,200
2014,88,Georgia,GEO,1134,52727,46.5,268
2014,89,Armenia,ARM,1084,26721,24.65,244
2014,90,Nepal,NPL,1059,27232,25.71,224
2014,91,Ecuador,ECU,1057,28233,26.71,243
2014,92,Macedonia,MKD,953,25726,26.99,184
2014,93,Bosnia and Herzegovina,BIH,908,13226,14.57,158
2014,94,Costa Rica,CRI,890,27202,30.56,252
2014,95,Puerto Rico,PRI,862,31053,36.02,294
2014,96,Sudan,SDN,713,13848,19.42,155
2014,97,Zimbabwe,ZWE,700,21339,30.48,195
2014,98,Azerbaijan,AZE,699,17097,24.46,167
2014,99,Senegal,SEN,697,14896,21.37,169
2014,100,Malta,MLT,659,19197,29.13,201
2014,101,Palestine,PSE,613,23655,38.59,165
2014,102,Albania,ALB,554,5917,10.68,117
2014,103,Uzbekistan,UZB,551,8819,16.01,144
2014,104,Botswana,BWA,543,19500,35.91,160
2014,105,Syrian Arab Republic,SYR,542,7586,14.0,156
2014,106,Malawi,MWI,532,19745,37.11,195
2014,107,Libya,LBY,514,9145,17.79,129
2014,108,Trinidad and Tobago,TTO,499,6298,12.62,140
2014,109,Panama,PAN,498,33402,67.07,280
2014,110,Congo,COG,488,14154,29.0,146
2014,111,Burkina Faso,BFA,485,13953,28.77,150
2014,112,Moldova,MDA,476,8137,17.09,153
2014,113,Jamaica,JAM,472,8121,17.21,146
2014,114,Zambia,ZMB,465,16259,34.97,171
2014,115,Bahrain,BHR,459,9792,21.33,145
2014,116,Benin,BEN,423,13192,31.19,134
2014,117,Montenegro,MNE,410,6336,15.45,105
2014,118,Brunei Darussalam,BRN,398,6493,16.31,147
2014,119,Yemen,YEM,395,7474,18.92,137
2014,120,Côte d’Ivoire,,379,8281,21.85,147
2014,121,Mongolia,MNG,354,8122,22.94,146
2014,122,Cambodia,KHM,329,12456,37.86,150
2014,123,Rwanda,RWA,319,7841,24.58,130
2014,124,Bolivia,BOL,309,9285,30.05,179
2014,125,Madagascar,MDG,307,7573,24.67,134
2014,126,Fiji,FJI,300,17326,57.75,138
2014,127,Mozambique,MOZ,279,8139,29.17,150
2014,128,Namibia,NAM,276,6751,24.46,137
2014,129,Mauritius,MUS,252,5961,23.65,146
2014,130,Mali,MLI,222,7870,35.45,145
2014,131,Guatemala,GTM,221,9204,41.65,133
2014,132,Laos,LAO,219,7684,35.09,130
2014,133,Gabon,GAB,198,8345,42.15,136
2014,134,New Caledonia,NCL,191,8893,46.56,131
2014,135,Papua New Guinea,PNG,178,4889,27.47,130
2014,136,Paraguay,PRY,169,3192,18.89,122
2014,137,Togo,TGO,167,1961,11.74,79
2014,138,Gambia,GMB,164,7214,43.99,166
2014,139,Myanmar,MMR,156,5120,32.82,109
2014,140,Grenada,GRD,154,4114,26.71,85
2014,141,Kyrgyzstan,KGZ,151,7294,48.3,122
2014,142,Barbados,BRB,143,16039,112.16,116
2014,143,Niger,NGA,142,3715,26.16,113
2014,144,Liechtenstein,LIE,141,4339,30.77,130
2014,145,Guadeloupe,GLP,131,2918,22.27,90
2014,146,Saint Kitts and Nevis,KNA,121,1328,10.98,60
2014,147,Monaco,MCO,120,3352,27.93,154
2014,148,El Salvador,SLV,119,2194,18.44,90
2014,149,Haïti,HTI,117,3090,26.41,88
2014,150,Dominican Republic,DOM,117,2675,22.86,103
2014,151,Afghanistan,AFG,117,13561,115.91,81
2014,152,Greenland,GRL,110,4270,38.82,109
2014,153,French Polynesia,PYF,107,6843,63.95,115
2014,154,Angola,AGO,105,1365,13.0,67
2014,155,Nicaragua,NIC,103,2670,25.92,117
2014,156,Eswatini,SWZ,102,1999,19.6,96
2014,157,Tajikistan,TJK,102,1659,16.26,79
2014,158,Bhutan,BTN,92,1311,14.25,75
2014,159,Sierra Leone,SLE,86,5111,59.43,99
2014,160,Honduras,HND,85,1609,18.93,95
2014,161,French Guiana,GUF,73,2843,38.95,111
2014,162,Guinea,GIN,67,5158,76.99,94
2014,163,Guinea-Bissau,GNB,59,1901,32.22,78
2014,164,Martinique,MTQ,59,1718,29.12,68
2014,165,Faroe Islands,FRO,56,2214,39.54,91
2014,166,Bahamas,BHS,56,1465,26.16,76
2014,167,Guam,GUM,54,826,15.3,85
2014,168,Reunion,REU,53,1739,32.81,72
2014,169,Central African Republic,CAF,50,1295,25.9,74
2014,170,Burundi,BDI,50,1490,29.8,71
2014,171,Mauritania,MRT,49,1071,21.86,62
2014,172,Turkmenistan,TKM,46,485,10.54,41
2014,173,Seychelles,SYC,44,2554,58.05,85
2014,174,North Korea,PRK,41,468,11.41,60
2014,175,Lesotho,LSO,41,660,16.1,59
2014,176,Democratic Republic Congo,COD,40,484,12.1,103
2014,177,Liberia,LBR,39,2962,75.95,74
2014,178,Bermuda,BMU,39,2029,52.03,117
2014,179,Cape Verde,CPV,36,944,26.22,53
2014,180,Belize,BLZ,35,3100,88.57,69
2014,181,Samoa,WSM,35,777,22.2,51
2014,182,Vanuatu,VUT,33,687,20.82,56
2014,183,Eritrea,ERI,33,1004,30.42,64
2014,184,Guyana,GUY,33,913,27.67,71
2014,185,Chad,TCD,31,689,22.23,62
2014,186,Dominica,DMA,30,937,31.23,53
2014,187,Timor-Leste,TLS,28,487,17.39,39
2014,188,Solomon Islands,SLB,28,918,32.79,64
2014,189,Aruba,ABW,27,433,16.04,30
2014,190,Republic of South Sudan,SSD,27,376,13.93,33
2014,191,Somalia,SOM,26,273,10.5,45
2014,192,Djibouti,DJI,24,756,31.5,44
2014,193,Suriname,SUR,24,380,15.83,62
2014,194,Maldives,MDV,24,743,30.96,51
2014,195,American Samoa,ASM,23,418,18.17,37
2014,196,Andorra,AND,21,1218,58.0,47
2014,197,Federated States of Micronesia,FSM,18,529,29.39,56
2014,198,Cayman Islands,CYM,18,655,36.39,48
2014,199,Equatorial Guinea,GNQ,17,271,15.94,40
2014,200,San Marino,SMR,17,467,27.47,56
2014,201,Gibraltar,GIB,17,611,35.94,48
2014,202,Falkland Islands (Malvinas),FLK,16,483,30.19,57
2014,203,Virgin Islands (U.S.),VIR,15,303,20.2,50
2014,204,Antigua and Barbuda,ATG,13,254,19.54,35
2014,205,Palau,PLW,13,431,33.15,49
2014,206,Virgin Islands (British),VGB,10,268,26.8,39
2014,207,Cook Islands,COK,10,318,31.8,33
2014,208,Kiribati,KIR,10,212,21.2,24
2014,209,Marshall Islands,MHL,9,114,12.67,32
2014,210,Montserrat,MSR,8,230,28.75,41
2014,211,Anguilla,AIA,8,212,26.5,28
2014,212,Tonga,TON,8,162,20.25,42
2014,213,Tuvalu,TUV,7,281,40.14,17
2014,214,Mayotte,MYT,7,141,20.14,20
2014,215,Comoros,COM,7,53,7.57,31
2014,216,Saint Vincent and the Grenadines,VCT,7,208,29.71,30
2014,217,Sao Tome and Principe,STP,4,92,23.0,26
2014,218,Vatican City State,VAT,4,31,7.75,19
2014,219,Saint Lucia,LCA,4,1316,329.0,35
2014,220,Turks and Caicos Islands,TCA,4,44,11.0,29
2014,221,Nauru,NRU,3,86,28.67,13
2014,222,Niue,NIU,3,77,25.67,12
2014,223,Saint Helena,SHN,3,118,39.33,19
2014,224,Northern Mariana Islands,MNP,2,14,7.0,25
2014,225,South Georgia and the South Sandwich Islands,SGS,1,0,0.0,7
2014,226,Curaçao,NLD,1,11,11.0,21
2014,227,Norfolk Island,NFK,1,25,25.0,11
2014,228,Bouvet Island,BVT,1,11,11.0,3
2014,229,Tokelau,TKL,1,0,0.0,7
2015,1,United States,USA,708794,22227499,31.36,3213
2015,2,China,CHN,464417,11062066,23.82,1455
2015,3,United Kingdom,GBR,211801,6993874,33.02,2048
2015,4,Germany,DEU,180663,5608284,31.04,1797
2015,5,India,IND,144854,2540278,17.54,925
2015,6,Japan,JPN,130309,2706892,20.77,1364
2015,7,France,FRA,124549,3623794,29.1,1604
2015,8,Italy,ITA,114920,3408080,29.66,1416
2015,9,Canada,CAN,109440,3850691,35.19,1659
2015,10,Australia,AUS,99971,3571080,35.72,1475
2015,11,Spain,ESP,91867,2711506,29.52,1303
2015,12,South Korea,KOR,82382,2062835,25.04,1004
2015,13,Brazil,BRA,71706,1465077,20.43,844
2015,14,Russian Federation,RUS,69703,838585,12.03,806
2015,15,Netherlands,NLD,60718,2624925,43.23,1471
2015,16,Switzerland,CHE,46776,2125552,45.44,1369
2015,17,Iran,IRN,46168,997261,21.6,541
2015,18,Turkey,TUR,45088,818638,18.16,647
2015,19,Poland,POL,44778,860901,19.23,792
2015,20,Sweden,SWE,41515,1597629,38.48,1232
2015,21,Taiwan,TWN,39025,876416,22.46,738
2015,22,Belgium,BEL,34676,1298926,37.46,1134
2015,23,Malaysia,MYS,28266,606704,21.46,559
2015,24,Denmark,DNK,27878,1235471,44.32,1081
2015,25,Austria,AUT,26133,879166,33.64,937
2015,26,Portugal,PRT,25074,716786,28.59,739
2015,27,Czech Republic,CZE,24535,485930,19.81,667
2015,28,Mexico,MEX,22049,447194,20.28,641
2015,29,Norway,NOR,21791,754773,34.64,896
2015,30,Singapore,SGP,21562,883467,40.97,873
2015,31,South Africa,ZAF,21468,562413,26.2,702
2015,32,Israel,ISR,21318,743997,34.9,962
2015,33,Finland,FIN,20909,757884,36.25,897
2015,34,Saudi Arabia,SAU,20076,722827,36.0,618
2015,35,Greece,GRC,19766,560060,28.33,725
2015,36,Hong Kong,HKG,19658,838614,42.66,863
2015,37,Egypt,EGY,17201,412487,23.98,452
2015,38,New Zealand,NZL,15855,502577,31.7,758
2015,39,Romania,ROU,15811,235231,14.88,454
2015,40,Ireland,IRL,13938,507174,36.39,753
2015,41,Argentina,ARG,13826,328121,23.73,611
2015,42,Thailand,THA,13332,283800,21.29,485
2015,43,Pakistan,PAK,12625,316392,25.06,481
2015,44,Chile,CHL,11934,320353,26.84,555
2015,45,Hungary,HUN,11187,294527,26.33,630
2015,46,Ukraine,UKR,11139,146635,13.16,382
2015,47,Colombia,COL,9416,207077,21.99,436
2015,48,Indonesia,IDN,8651,137906,15.94,349
2015,49,Slovakia,SVK,7718,135997,17.62,381
2015,50,Serbia,SRB,7519,175985,23.41,384
2015,51,Tunisia,TUN,7484,144551,19.31,292
2015,52,Croatia,HRV,6926,134788,19.46,413
2015,53,Slovenia,SVN,6527,166573,25.52,439
2015,54,Nigeria,NGA,6371,135752,21.31,340
2015,55,Algeria,DZA,6107,89152,14.6,263
2015,56,United Arab Emirates,ARE,5065,136402,26.93,371
2015,57,Morocco,MAR,4871,90138,18.51,286
2015,58,Viet Nam,VNM,4533,127163,28.05,350
2015,59,Bulgaria,BGR,4228,104259,24.66,373
2015,60,Bangladesh,BGD,3959,112673,28.46,343
2015,61,Lithuania,LTU,3669,85616,23.33,319
2015,62,Qatar,QAT,3367,137678,40.89,340
2015,63,Estonia,EST,3117,132762,42.59,412
2015,64,Philippines,PHL,2884,72093,25.0,351
2015,65,Kenya,KEN,2767,118971,43.0,371
2015,66,Jordan,JOR,2690,72915,27.11,281
2015,67,Kazakhstan,KAZ,2577,27754,10.77,183
2015,68,Lebanon,LBN,2554,76179,29.83,322
2015,69,Cuba,CUB,2334,29277,12.54,235
2015,70,Iraq,IRQ,2231,59145,26.51,231
2015,71,Cyprus,CYP,2187,88551,40.49,328
2015,72,Peru,PER,2161,82303,38.09,340
2015,73,Latvia,LVA,2086,45837,21.97,243
2015,74,Luxembourg,LUX,2048,72563,35.43,300
2015,75,Ethiopia,ETH,2014,71696,35.6,257
2015,76,Venezuela,VEN,1848,28844,15.61,293
2015,77,Ghana,GHA,1842,58813,31.93,251
2015,78,Belarus,BLR,1816,35789,19.71,243
2015,79,Macao,MAC,1800,71063,39.48,249
2015,80,Ecuador,ECU,1744,42538,24.39,243
2015,81,Oman,OMN,1665,50752,30.48,243
2015,82,Iceland,ISL,1608,87307,54.3,415
2015,83,Kuwait,KWT,1569,29597,18.86,240
2015,84,Sri Lanka,LKA,1509,55662,36.89,277
2015,85,Uganda,UGA,1508,58440,38.75,253
2015,86,Uruguay,URY,1433,59093,41.24,256
2015,87,Tanzania,TZA,1426,55853,39.17,245
2015,88,Georgia,GEO,1353,57151,42.24,268
2015,89,Cameroon,CMR,1257,37690,29.98,200
2015,90,Nepal,NPL,1215,30157,24.82,224
2015,91,Armenia,ARM,1092,29760,27.25,244
2015,92,Bosnia and Herzegovina,BIH,996,17845,17.92,158
2015,93,Macedonia,MKD,975,22328,22.9,184
2015,94,Costa Rica,CRI,908,25099,27.64,252
2015,95,Azerbaijan,AZE,840,24082,28.67,167
2015,96,Puerto Rico,PRI,815,39448,48.4,294
2015,97,Senegal,SEN,792,16653,21.03,169
2015,98,Malta,MLT,741,23519,31.74,201
2015,99,Zimbabwe,ZWE,709,17119,24.15,195
2015,100,Sudan,SDN,687,26290,38.27,155
2015,101,Malawi,MWI,595,24808,41.69,195
2015,102,Syrian Arab Republic,SYR,578,22811,39.47,156
2015,103,Burkina Faso,BFA,569,13930,24.48,150
2015,104,Palestine,PSE,565,25548,45.22,165
2015,105,Panama,PAN,539,28304,52.51,280
2015,106,Zambia,ZMB,519,29089,56.05,171
2015,107,Albania,ALB,508,7652,15.06,117
2015,108,Botswana,BWA,499,18939,37.95,160
2015,109,Uzbekistan,UZB,491,5892,12.0,144
2015,110,Brunei Darussalam,BRN,472,10542,22.33,147
2015,111,Congo,COG,455,18928,41.6,146
2015,112,Libya,LBY,454,22622,49.83,129
2015,113,Benin,BEN,451,24283,53.84,134
2015,114,Bahrain,BHR,438,22891,52.26,145
2015,115,Côte d’Ivoire,,437,24717,56.56,147
2015,116,Jamaica,JAM,416,17512,42.1,146
2015,117,Moldova,MDA,411,11157,27.15,153
2015,118,Montenegro,MNE,378,4337,11.47,105
2015,119,Trinidad and Tobago,TTO,370,8341,22.54,140
2015,120,Cambodia,KHM,364,14124,38.8,150
2015,121,Mozambique,MOZ,349,10272,29.43,150
2015,122,Mongolia,MNG,348,12536,36.02,146
2015,123,Yemen,YEM,340,13031,38.33,137
2015,124,Bolivia,BOL,337,13264,39.36,179
2015,125,Rwanda,RWA,333,23953,71.93,130
2015,126,Namibia,NAM,329,8062,24.5,137
2015,127,Madagascar,MDG,324,7609,23.48,134
2015,128,Guatemala,GTM,288,10437,36.24,133
2015,129,Fiji,FJI,284,23616,83.15,138
2015,130,Mali,MLI,273,12046,44.12,145
2015,131,Laos,LAO,254,8731,34.37,130
2015,132,Mauritius,MUS,243,8241,33.91,146
2015,133,Myanmar,MMR,230,6262,27.23,109
2015,134,Paraguay,PRY,229,10488,45.8,122
2015,135,Niger,NGA,205,12446,60.71,113
2015,136,New Caledonia,NCL,200,16767,83.84,131
2015,137,Gabon,GAB,196,8556,43.65,136
2015,138,Papua New Guinea,PNG,185,20026,108.25,130
2015,139,Togo,TGO,182,2050,11.26,79
2015,140,Gambia,GMB,177,34138,192.87,166
2015,141,Kyrgyzstan,KGZ,171,7099,41.51,122
2015,142,Grenada,GRD,159,4477,28.16,85
2015,143,El Salvador,SLV,157,3930,25.03,90
2015,144,Barbados,BRB,152,20877,137.35,116
2015,145,Monaco,MCO,151,7200,47.68,154
2015,146,Liechtenstein,LIE,146,5353,36.66,130
2015,147,Dominican Republic,DOM,143,4299,30.06,103
2015,148,French Polynesia,PYF,137,6237,45.53,115
2015,149,Greenland,GRL,132,5126,38.83,109
2015,150,Tajikistan,TJK,130,1564,12.03,79
2015,151,Sierra Leone,SLE,126,18224,144.63,99
2015,152,Nicaragua,NIC,124,4942,39.85,117
2015,153,Haïti,HTI,122,4699,38.52,88
2015,154,Guinea,GIN,121,4005,33.1,94
2015,155,Eswatini,SWZ,117,2326,19.88,96
2015,156,Honduras,HND,110,2860,26.0,95
2015,157,Angola,AGO,106,1358,12.81,67
2015,158,Afghanistan,AFG,102,16866,165.35,81
2015,159,Bhutan,BTN,101,7747,76.7,75
2015,160,Guadeloupe,GLP,94,2400,25.53,90
2015,161,Democratic Republic Congo,COD,89,2335,26.24,103
2015,162,North Korea,PRK,86,1664,19.35,60
2015,163,French Guiana,GUF,86,3722,43.28,111
2015,164,Saint Kitts and Nevis,KNA,75,2699,35.99,60
2015,165,Faroe Islands,FRO,71,1836,25.86,91
2015,166,Liberia,LBR,71,2918,41.1,74
2015,167,Seychelles,SYC,62,1810,29.19,85
2015,168,Martinique,MTQ,62,4509,72.73,68
2015,169,Burundi,BDI,61,1195,19.59,71
2015,170,Lesotho,LSO,54,2994,55.44,59
2015,171,Solomon Islands,SLB,53,1419,26.77,64
2015,172,Bahamas,BHS,53,1173,22.13,76
2015,173,Central African Republic,CAF,50,1124,22.48,74
2015,174,Bermuda,BMU,49,2960,60.41,117
2015,175,Guam,GUM,47,559,11.89,85
2015,176,Guinea-Bissau,GNB,42,1255,29.88,78
2015,177,Suriname,SUR,41,866,21.12,62
2015,178,Reunion,REU,41,1413,34.46,72
2015,179,Mauritania,MRT,41,550,13.41,62
2015,180,Dominica,DMA,40,1138,28.45,53
2015,181,Guyana,GUY,40,2114,52.85,71
2015,182,Cape Verde,CPV,37,990,26.76,53
2015,183,Chad,TCD,37,486,13.14,62
2015,184,Vanuatu,VUT,36,1039,28.86,56
2015,185,Belize,BLZ,35,17096,488.46,69
2015,186,Eritrea,ERI,30,606,20.2,64
2015,187,San Marino,SMR,29,538,18.55,56
2015,188,Timor-Leste,TLS,28,465,16.61,39
2015,189,Falkland Islands (Malvinas),FLK,28,837,29.89,57
2015,190,Maldives,MDV,27,786,29.11,51
2015,191,Andorra,AND,25,599,23.96,47
2015,192,Samoa,WSM,23,563,24.48,51
2015,193,Gibraltar,GIB,23,2403,104.48,48
2015,194,Turkmenistan,TKM,21,274,13.05,41
2015,195,Somalia,SOM,20,3422,171.1,45
2015,196,Djibouti,DJI,18,255,14.17,44
2015,197,Palau,PLW,17,527,31.0,49
2015,198,Cayman Islands,CYM,17,257,15.12,48
2015,199,Federated States of Micronesia,FSM,17,354,20.82,56
2015,200,Equatorial Guinea,GNQ,16,411,25.69,40
2015,201,Republic of South Sudan,SSD,16,269,16.81,33
2015,202,Aruba,ABW,15,387,25.8,30
2015,203,Saint Lucia,LCA,14,4094,292.43,35
2015,204,Anguilla,AIA,13,188,14.46,28
2015,205,Tonga,TON,13,430,33.08,42
2015,206,Northern Mariana Islands,MNP,12,306,25.5,25
2015,207,Virgin Islands (U.S.),VIR,12,306,25.5,50
2015,208,Antigua and Barbuda,ATG,12,299,24.92,35
2015,209,American Samoa,ASM,10,140,14.0,37
2015,210,Montserrat,MSR,9,148,16.44,41
2015,211,Turks and Caicos Islands,TCA,9,245,27.22,29
2015,212,Cook Islands,COK,9,138,15.33,33
2015,213,Comoros,COM,8,93,11.63,31
2015,214,Marshall Islands,MHL,8,300,37.5,32
2015,215,Kiribati,KIR,6,130,21.67,24
2015,216,Virgin Islands (British),VGB,5,99,19.8,39
2015,217,Western Sahara,ESH,4,21,5.25,7
2015,218,Saint Vincent and the Grenadines,VCT,4,81,20.25,30
2015,219,United States Minor Outlying Islands,UMI,3,46,15.33,12
2015,220,Vatican City State,VAT,3,32,10.67,19
2015,221,Sao Tome and Principe,STP,3,127,42.33,26
2015,222,Tuvalu,TUV,2,3,1.5,17
2015,223,Nauru,NRU,2,37,18.5,13
2015,224,South Georgia and the South Sandwich Islands,SGS,2,3,1.5,7
2015,225,Saint Helena,SHN,2,51,25.5,19
2015,226,Wallis and Futuna,WLF,2,22,11.0,9
2015,227,British Indian Ocean Territory,IOT,2,7,3.5,14
2015,228,Tokelau,TKL,1,3,3.0,7
2015,229,Pitcairn,PCN,1,4,4.0,2
2015,230,Mayotte,MYT,1,15,15.0,20
2016,1,United States,USA,716269,20939495,29.23,3213
2016,2,China,CHN,502659,11578057,23.03,1455
2016,3,United Kingdom,GBR,225957,6787105,30.04,2048
2016,4,Germany,DEU,188846,5263867,27.87,1797
2016,5,India,IND,158029,2603308,16.47,925
2016,6,Japan,JPN,134007,2638821,19.69,1364
2016,7,France,FRA,127097,3481221,27.39,1604
2016,8,Italy,ITA,118442,3297388,27.84,1416
2016,9,Canada,CAN,112998,3502388,31.0,1659
2016,10,Australia,AUS,105723,3499343,33.1,1475
2016,11,Spain,ESP,94662,2616295,27.64,1303
2016,12,Russian Federation,RUS,84750,901237,10.63,806
2016,13,South Korea,KOR,83878,1984786,23.66,1004
2016,14,Brazil,BRA,76112,1493278,19.62,844
2016,15,Netherlands,NLD,62935,2468146,39.22,1471
2016,16,Iran,IRN,53031,1108259,20.9,541
2016,17,Switzerland,CHE,48493,1887314,38.92,1369
2016,18,Poland,POL,48283,888872,18.41,792
2016,19,Turkey,TUR,48234,807544,16.74,647
2016,20,Sweden,SWE,43523,1548444,35.58,1232
2016,21,Taiwan,TWN,38497,810785,21.06,738
2016,22,Belgium,BEL,35462,1270639,35.83,1134
2016,23,Malaysia,MYS,30940,606479,19.6,559
2016,24,Denmark,DNK,29495,1133641,38.44,1081
2016,25,Austria,AUT,27017,858484,31.78,937
2016,26,Portugal,PRT,25881,677316,26.17,739
2016,27,Czech Republic,CZE,25237,483573,19.16,667
2016,28,South Africa,ZAF,23985,569764,23.76,702
2016,29,Norway,NOR,23916,754971,31.57,896
2016,30,Mexico,MEX,23664,431848,18.25,641
2016,31,Singapore,SGP,22696,886955,39.08,873
2016,32,Israel,ISR,22146,694358,31.35,962
2016,33,Finland,FIN,22030,726264,32.97,897
2016,34,Saudi Arabia,SAU,21396,721852,33.74,618
2016,35,Hong Kong,HKG,20841,772961,37.09,863
2016,36,Greece,GRC,20156,536363,26.61,725
2016,37,Egypt,EGY,19659,420819,21.41,452
2016,38,New Zealand,NZL,17008,465456,27.37,758
2016,39,Romania,ROU,15813,250622,15.85,454
2016,40,Ireland,IRL,15508,515429,33.24,753
2016,41,Thailand,THA,15135,297085,19.63,485
2016,42,Pakistan,PAK,14934,354598,23.74,481
2016,43,Argentina,ARG,14279,306178,21.44,611
2016,44,Chile,CHL,13657,341823,25.03,555
2016,45,Indonesia,IDN,12849,149039,11.6,349
2016,46,Hungary,HUN,11546,298942,25.89,630
2016,47,Ukraine,UKR,11518,127893,11.1,382
2016,48,Colombia,COL,10944,194449,17.77,436
2016,49,Slovakia,SVK,8671,134956,15.56,381
2016,50,Tunisia,TUN,8303,134663,16.22,292
2016,51,Serbia,SRB,8011,153364,19.14,384
2016,52,Nigeria,NGA,7326,137472,18.76,340
2016,53,Croatia,HRV,7008,129108,18.42,413
2016,54,Algeria,DZA,6817,105331,15.45,263
2016,55,Slovenia,SVN,6626,166438,25.12,439
2016,56,Morocco,MAR,6300,101287,16.08,286
2016,57,Viet Nam,VNM,5877,133395,22.7,350
2016,58,United Arab Emirates,ARE,5814,121360,20.87,371
2016,59,Bulgaria,BGR,4679,83743,17.9,373
2016,60,Bangladesh,BGD,4522,100954,22.33,343
2016,61,Qatar,QAT,3994,151769,38.0,340
2016,62,Lithuania,LTU,3698,85339,23.08,319
2016,63,Kazakhstan,KAZ,3564,27270,7.65,183
2016,64,Estonia,EST,3285,106371,32.38,412
2016,65,Philippines,PHL,3234,70484,21.79,351
2016,66,Iraq,IRQ,3233,61562,19.04,231
2016,67,Jordan,JOR,3101,58102,18.74,281
2016,68,Lebanon,LBN,3024,87348,28.88,322
2016,69,Kenya,KEN,2951,94251,31.94,371
2016,70,Cyprus,CYP,2589,72005,27.81,328
2016,71,Ecuador,ECU,2549,50634,19.86,243
2016,72,Peru,PER,2519,65359,25.95,340
2016,73,Macao,MAC,2305,65803,28.55,249
2016,74,Ghana,GHA,2287,56633,24.76,251
2016,75,Ethiopia,ETH,2273,61679,27.14,257
2016,76,Cuba,CUB,2182,26964,12.36,235
2016,77,Luxembourg,LUX,2157,75219,34.87,300
2016,78,Latvia,LVA,2148,37737,17.57,243
2016,79,Sri Lanka,LKA,2009,41198,20.51,277
2016,80,Belarus,BLR,1954,36625,18.74,243
2016,81,Oman,OMN,1871,35821,19.15,243
2016,82,Iceland,ISL,1863,72115,38.71,415
2016,83,Georgia,GEO,1740,44439,25.54,268
2016,84,Venezuela,VEN,1684,27793,16.5,293
2016,85,Kuwait,KWT,1643,32790,19.96,240
2016,86,Uruguay,URY,1640,30069,18.33,256
2016,87,Uganda,UGA,1624,53603,33.01,253
2016,88,Tanzania,TZA,1543,43868,28.43,245
2016,89,Cameroon,CMR,1417,35102,24.77,200
2016,90,Nepal,NPL,1407,34303,24.38,224
2016,91,Armenia,ARM,1191,27208,22.84,244
2016,92,Bosnia and Herzegovina,BIH,1092,25815,23.64,158
2016,93,Azerbaijan,AZE,1075,20930,19.47,167
2016,94,Costa Rica,CRI,1038,22654,21.82,252
2016,95,Macedonia,MKD,939,19259,20.51,184
2016,96,Puerto Rico,PRI,887,28795,32.46,294
2016,97,Zimbabwe,ZWE,867,18763,21.64,195
2016,98,Sudan,SDN,862,17925,20.79,155
2016,99,Malta,MLT,826,25142,30.44,201
2016,100,Senegal,SEN,805,16971,21.08,169
2016,101,Malawi,MWI,678,21705,32.01,195
2016,102,Botswana,BWA,646,10776,16.68,160
2016,103,Moldova,MDA,638,14696,23.03,153
2016,104,Uzbekistan,UZB,630,6647,10.55,144
2016,105,Zambia,ZMB,612,14314,23.39,171
2016,106,Palestine,PSE,610,18514,30.35,165
2016,107,Burkina Faso,BFA,578,14571,25.21,150
2016,108,Brunei Darussalam,BRN,577,17291,29.97,147
2016,109,Bahrain,BHR,552,21138,38.29,145
2016,110,Panama,PAN,550,31034,56.43,280
2016,111,Syrian Arab Republic,SYR,549,6760,12.31,156
2016,112,Montenegro,MNE,474,4713,9.94,105
2016,113,Trinidad and Tobago,TTO,459,6626,14.44,140
2016,114,Congo,COG,458,9731,21.25,146
2016,115,Albania,ALB,433,11327,26.16,117
2016,116,Yemen,YEM,428,9207,21.51,137
2016,117,Benin,BEN,425,14000,32.94,134
2016,118,Cambodia,KHM,422,11310,26.8,150
2016,119,Mongolia,MNG,417,7421,17.8,146
2016,120,Côte d’Ivoire,,417,13210,31.68,147
2016,121,Jamaica,JAM,410,11654,28.42,146
2016,122,Mozambique,MOZ,399,17231,43.19,150
2016,123,Libya,LBY,396,6961,17.58,129
2016,124,Rwanda,RWA,385,9436,24.51,130
2016,125,Fiji,FJI,371,11578,31.21,138
2016,126,Bolivia,BOL,362,10470,28.92,179
2016,127,Namibia,NAM,358,9154,25.57,137
2016,128,Mauritius,MUS,322,6705,20.82,146
2016,129,Myanmar,MMR,319,10840,33.98,109
2016,130,Madagascar,MDG,307,7062,23.0,134
2016,131,Guatemala,GTM,287,7519,26.2,133
2016,132,Mali,MLI,280,8838,31.56,145
2016,133,Laos,LAO,275,7750,28.18,130
2016,134,Paraguay,PRY,258,7859,30.46,122
2016,135,Kyrgyzstan,KGZ,245,8127,33.17,122
2016,136,Papua New Guinea,PNG,205,6157,30.03,130
2016,137,Gabon,GAB,188,6767,35.99,136
2016,138,New Caledonia,NCL,184,5857,31.83,131
2016,139,Gambia,GMB,183,8901,48.64,166
2016,140,Sierra Leone,SLE,179,6062,33.87,99
2016,141,Niger,NGA,177,5086,28.73,113
2016,142,El Salvador,SLV,173,3320,19.19,90
2016,143,Togo,TGO,172,3223,18.74,79
2016,144,Afghanistan,AFG,162,3217,19.86,81
2016,145,Monaco,MCO,161,6300,39.13,154
2016,146,French Polynesia,PYF,156,9120,58.46,115
2016,147,Barbados,BRB,153,3418,22.34,116
2016,148,Dominican Republic,DOM,148,3976,26.86,103
2016,149,Liechtenstein,LIE,146,4956,33.95,130
2016,150,Grenada,GRD,146,3413,23.38,85
2016,151,Nicaragua,NIC,140,3994,28.53,117
2016,152,Tajikistan,TJK,134,1393,10.4,79
2016,153,Guinea,GIN,127,4992,39.31,94
2016,154,Bhutan,BTN,124,3089,24.91,75
2016,155,Haïti,HTI,121,2482,20.51,88
2016,156,Angola,AGO,119,2141,17.99,67
2016,157,Greenland,GRL,114,7974,69.95,109
2016,158,French Guiana,GUF,109,8136,74.64,111
2016,159,Democratic Republic Congo,COD,108,3763,34.84,103
2016,160,Eswatini,SWZ,108,1981,18.34,96
2016,161,Honduras,HND,106,2578,24.32,95
2016,162,North Korea,PRK,97,1540,15.88,60
2016,163,Liberia,LBR,97,2976,30.68,74
2016,164,Saint Kitts and Nevis,KNA,92,2673,29.05,60
2016,165,Guadeloupe,GLP,89,2126,23.89,90
2016,166,Faroe Islands,FRO,81,2358,29.11,91
2016,167,Martinique,MTQ,75,1170,15.6,68
2016,168,Central African Republic,CAF,73,1857,25.44,74
2016,169,Suriname,SUR,67,2843,42.43,62
2016,170,Reunion,REU,61,1519,24.9,72
2016,171,Guinea-Bissau,GNB,60,1479,24.65,78
2016,172,Mauritania,MRT,59,865,14.66,62
2016,173,Lesotho,LSO,58,660,11.38,59
2016,174,Burundi,BDI,57,1269,22.26,71
2016,175,Solomon Islands,SLB,54,1405,26.02,64
2016,176,Seychelles,SYC,49,6528,133.22,85
2016,177,Vanuatu,VUT,48,1137,23.69,56
2016,178,Bahamas,BHS,46,1162,25.26,76
2016,179,Chad,TCD,46,990,21.52,62
2016,180,Bermuda,BMU,46,1712,37.22,117
2016,181,Guyana,GUY,46,991,21.54,71
2016,182,Eritrea,ERI,41,749,18.27,64
2016,183,Dominica,DMA,38,1023,26.92,53
2016,184,Cape Verde,CPV,38,666,17.53,53
2016,185,Guam,GUM,37,782,21.14,85
2016,186,San Marino,SMR,30,537,17.9,56
2016,187,Timor-Leste,TLS,29,534,18.41,39
2016,188,Belize,BLZ,28,632,22.57,69
2016,189,Samoa,WSM,28,630,22.5,51
2016,190,Equatorial Guinea,GNQ,27,1389,51.44,40
2016,191,Antigua and Barbuda,ATG,26,383,14.73,35
2016,192,Falkland Islands (Malvinas),FLK,26,899,34.58,57
2016,193,Andorra,AND,25,437,17.48,47
2016,194,Maldives,MDV,24,446,18.58,51
2016,195,Aruba,ABW,22,250,11.36,30
2016,196,Djibouti,DJI,21,234,11.14,44
2016,197,Comoros,COM,20,332,16.6,31
2016,198,Cayman Islands,CYM,19,363,19.11,48
2016,199,Somalia,SOM,17,773,45.47,45
2016,200,Republic of South Sudan,SSD,17,340,20.0,33
2016,201,Saint Lucia,LCA,16,461,28.81,35
2016,202,Gibraltar,GIB,15,522,34.8,48
2016,203,Tonga,TON,15,4658,310.53,42
2016,204,Anguilla,AIA,13,278,21.38,28
2016,205,Palau,PLW,12,499,41.58,49
2016,206,Federated States of Micronesia,FSM,12,424,35.33,56
2016,207,Turkmenistan,TKM,12,125,10.42,41
2016,208,Saint Vincent and the Grenadines,VCT,12,228,19.0,30
2016,209,Turks and Caicos Islands,TCA,9,154,17.11,29
2016,210,Virgin Islands (British),VGB,9,187,20.78,39
2016,211,Marshall Islands,MHL,8,67,8.38,32
2016,212,Cook Islands,COK,8,355,44.38,33
2016,213,Virgin Islands (U.S.),VIR,7,169,24.14,50
2016,214,Montserrat,MSR,7,123,17.57,41
2016,215,American Samoa,ASM,7,70,10.0,37
2016,216,Kiribati,KIR,6,67,11.17,24
2016,217,Mayotte,MYT,5,28,5.6,20
2016,218,Northern Mariana Islands,MNP,4,84,21.0,25
2016,219,Svalbard and Jan Mayen,SJM,4,268,67.0,19
2016,220,Saint Helena,SHN,4,103,25.75,19
2016,221,Sao Tome and Principe,STP,4,25,6.25,26
2016,222,Tuvalu,TUV,3,44,14.67,17
2016,223,Nauru,NRU,2,13,6.5,13
2016,224,Vatican City State,VAT,2,2,1.0,19
2016,225,Tokelau,TKL,2,18,9.0,7
2016,226,Saint Pierre and Miquelon,SPM,1,3,3.0,3
2016,227,Heard Island and McDonald Islands,HMD,1,2,2.0,2
2016,228,South Georgia and the South Sandwich Islands,SGS,1,4,4.0,7
2016,229,Niue,NIU,1,6,6.0,12
2016,230,British Indian Ocean Territory,IOT,1,41,41.0,14
2017,1,United States,USA,735452,20106797,27.34,3213
2017,2,China,CHN,547726,12937515,23.62,1455
2017,3,United Kingdom,GBR,232506,6573641,28.27,2048
2017,4,Germany,DEU,191350,5024346,26.26,1797
2017,5,India,IND,164838,2674443,16.22,925
2017,6,Japan,JPN,136646,2580618,18.89,1364
2017,7,France,FRA,128516,3254687,25.33,1604
2017,8,Italy,ITA,123223,3235273,26.26,1416
2017,9,Canada,CAN,115602,3500619,30.28,1659
2017,10,Australia,AUS,108500,3418206,31.5,1475
2017,11,Spain,ESP,97341,2533729,26.03,1303
2017,12,Russian Federation,RUS,92752,932078,10.05,806
2017,13,South Korea,KOR,85000,2022941,23.8,1004
2017,14,Brazil,BRA,80981,1486538,18.36,844
2017,15,Netherlands,NLD,64836,2371107,36.57,1471
2017,16,Iran,IRN,57103,1189059,20.82,541
2017,17,Switzerland,CHE,50813,1861237,36.63,1369
2017,18,Poland,POL,50251,891808,17.75,792
2017,19,Turkey,TUR,45941,743703,16.19,647
2017,20,Sweden,SWE,44895,1472382,32.8,1232
2017,21,Taiwan,TWN,37927,781374,20.6,738
2017,22,Belgium,BEL,35919,1213577,33.79,1134
2017,23,Malaysia,MYS,34135,635733,18.62,559
2017,24,Denmark,DNK,30212,1088174,36.02,1081
2017,25,Austria,AUT,27949,833314,29.82,937
2017,26,Portugal,PRT,26723,698470,26.14,739
2017,27,Czech Republic,CZE,26412,492786,18.66,667
2017,28,South Africa,ZAF,25827,609840,23.61,702
2017,29,Mexico,MEX,25274,468803,18.55,641
2017,30,Norway,NOR,25029,747313,29.86,896
2017,31,Singapore,SGP,23666,881059,37.23,873
2017,32,Israel,ISR,22727,657072,28.91,962
2017,33,Hong Kong,HKG,22662,876633,38.68,863
2017,34,Indonesia,IDN,22650,237295,10.48,349
2017,35,Finland,FIN,22221,683332,30.75,897
2017,36,Saudi Arabia,SAU,22150,723244,32.65,618
2017,37,Greece,GRC,20722,518302,25.01,725
2017,38,Egypt,EGY,19751,448237,22.69,452
2017,39,Pakistan,PAK,18256,441260,24.17,481
2017,40,New Zealand,NZL,17649,496841,28.15,758
2017,41,Thailand,THA,17237,300456,17.43,485
2017,42,Romania,ROU,17027,249726,14.67,454
2017,43,Ireland,IRL,16092,490541,30.48,753
2017,44,Argentina,ARG,14677,313138,21.34,611
2017,45,Chile,CHL,14010,327418,23.37,555
2017,46,Ukraine,UKR,13023,138249,10.62,382
2017,47,Colombia,COL,12212,213417,17.48,436
2017,48,Hungary,HUN,12057,307650,25.52,630
2017,49,Slovakia,SVK,9251,134377,14.53,381
2017,50,Tunisia,TUN,9110,145636,15.99,292
2017,51,Nigeria,NGA,8379,163896,19.56,340
2017,52,Serbia,SRB,8259,160920,19.48,384
2017,53,Croatia,HRV,7561,135552,17.93,413
2017,54,Algeria,DZA,7521,123576,16.43,263
2017,55,Morocco,MAR,6855,104215,15.2,286
2017,56,Slovenia,SVN,6778,157323,23.21,439
2017,57,Viet Nam,VNM,6749,157798,23.38,350
2017,58,United Arab Emirates,ARE,6744,144383,21.41,371
2017,59,Bangladesh,BGD,5869,132221,22.53,343
2017,60,Bulgaria,BGR,5275,89861,17.04,373
2017,61,Iraq,IRQ,4513,91145,20.2,231
2017,62,Qatar,QAT,4058,140898,34.72,340
2017,63,Lithuania,LTU,4023,84818,21.08,319
2017,64,Ecuador,ECU,3738,67246,17.99,243
2017,65,Philippines,PHL,3732,80121,21.47,351
2017,66,Kazakhstan,KAZ,3699,43614,11.79,183
2017,67,Jordan,JOR,3625,96272,26.56,281
2017,68,Estonia,EST,3471,103321,29.77,412
2017,69,Lebanon,LBN,3268,91327,27.95,322
2017,70,Kenya,KEN,3258,106310,32.63,371
2017,71,Ethiopia,ETH,3084,105172,34.1,257
2017,72,Peru,PER,3050,73867,24.22,340
2017,73,Cyprus,CYP,3025,80706,26.68,328
2017,74,Macao,MAC,2568,86966,33.87,249
2017,75,Ghana,GHA,2542,73958,29.09,251
2017,76,Latvia,LVA,2534,52125,20.57,243
2017,77,Sri Lanka,LKA,2265,60798,26.84,277
2017,78,Luxembourg,LUX,2231,76068,34.1,300
2017,79,Belarus,BLR,2167,36587,16.88,243
2017,80,Cuba,CUB,2127,27523,12.94,235
2017,81,Oman,OMN,1865,43731,23.45,243
2017,82,Uganda,UGA,1862,51342,27.57,253
2017,83,Venezuela,VEN,1834,30795,16.79,293
2017,84,Iceland,ISL,1827,75514,41.33,415
2017,85,Kuwait,KWT,1792,38620,21.55,240
2017,86,Georgia,GEO,1740,51841,29.79,268
2017,87,Tanzania,TZA,1688,49052,29.06,245
2017,88,Cameroon,CMR,1670,46156,27.64,200
2017,89,Uruguay,URY,1619,37942,23.44,256
2017,90,Nepal,NPL,1550,45966,29.66,224
2017,91,Bosnia and Herzegovina,BIH,1413,25625,18.14,158
2017,92,Armenia,ARM,1188,26899,22.64,244
2017,93,Azerbaijan,AZE,1181,16258,13.77,167
2017,94,Costa Rica,CRI,1170,35534,30.37,252
2017,95,Zimbabwe,ZWE,1032,20882,20.23,195
2017,96,Macedonia,MKD,1022,24120,23.6,184
2017,97,Malta,MLT,1009,24072,23.86,201
2017,98,Puerto Rico,PRI,895,25478,28.47,294
2017,99,Sudan,SDN,871,17068,19.6,155
2017,100,Senegal,SEN,842,15726,18.68,169
2017,101,Palestine,PSE,822,28395,34.54,165
2017,102,Malawi,MWI,774,26799,34.62,195
2017,103,Zambia,ZMB,689,17797,25.83,171
2017,104,Botswana,BWA,647,13674,21.13,160
2017,105,Panama,PAN,619,27715,44.77,280
2017,106,Uzbekistan,UZB,602,10775,17.9,144
2017,107,Bahrain,BHR,596,12534,21.03,145
2017,108,Burkina Faso,BFA,571,11290,19.77,150
2017,109,Brunei Darussalam,BRN,562,17166,30.54,147
2017,110,Moldova,MDA,549,18263,33.27,153
2017,111,Montenegro,MNE,546,12334,22.59,105
2017,112,Benin,BEN,534,20290,38.0,134
2017,113,Myanmar,MMR,488,14551,29.82,109
2017,114,Libya,LBY,485,7915,16.32,129
2017,115,Côte d’Ivoire,,473,14521,30.7,147
2017,116,Mongolia,MNG,469,13591,28.98,146
2017,117,Syrian Arab Republic,SYR,469,6199,13.22,156
2017,118,Trinidad and Tobago,TTO,466,5829,12.51,140
2017,119,Yemen,YEM,463,14897,32.17,137
2017,120,Mozambique,MOZ,461,20782,45.08,150
2017,121,Jamaica,JAM,450,13864,30.81,146
2017,122,Cambodia,KHM,446,13534,30.35,150
2017,123,Congo,COG,439,10919,24.87,146
2017,124,Namibia,NAM,438,11392,26.01,137
2017,125,Albania,ALB,427,13729,32.15,117
2017,126,Rwanda,RWA,422,9185,21.77,130
2017,127,Fiji,FJI,405,13693,33.81,138
2017,128,Mauritius,MUS,385,14634,38.01,146
2017,129,Madagascar,MDG,369,8023,21.74,134
2017,130,Guatemala,GTM,340,7445,21.9,133
2017,131,Paraguay,PRY,336,10032,29.86,122
2017,132,Bolivia,BOL,319,11397,35.73,179
2017,133,Mali,MLI,311,9652,31.04,145
2017,134,Kyrgyzstan,KGZ,276,17820,64.57,122
2017,135,Laos,LAO,254,5816,22.9,130
2017,136,Grenada,GRD,217,3713,17.11,85
2017,137,Gambia,GMB,200,8026,40.13,166
2017,138,Gabon,GAB,196,4801,24.49,136
2017,139,Papua New Guinea,PNG,195,5292,27.14,130
2017,140,Monaco,MCO,191,22795,119.35,154
2017,141,Afghanistan,AFG,189,5329,28.2,81
2017,142,Dominican Republic,DOM,179,2797,15.63,103
2017,143,Democratic Republic Congo,COD,178,3843,21.59,103
2017,144,New Caledonia,NCL,177,4548,25.69,131
2017,145,Nicaragua,NIC,175,5801,33.15,117
2017,146,Sierra Leone,SLE,174,5297,30.44,99
2017,147,Niger,NGA,166,3395,20.45,113
2017,148,Togo,TGO,164,3491,21.29,79
2017,149,Angola,AGO,162,2877,17.76,67
2017,150,Eswatini,SWZ,154,3230,20.97,96
2017,151,Honduras,HND,150,2482,16.55,95
2017,152,Tajikistan,TJK,146,1945,13.32,79
2017,153,Guinea,GIN,139,4581,32.96,94
2017,154,Barbados,BRB,138,8363,60.6,116
2017,155,El Salvador,SLV,137,3338,24.36,90
2017,156,Haïti,HTI,134,2282,17.03,88
2017,157,Liechtenstein,LIE,134,3764,28.09,130
2017,158,French Polynesia,PYF,129,3655,28.33,115
2017,159,North Korea,PRK,121,2024,16.73,60
2017,160,Bhutan,BTN,116,2089,18.01,75
2017,161,Greenland,GRL,114,9035,79.25,109
2017,162,Liberia,LBR,102,3075,30.15,74
2017,163,Faroe Islands,FRO,89,2561,28.78,91
2017,164,Bahamas,BHS,85,1816,21.36,76
2017,165,Saint Kitts and Nevis,KNA,84,1651,19.65,60
2017,166,French Guiana,GUF,80,2245,28.06,111
2017,167,Lesotho,LSO,69,880,12.75,59
2017,168,Guadeloupe,GLP,64,1357,21.2,90
2017,169,Chad,TCD,62,998,16.1,62
2017,170,Seychelles,SYC,61,7433,121.85,85
2017,171,Guinea-Bissau,GNB,61,1911,31.33,78
2017,172,Bermuda,BMU,60,1209,20.15,117
2017,173,Martinique,MTQ,60,713,11.88,68
2017,174,Reunion,REU,60,794,13.23,72
2017,175,Burundi,BDI,58,1530,26.38,71
2017,176,Guam,GUM,55,949,17.25,85
2017,177,Central African Republic,CAF,55,987,17.95,74
2017,178,Mauritania,MRT,51,773,15.16,62
2017,179,Solomon Islands,SLB,51,6836,134.04,64
2017,180,Somalia,SOM,47,689,14.66,45
2017,181,Cape Verde,CPV,47,821,17.47,53
2017,182,Eritrea,ERI,47,1113,23.68,64
2017,183,Suriname,SUR,46,6405,139.24,62
2017,184,Guyana,GUY,46,434,9.43,71
2017,185,Belize,BLZ,45,6029,133.98,69
2017,186,Dominica,DMA,44,1066,24.23,53
2017,187,Vanuatu,VUT,41,631,15.39,56
2017,188,Samoa,WSM,40,686,17.15,51
2017,189,Timor-Leste,TLS,39,680,17.44,39
2017,190,San Marino,SMR,38,861,22.66,56
2017,191,Maldives,MDV,36,692,19.22,51
2017,192,Djibouti,DJI,25,749,29.96,44
2017,193,Federated States of Micronesia,FSM,25,983,39.32,56
2017,194,Republic of South Sudan,SSD,24,341,14.21,33
2017,195,Falkland Islands (Malvinas),FLK,23,460,20.0,57
2017,196,Palau,PLW,22,320,14.55,49
2017,197,Tonga,TON,22,5807,263.95,42
2017,198,Turkmenistan,TKM,18,309,17.17,41
2017,199,Cayman Islands,CYM,18,453,25.17,48
2017,200,Antigua and Barbuda,ATG,18,175,9.72,35
2017,201,Andorra,AND,17,462,27.18,47
2017,202,Equatorial Guinea,GNQ,16,167,10.44,40
2017,203,Aruba,ABW,16,270,16.88,30
2017,204,Saint Vincent and the Grenadines,VCT,15,121,8.07,30
2017,205,Virgin Islands (British),VGB,14,458,32.71,39
2017,206,Saint Helena,SHN,13,99,7.62,19
2017,207,Comoros,COM,13,203,15.62,31
2017,208,Gibraltar,GIB,12,179,14.92,48
2017,209,Virgin Islands (U.S.),VIR,12,3430,285.83,50
2017,210,American Samoa,ASM,11,220,20.0,37
2017,211,Cook Islands,COK,10,277,27.7,33
2017,212,Saint Lucia,LCA,10,197,19.7,35
2017,213,Anguilla,AIA,9,2515,279.44,28
2017,214,Sao Tome and Principe,STP,8,113,14.13,26
2017,215,Northern Mariana Islands,MNP,6,52,8.67,25
2017,216,Montserrat,MSR,6,92,15.33,41
2017,217,Turks and Caicos Islands,TCA,6,145,24.17,29
2017,218,Marshall Islands,MHL,6,289,48.17,32
2017,219,Kiribati,KIR,6,182,30.33,24
2017,220,Mayotte,MYT,5,67,13.4,20
2017,221,Svalbard and Jan Mayen,SJM,4,59,14.75,19
2017,222,Tuvalu,TUV,4,77,19.25,17
2017,223,Vatican City State,VAT,4,175,43.75,19
2017,224,Norfolk Island,NFK,3,39,13.0,11
2017,225,Niue,NIU,2,55,27.5,12
2017,226,South Georgia and the South Sandwich Islands,SGS,2,13,6.5,7
2017,227,Christmas Island,CXR,1,16,16.0,4
2017,228,Tokelau,TKL,1,31,31.0,7
2017,229,British Indian Ocean Territory,IOT,1,7,7.0,14
2017,230,United States Minor Outlying Islands,UMI,1,0,0.0,12
2017,231,Wallis and Futuna,WLF,1,1,1.0,9
2018,1,United States,USA,744306,18450359,24.79,3213
2018,2,China,CHN,607836,14145757,23.27,1455
2018,3,United Kingdom,GBR,234210,6144319,26.23,2048
2018,4,Germany,DEU,193612,4642692,23.98,1797
2018,5,India,IND,180712,2730303,15.11,925
2018,6,Japan,JPN,138824,2408602,17.35,1364
2018,7,France,FRA,127463,2979031,23.37,1604
2018,8,Italy,ITA,127304,3085440,24.24,1416
2018,9,Canada,CAN,118102,3143148,26.61,1659
2018,10,Australia,AUS,111441,3352152,30.08,1475
2018,11,Russian Federation,RUS,107418,932305,8.68,806
2018,12,Spain,ESP,100582,2412697,23.99,1303
2018,13,South Korea,KOR,87413,1982117,22.68,1004
2018,14,Brazil,BRA,86476,1451850,16.79,844
2018,15,Netherlands,NLD,66388,2185240,32.92,1471
2018,16,Iran,IRN,59793,1240845,20.75,541
2018,17,Poland,POL,53121,861468,16.22,792
2018,18,Switzerland,CHE,51241,1769990,34.54,1369
2018,19,Turkey,TUR,46744,746141,15.96,647
2018,20,Sweden,SWE,45458,1399540,30.79,1232
2018,21,Taiwan,TWN,37494,739318,19.72,738
2018,22,Belgium,BEL,37238,1131478,30.39,1134
2018,23,Indonesia,IDN,34970,264284,7.56,349
2018,24,Malaysia,MYS,34845,611877,17.56,559
2018,25,Denmark,DNK,30999,1009554,32.57,1081
2018,26,Austria,AUT,28712,815885,28.42,937
2018,27,Portugal,PRT,28041,673093,24.0,739
2018,28,South Africa,ZAF,27392,587200,21.44,702
2018,29,Mexico,MEX,27011,438761,16.24,641
2018,30,Czech Republic,CZE,26250,468171,17.84,667
2018,31,Norway,NOR,25794,705328,27.34,896
2018,32,Hong Kong,HKG,23928,870140,36.36,863
2018,33,Israel,ISR,23867,637669,26.72,962
2018,34,Saudi Arabia,SAU,23839,724237,30.38,618
2018,35,Singapore,SGP,23600,872749,36.98,873
2018,36,Finland,FIN,22590,629436,27.86,897
2018,37,Egypt,EGY,22349,479250,21.44,452
2018,38,Greece,GRC,21395,514986,24.07,725
2018,39,Pakistan,PAK,20818,469366,22.55,481
2018,40,Thailand,THA,19595,307386,15.69,485
2018,41,New Zealand,NZL,18012,456974,25.37,758
2018,42,Romania,ROU,16902,230511,13.64,454
2018,43,Ireland,IRL,16705,474660,28.41,753
2018,44,Argentina,ARG,15601,296403,19.0,611
2018,45,Chile,CHL,15462,359892,23.28,555
2018,46,Ukraine,UKR,14838,142115,9.58,382
2018,47,Colombia,COL,13585,199544,14.69,436
2018,48,Hungary,HUN,12597,284029,22.55,630
2018,49,Nigeria,NGA,10196,166222,16.3,340
2018,50,Iraq,IRQ,9374,115807,12.35,231
2018,51,Viet Nam,VNM,9049,194940,21.54,350
2018,52,Slovakia,SVK,8851,114559,12.94,381
2018,53,Tunisia,TUN,8538,123056,14.41,292
2018,54,Algeria,DZA,8499,108434,12.76,263
2018,55,Serbia,SRB,8377,153412,18.31,384
2018,56,Croatia,HRV,8094,136381,16.85,413
2018,57,Morocco,MAR,7707,111418,14.46,286
2018,58,United Arab Emirates,ARE,7493,165360,22.07,371
2018,59,Slovenia,SVN,6700,158491,23.66,439
2018,60,Bangladesh,BGD,5965,123903,20.77,343
2018,61,Bulgaria,BGR,5949,95947,16.13,373
2018,62,Ecuador,ECU,4744,65447,13.8,243
2018,63,Jordan,JOR,4510,85325,18.92,281
2018,64,Philippines,PHL,4318,70734,16.38,351
2018,65,Kazakhstan,KAZ,4271,41594,9.74,183
2018,66,Lithuania,LTU,4221,95253,22.57,319
2018,67,Qatar,QAT,4122,127527,30.94,340
2018,68,Ethiopia,ETH,3756,94000,25.03,257
2018,69,Lebanon,LBN,3756,95966,25.55,322
2018,70,Peru,PER,3627,60883,16.79,340
2018,71,Estonia,EST,3581,109641,30.62,412
2018,72,Kenya,KEN,3455,85064,24.62,371
2018,73,Cyprus,CYP,3174,78934,24.87,328
2018,74,Ghana,GHA,3117,71907,23.07,251
2018,75,Macao,MAC,2600,86129,33.13,249
2018,76,Latvia,LVA,2519,53835,21.37,243
2018,77,Sri Lanka,LKA,2486,49152,19.77,277
2018,78,Belarus,BLR,2432,41393,17.02,243
2018,79,Luxembourg,LUX,2424,67571,27.88,300
2018,80,Cuba,CUB,2214,20784,9.39,235
2018,81,Oman,OMN,2055,42087,20.48,243
2018,82,Kuwait,KWT,2003,37255,18.6,240
2018,83,Georgia,GEO,1971,58629,29.75,268
2018,84,Iceland,ISL,1956,60762,31.06,415
2018,85,Uruguay,URY,1903,43467,22.84,256
2018,86,Uganda,UGA,1901,44066,23.18,253
2018,87,Tanzania,TZA,1804,39269,21.77,245
2018,88,Cameroon,CMR,1742,36080,20.71,200
2018,89,Nepal,NPL,1698,37011,21.8,224
2018,90,Venezuela,VEN,1658,22694,13.69,293
2018,91,Bosnia and Herzegovina,BIH,1540,24133,15.67,158
2018,92,Azerbaijan,AZE,1390,23300,16.76,167
2018,93,Costa Rica,CRI,1249,24074,19.27,252
2018,94,Armenia,ARM,1235,30723,24.88,244
2018,95,Zimbabwe,ZWE,1106,18524,16.75,195
2018,96,Macedonia,MKD,1073,19990,18.63,184
2018,97,Malta,MLT,1061,29275,27.59,201
2018,98,Sudan,SDN,1015,17064,16.81,155
2018,99,Puerto Rico,PRI,932,21668,23.25,294
2018,100,Senegal,SEN,882,16891,19.15,169
2018,101,Palestine,PSE,873,20432,23.4,165
2018,102,Malawi,MWI,853,19716,23.11,195
2018,103,Botswana,BWA,839,14184,16.91,160
2018,104,Bahrain,BHR,740,13578,18.35,145
2018,105,Uzbekistan,UZB,670,10455,15.6,144
2018,106,Panama,PAN,664,18324,27.6,280
2018,107,Burkina Faso,BFA,655,11992,18.31,150
2018,108,Zambia,ZMB,652,13414,20.57,171
2018,109,Brunei Darussalam,BRN,603,11733,19.46,147
2018,110,Côte d’Ivoire,,601,10770,17.92,147
2018,111,Myanmar,MMR,600,10479,17.47,109
2018,112,Albania,ALB,562,8475,15.08,117
2018,113,Yemen,YEM,554,13459,24.29,137
2018,114,Benin,BEN,547,10843,19.82,134
2018,115,Moldova,MDA,538,7497,13.93,153
2018,116,Montenegro,MNE,536,6194,11.56,105
2018,117,Mongolia,MNG,526,8831,16.79,146
2018,118,Syrian Arab Republic,SYR,516,10067,19.51,156
2018,119,Libya,LBY,514,11451,22.28,129
2018,120,Cambodia,KHM,508,10409,20.49,150
2018,121,Mozambique,MOZ,508,9165,18.04,150
2018,122,Rwanda,RWA,506,12650,25.0,130
2018,123,Namibia,NAM,497,9615,19.35,137
2018,124,Trinidad and Tobago,TTO,490,5816,11.87,140
2018,125,Congo,COG,484,9864,20.38,146
2018,126,Jamaica,JAM,445,8084,18.17,146
2018,127,Fiji,FJI,429,7186,16.75,138
2018,128,Bolivia,BOL,404,7673,18.99,179
2018,129,Madagascar,MDG,369,8200,22.22,134
2018,130,Mauritius,MUS,366,7602,20.77,146
2018,131,Kyrgyzstan,KGZ,342,7715,22.56,122
2018,132,Guatemala,GTM,315,7606,24.15,133
2018,133,Laos,LAO,315,7385,23.44,130
2018,134,Mali,MLI,309,9379,30.35,145
2018,135,Paraguay,PRY,282,3637,12.9,122
2018,136,Grenada,GRD,242,4141,17.11,85
2018,137,Afghanistan,AFG,240,3609,15.04,81
2018,138,Papua New Guinea,PNG,215,5458,25.39,130
2018,139,Togo,TGO,214,3065,14.32,79
2018,140,Dominican Republic,DOM,213,3191,14.98,103
2018,141,Niger,NGA,209,3688,17.65,113
2018,142,New Caledonia,NCL,198,6298,31.81,131
2018,143,Gabon,GAB,197,4424,22.46,136
2018,144,Honduras,HND,189,4771,25.24,95
2018,145,Democratic Republic Congo,COD,188,4147,22.06,103
2018,146,Monaco,MCO,187,7167,38.33,154
2018,147,Eswatini,SWZ,174,2469,14.19,96
2018,148,Sierra Leone,SLE,169,6591,39.0,99
2018,149,Tajikistan,TJK,163,1951,11.97,79
2018,150,French Polynesia,PYF,159,3857,24.26,115
2018,151,Gambia,GMB,158,12208,77.27,166
2018,152,North Korea,PRK,154,2922,18.97,60
2018,153,Nicaragua,NIC,144,3073,21.34,117
2018,154,Barbados,BRB,144,3247,22.55,116
2018,155,Liechtenstein,LIE,143,5728,40.06,130
2018,156,El Salvador,SLV,142,1462,10.3,90
2018,157,Greenland,GRL,141,3013,21.37,109
2018,158,Angola,AGO,120,1387,11.56,67
2018,159,Bhutan,BTN,118,1400,11.86,75
2018,160,Haïti,HTI,110,2068,18.8,88
2018,161,French Guiana,GUF,110,2865,26.05,111
2018,162,Saint Kitts and Nevis,KNA,103,1393,13.52,60
2018,163,Guinea,GIN,101,3203,31.71,94
2018,164,Faroe Islands,FRO,97,2677,27.6,91
2018,165,Liberia,LBR,96,6202,64.6,74
2018,166,Burundi,BDI,93,3622,38.95,71
2018,167,Bahamas,BHS,83,3128,37.69,76
2018,168,Guyana,GUY,67,1932,28.84,71
2018,169,Central African Republic,CAF,66,1256,19.03,74
2018,170,Guadeloupe,GLP,66,971,14.71,90
2018,171,Mauritania,MRT,66,763,11.56,62
2018,172,Suriname,SUR,64,1203,18.8,62
2018,173,Guam,GUM,60,1172,19.53,85
2018,174,Reunion,REU,60,908,15.13,72
2018,175,Lesotho,LSO,58,1226,21.14,59
2018,176,Guinea-Bissau,GNB,57,969,17.0,78
2018,177,Chad,TCD,56,761,13.59,62
2018,178,Solomon Islands,SLB,56,1163,20.77,64
2018,179,Seychelles,SYC,55,1141,20.75,85
2018,180,Eritrea,ERI,52,963,18.52,64
2018,181,Martinique,MTQ,52,1183,22.75,68
2018,182,Bermuda,BMU,48,1417,29.52,117
2018,183,Belize,BLZ,46,714,15.52,69
2018,184,Timor-Leste,TLS,43,730,16.98,39
2018,185,San Marino,SMR,42,2679,63.79,56
2018,186,Samoa,WSM,39,501,12.85,51
2018,187,Cape Verde,CPV,39,608,15.59,53
2018,188,Maldives,MDV,38,686,18.05,51
2018,189,Dominica,DMA,36,593,16.47,53
2018,190,Vanuatu,VUT,34,599,17.62,56
2018,191,Cayman Islands,CYM,33,380,11.52,48
2018,192,Somalia,SOM,31,548,17.68,45
2018,193,Falkland Islands (Malvinas),FLK,29,689,23.76,57
2018,194,Tonga,TON,26,431,16.58,42
2018,195,Federated States of Micronesia,FSM,25,2460,98.4,56
2018,196,Republic of South Sudan,SSD,25,450,18.0,33
2018,197,Antigua and Barbuda,ATG,24,527,21.96,35
2018,198,American Samoa,ASM,24,411,17.13,37
2018,199,Equatorial Guinea,GNQ,22,721,32.77,40
2018,200,Palau,PLW,21,290,13.81,49
2018,201,Djibouti,DJI,21,381,18.14,44
2018,202,Comoros,COM,20,296,14.8,31
2018,203,Andorra,AND,19,245,12.89,47
2018,204,Saint Lucia,LCA,17,62,3.65,35
2018,205,Virgin Islands (U.S.),VIR,16,302,18.88,50
2018,206,Marshall Islands,MHL,14,290,20.71,32
2018,207,Anguilla,AIA,13,1067,82.08,28
2018,208,Turkmenistan,TKM,12,112,9.33,41
2018,209,Gibraltar,GIB,12,115,9.58,48
2018,210,Vatican City State,VAT,10,283,28.3,19
2018,211,Saint Helena,SHN,9,227,25.22,19
2018,212,Cook Islands,COK,9,607,67.44,33
2018,213,Northern Mariana Islands,MNP,8,153,19.13,25
2018,214,Aruba,ABW,8,128,16.0,30
2018,215,Sao Tome and Principe,STP,7,107,15.29,26
2018,216,Saint Vincent and the Grenadines,VCT,7,160,22.86,30
2018,217,Kiribati,KIR,6,68,11.33,24
2018,218,Svalbard and Jan Mayen,SJM,6,127,21.17,19
2018,219,Turks and Caicos Islands,TCA,6,34,5.67,29
2018,220,Mayotte,MYT,6,58,9.67,20
2018,221,Virgin Islands (British),VGB,5,25,5.0,39
2018,222,Tuvalu,TUV,5,21,4.2,17
2018,223,Montserrat,MSR,4,65,16.25,41
2018,224,South Georgia and the South Sandwich Islands,SGS,4,11,2.75,7
2018,225,Norfolk Island,NFK,3,0,0.0,11
2018,226,United States Minor Outlying Islands,UMI,3,34,11.33,12
2018,227,Bouvet Island,BVT,2,6,3.0,3
2018,228,Nauru,NRU,2,2,1.0,13
2018,229,Niue,NIU,1,17,17.0,12
2018,230,French Southern Territories,ATF,1,30,30.0,5
2018,231,British Indian Ocean Territory,IOT,1,21,21.0,14
2018,232,Pitcairn,PCN,1,0,0.0,2
2018,233,Tokelau,TKL,1,5,5.0,7
2019,1,United States,USA,733093,16096222,21.96,3213
2019,2,China,CHN,723048,15119719,20.91,1455
2019,3,United Kingdom,GBR,231267,5517734,23.86,2048
2019,4,India,IND,206479,2714472,13.15,925
2019,5,Germany,DEU,197204,4278602,21.7,1797
2019,6,Japan,JPN,137876,2153267,15.62,1364
2019,7,Italy,ITA,134104,2808954,20.95,1416
2019,8,Russian Federation,RUS,128100,926997,7.24,806
2019,9,France,FRA,126050,2648471,21.01,1604
2019,10,Canada,CAN,121223,2941124,24.26,1659
2019,11,Australia,AUS,116318,3140463,27.0,1475
2019,12,Spain,ESP,107073,2229470,20.82,1303
2019,13,South Korea,KOR,92675,1877177,20.26,1004
2019,14,Brazil,BRA,91401,1308847,14.32,844
2019,15,Iran,IRN,67715,1292599,19.09,541
2019,16,Netherlands,NLD,67144,1944083,28.95,1471
2019,17,Poland,POL,56878,844374,14.85,792
2019,18,Turkey,TUR,53327,758569,14.22,647
2019,19,Switzerland,CHE,51501,1519591,29.51,1369
2019,20,Indonesia,IDN,49353,303354,6.15,349
2019,21,Sweden,SWE,46202,1271875,27.53,1232
2019,22,Taiwan,TWN,38785,735906,18.97,738
2019,23,Malaysia,MYS,38360,624001,16.27,559
2019,24,Belgium,BEL,36781,997723,27.13,1134
2019,25,Denmark,DNK,31661,936252,29.57,1081
2019,26,Portugal,PRT,31221,637531,20.42,739
2019,27,South Africa,ZAF,30120,553291,18.37,702
2019,28,Mexico,MEX,29783,444695,14.93,641
2019,29,Austria,AUT,29741,699605,23.52,937
2019,30,Saudi Arabia,SAU,28416,715604,25.18,618
2019,31,Czech Republic,CZE,27559,438740,15.92,667
2019,32,Norway,NOR,26464,651211,24.61,896
2019,33,Egypt,EGY,26122,515199,19.72,452
2019,34,Pakistan,PAK,25961,551957,21.26,481
2019,35,Hong Kong,HKG,24798,845752,34.11,863
2019,36,Israel,ISR,24146,545668,22.6,962
2019,37,Singapore,SGP,24042,840647,34.97,873
2019,38,Finland,FIN,23673,577196,24.38,897
2019,39,Greece,GRC,22254,470895,21.16,725
2019,40,Ukraine,UKR,20601,154884,7.52,382
2019,41,Thailand,THA,20305,296081,14.58,485
2019,42,Romania,ROU,18771,235950,12.57,454
2019,43,New Zealand,NZL,18683,452780,24.23,758
2019,44,Ireland,IRL,17422,414304,23.78,753
2019,45,Chile,CHL,16549,309127,18.68,555
2019,46,Argentina,ARG,15890,260155,16.37,611
2019,47,Colombia,COL,15523,207610,13.37,436
2019,48,Iraq,IRQ,14587,139336,9.55,231
2019,49,Nigeria,NGA,12913,180534,13.98,340
2019,50,Hungary,HUN,12900,252152,19.55,630
2019,51,Viet Nam,VNM,12883,270427,20.99,350
2019,52,Slovakia,SVK,10040,129491,12.9,381
2019,53,United Arab Emirates,ARE,9409,205854,21.88,371
2019,54,Serbia,SRB,9216,144973,15.73,384
2019,55,Morocco,MAR,8889,115207,12.96,286
2019,56,Algeria,DZA,8477,107885,12.73,263
2019,57,Tunisia,TUN,8445,112791,13.36,292
2019,58,Croatia,HRV,8436,130356,15.45,413
2019,59,Bangladesh,BGD,7976,155402,19.48,343
2019,60,Slovenia,SVN,7330,135200,18.44,439
2019,61,Bulgaria,BGR,7010,87045,12.42,373
2019,62,Philippines,PHL,5670,80762,14.24,351
2019,63,Jordan,JOR,5493,95165,17.32,281
2019,64,Ecuador,ECU,5420,60937,11.24,243
2019,65,Kazakhstan,KAZ,5317,54160,10.19,183
2019,66,Peru,PER,4935,66427,13.46,340
2019,67,Ethiopia,ETH,4931,102291,20.74,257
2019,68,Lithuania,LTU,4815,80869,16.8,319
2019,69,Qatar,QAT,4682,134637,28.76,340
2019,70,Estonia,EST,4095,109265,26.68,412
2019,71,Kenya,KEN,3959,81640,20.62,371
2019,72,Lebanon,LBN,3943,77010,19.53,322
2019,73,Ghana,GHA,3731,74935,20.08,251
2019,74,Cyprus,CYP,3526,79864,22.65,328
2019,75,Belarus,BLR,3038,33653,11.08,243
2019,76,Sri Lanka,LKA,2828,51561,18.23,277
2019,77,Latvia,LVA,2816,47049,16.71,243
2019,78,Cuba,CUB,2525,17720,7.02,235
2019,79,Luxembourg,LUX,2515,67066,26.67,300
2019,80,Georgia,GEO,2504,56075,22.39,268
2019,81,Oman,OMN,2433,47230,19.41,243
2019,82,Kuwait,KWT,2367,41143,17.38,240
2019,83,Macao,MAC,2304,65912,28.61,249
2019,84,Tanzania,TZA,2162,40018,18.51,245
2019,85,Uganda,UGA,2131,39194,18.39,253
2019,86,Nepal,NPL,2123,43791,20.63,224
2019,87,Uruguay,URY,2061,33934,16.46,256
2019,88,Iceland,ISL,1940,56200,28.97,415
2019,89,Cameroon,CMR,1935,36345,18.78,200
2019,90,Bosnia and Herzegovina,BIH,1813,18734,10.33,158
2019,91,Azerbaijan,AZE,1793,22096,12.32,167
2019,92,Venezuela,VEN,1784,24376,13.66,293
2019,93,Uzbekistan,UZB,1612,15698,9.74,144
2019,94,Costa Rica,CRI,1460,28123,19.26,252
2019,95,Armenia,ARM,1427,27152,19.03,244
2019,96,Sudan,SDN,1150,18372,15.98,155
2019,97,Macedonia,MKD,1134,17104,15.08,184
2019,98,Zimbabwe,ZWE,1104,17919,16.23,195
2019,99,Bahrain,BHR,1065,15340,14.4,145
2019,100,Malta,MLT,1053,24862,23.61,201
2019,101,Palestine,PSE,1045,24731,23.67,165
2019,102,Senegal,SEN,950,14902,15.69,169
2019,103,Malawi,MWI,887,15966,18.0,195
2019,104,Puerto Rico,PRI,875,18726,21.4,294
2019,105,Botswana,BWA,838,11971,14.29,160
2019,106,Panama,PAN,821,23347,28.44,280
2019,107,Myanmar,MMR,793,11320,14.27,109
2019,108,Yemen,YEM,736,16213,22.03,137
2019,109,Burkina Faso,BFA,708,10958,15.48,150
2019,110,Zambia,ZMB,699,15723,22.49,171
2019,111,Benin,BEN,692,12714,18.37,134
2019,112,Côte d’Ivoire,,690,10087,14.62,147
2019,113,Mongolia,MNG,652,10268,15.75,146
2019,114,Brunei Darussalam,BRN,631,13015,20.63,147
2019,115,Albania,ALB,629,10392,16.52,117
2019,116,Moldova,MDA,620,8958,14.45,153
2019,117,Syrian Arab Republic,SYR,609,8865,14.56,156
2019,118,Montenegro,MNE,600,9457,15.76,105
2019,119,Rwanda,RWA,597,9525,15.95,130
2019,120,Libya,LBY,583,8909,15.28,129
2019,121,Mauritius,MUS,573,11942,20.84,146
2019,122,Mozambique,MOZ,567,16775,29.59,150
2019,123,Cambodia,KHM,536,9990,18.64,150
2019,124,Trinidad and Tobago,TTO,495,9834,19.87,140
2019,125,Kyrgyzstan,KGZ,489,10779,22.04,122
2019,126,Namibia,NAM,471,8426,17.89,137
2019,127,Congo,COG,460,9497,20.65,146
2019,128,Bolivia,BOL,458,9049,19.76,179
2019,129,Fiji,FJI,449,8796,19.59,138
2019,130,Paraguay,PRY,445,10341,23.24,122
2019,131,Jamaica,JAM,391,8754,22.39,146
2019,132,Madagascar,MDG,366,6316,17.26,134
2019,133,Afghanistan,AFG,361,5027,13.93,81
2019,134,Laos,LAO,360,6753,18.76,130
2019,135,Mali,MLI,360,6892,19.14,145
2019,136,Guatemala,GTM,335,7839,23.4,133
2019,137,Democratic Republic Congo,COD,296,5204,17.58,103
2019,138,Dominican Republic,DOM,283,4887,17.27,103
2019,139,Monaco,MCO,257,12631,49.15,154
2019,140,Tajikistan,TJK,244,5995,24.57,79
2019,141,Papua New Guinea,PNG,243,4221,17.37,130
2019,142,Togo,TGO,239,3929,16.44,79
2019,143,Honduras,HND,235,3587,15.26,95
2019,144,Grenada,GRD,235,2921,12.43,85
2019,145,Niger,NGA,231,3278,14.19,113
2019,146,Gabon,GAB,230,3759,16.34,136
2019,147,North Korea,PRK,221,3339,15.11,60
2019,148,Gambia,GMB,202,5760,28.51,166
2019,149,New Caledonia,NCL,190,4606,24.24,131
2019,150,Sierra Leone,SLE,185,3589,19.4,99
2019,151,Eswatini,SWZ,174,2845,16.35,96
2019,152,French Polynesia,PYF,171,3404,19.91,115
2019,153,Barbados,BRB,162,13079,80.73,116
2019,154,Angola,AGO,161,1954,12.14,67
2019,155,Bhutan,BTN,158,2981,18.87,75
2019,156,Liechtenstein,LIE,154,4759,30.9,130
2019,157,Nicaragua,NIC,148,3189,21.55,117
2019,158,Greenland,GRL,147,4055,27.59,109
2019,159,Guinea,GIN,133,2713,20.4,94
2019,160,Haïti,HTI,127,1965,15.47,88
2019,161,El Salvador,SLV,127,2090,16.46,90
2019,162,Liberia,LBR,124,5432,43.81,74
2019,163,Saint Kitts and Nevis,KNA,123,1596,12.98,60
2019,164,Faroe Islands,FRO,118,2639,22.36,91
2019,165,French Guiana,GUF,109,2970,27.25,111
2019,166,Lesotho,LSO,106,978,9.23,59
2019,167,Guyana,GUY,102,1600,15.69,71
2019,168,Bahamas,BHS,95,2447,25.76,76
2019,169,Burundi,BDI,93,1243,13.37,71
2019,170,Mauritania,MRT,82,612,7.46,62
2019,171,Chad,TCD,73,1956,26.79,62
2019,172,Suriname,SUR,72,1252,17.39,62
2019,173,Somalia,SOM,62,1225,19.76,45
2019,174,Guadeloupe,GLP,62,1472,23.74,90
2019,175,Central African Republic,CAF,61,544,8.92,74
2019,176,Eritrea,ERI,60,1096,18.27,64
2019,177,Guinea-Bissau,GNB,59,1139,19.31,78
2019,178,Bermuda,BMU,57,1765,30.96,117
2019,179,Seychelles,SYC,55,2956,53.75,85
2019,180,Martinique,MTQ,54,852,15.78,68
2019,181,Cape Verde,CPV,54,1245,23.06,53
2019,182,San Marino,SMR,53,1877,35.42,56
2019,183,Solomon Islands,SLB,52,1669,32.1,64
2019,184,Belize,BLZ,50,767,15.34,69
2019,185,Samoa,WSM,49,603,12.31,51
2019,186,Maldives,MDV,49,1077,21.98,51
2019,187,Guam,GUM,49,504,10.29,85
2019,188,Reunion,REU,47,328,6.98,72
2019,189,Timor-Leste,TLS,47,1107,23.55,39
2019,190,Vanuatu,VUT,45,542,12.04,56
2019,191,Palau,PLW,33,608,18.42,49
2019,192,Falkland Islands (Malvinas),FLK,32,581,18.16,57
2019,193,Dominica,DMA,32,347,10.84,53
2019,194,Andorra,AND,31,905,29.19,47
2019,195,Cayman Islands,CYM,28,383,13.68,48
2019,196,Aruba,ABW,23,108,4.7,30
2019,197,Republic of South Sudan,SSD,23,359,15.61,33
2019,198,Djibouti,DJI,21,266,12.67,44
2019,199,Equatorial Guinea,GNQ,20,334,16.7,40
2019,200,Comoros,COM,20,1261,63.05,31
2019,201,Tonga,TON,19,757,39.84,42
2019,202,Federated States of Micronesia,FSM,17,558,32.82,56
2019,203,Antigua and Barbuda,ATG,16,193,12.06,35
2019,204,Saint Lucia,LCA,15,94,6.27,35
2019,205,Kiribati,KIR,15,88,5.87,24
2019,206,Turkmenistan,TKM,15,653,43.53,41
2019,207,Curaçao,NLD,14,124,8.86,21
2019,208,Saint Vincent and the Grenadines,VCT,14,224,16.0,30
2019,209,Svalbard and Jan Mayen,SJM,13,70,5.38,19
2019,210,Cook Islands,COK,11,262,23.82,33
2019,211,Vatican City State,VAT,11,254,23.09,19
2019,212,Virgin Islands (U.S.),VIR,11,161,14.64,50
2019,213,Sao Tome and Principe,STP,10,82,8.2,26
2019,214,Marshall Islands,MHL,10,95,9.5,32
2019,215,Anguilla,AIA,9,716,79.56,28
2019,216,Gibraltar,GIB,9,266,29.56,48
2019,217,American Samoa,ASM,9,283,31.44,37
2019,218,Mayotte,MYT,8,49,6.13,20
2019,219,Virgin Islands (British),VGB,7,93,13.29,39
2019,220,Montserrat,MSR,7,73,10.43,41
2019,221,Northern Mariana Islands,MNP,5,127,25.4,25
2019,222,British Indian Ocean Territory,IOT,5,96,19.2,14
2019,223,Saint Helena,SHN,4,44,11.0,19
2019,224,Turks and Caicos Islands,TCA,3,57,19.0,29
2019,225,Niue,NIU,3,62,20.67,12
2019,226,Wallis and Futuna,WLF,2,23,11.5,9
2019,227,Tuvalu,TUV,2,75,37.5,17
2019,228,Nauru,NRU,2,5,2.5,13
2019,229,South Georgia and the South Sandwich Islands,SGS,2,11,5.5,7
2019,230,Saint Martin (Dutch),SXM,1,20,20.0,9
2019,231,United States Minor Outlying Islands,UMI,1,7,7.0,12
2019,232,Bouvet Island,BVT,1,3,3.0,3
2020,1,China,CHN,808780,15659002,19.36,1455
2020,2,United States,USA,742757,14655795,19.73,3213
2020,3,United Kingdom,GBR,238119,5329400,22.38,2048
2020,4,India,IND,222537,2917582,13.11,925
2020,5,Germany,DEU,200231,3897268,19.46,1797
2020,6,Italy,ITA,150376,3070474,20.42,1416
2020,7,Japan,JPN,141150,2038663,14.44,1364
2020,8,Russian Federation,RUS,136109,928881,6.82,806
2020,9,France,FRA,128494,2497056,19.43,1604
2020,10,Canada,CAN,125920,2779928,22.08,1659
2020,11,Australia,AUS,120549,2985455,24.77,1475
2020,12,Spain,ESP,117768,2233855,18.97,1303
2020,13,Brazil,BRA,99005,1294203,13.07,844
2020,14,South Korea,KOR,96990,1827350,18.84,1004
2020,15,Iran,IRN,74488,1304849,17.52,541
2020,16,Netherlands,NLD,70118,1794323,25.59,1471
2020,17,Poland,POL,60574,866979,14.31,792
2020,18,Turkey,TUR,60017,846105,14.1,647
2020,19,Switzerland,CHE,54609,1433970,26.26,1369
2020,20,Indonesia,IDN,54002,339671,6.29,349
2020,21,Sweden,SWE,47652,1135851,23.84,1232
2020,22,Taiwan,TWN,41604,765609,18.4,738
2020,23,Malaysia,MYS,39598,643564,16.25,559
2020,24,Belgium,BEL,39010,948839,24.32,1134
2020,25,Saudi Arabia,SAU,38070,891362,23.41,618
2020,26,Portugal,PRT,33830,645207,19.07,739
2020,27,Denmark,DNK,33568,872931,26.0,1081
2020,28,Egypt,EGY,32558,615974,18.92,452
2020,29,South Africa,ZAF,32442,582086,17.94,702
2020,30,Mexico,MEX,31944,441526,13.82,641
2020,31,Austria,AUT,31276,687860,21.99,937
2020,32,Pakistan,PAK,31010,651314,21.0,481
2020,33,Norway,NOR,28207,643511,22.81,896
2020,34,Czech Republic,CZE,27523,423345,15.38,667
2020,35,Singapore,SGP,26198,863444,32.96,873
2020,36,Hong Kong,HKG,26035,899748,34.56,863
2020,37,Israel,ISR,25450,518047,20.36,962
2020,38,Finland,FIN,24336,588842,24.2,897
2020,39,Greece,GRC,23955,486389,20.3,725
2020,40,Ukraine,UKR,23060,156354,6.78,382
2020,41,Thailand,THA,22374,324918,14.52,485
2020,42,Iraq,IRQ,19518,187025,9.58,231
2020,43,Ireland,IRL,19190,445135,23.2,753
2020,44,Chile,CHL,19048,304571,15.99,555
2020,45,New Zealand,NZL,18928,407164,21.51,758
2020,46,Romania,ROU,18348,256693,13.99,454
2020,47,Viet Nam,VNM,18334,392097,21.39,350
2020,48,Argentina,ARG,18011,270605,15.02,611
2020,49,Colombia,COL,17356,217859,12.55,436
2020,50,Nigeria,NGA,15474,219906,14.21,340
2020,51,Hungary,HUN,13864,247434,17.85,630
2020,52,United Arab Emirates,ARE,11147,248499,22.29,371
2020,53,Morocco,MAR,10322,138516,13.42,286
2020,54,Slovakia,SVK,10070,120199,11.94,381
2020,55,Bangladesh,BGD,9534,211407,22.17,343
2020,56,Croatia,HRV,9340,137937,14.77,413
2020,57,Serbia,SRB,8975,142478,15.87,384
2020,58,Tunisia,TUN,8676,121159,13.96,292
2020,59,Algeria,DZA,8612,117991,13.7,263
2020,60,Slovenia,SVN,7827,141955,18.14,439
2020,61,Bulgaria,BGR,7624,83284,10.92,373
2020,62,Peru,PER,6849,80377,11.74,340
2020,63,Ethiopia,ETH,6812,126902,18.63,257
2020,64,Jordan,JOR,6752,123359,18.27,281
2020,65,Philippines,PHL,6192,85744,13.85,351
2020,66,Ecuador,ECU,6180,66937,10.83,243
2020,67,Kazakhstan,KAZ,5896,61725,10.47,183
2020,68,Qatar,QAT,5565,161831,29.08,340
2020,69,Lithuania,LTU,5420,89541,16.52,319
2020,70,Kenya,KEN,4693,96922,20.65,371
2020,71,Lebanon,LBN,4620,96271,20.84,322
2020,72,Ghana,GHA,4560,87572,19.2,251
2020,73,Estonia,EST,4199,110477,26.31,412
2020,74,Cyprus,CYP,4121,94458,22.92,328
2020,75,Uzbekistan,UZB,3527,24804,7.03,144
2020,76,Sri Lanka,LKA,3384,57026,16.85,277
2020,77,Belarus,BLR,3038,32428,10.67,243
2020,78,Nepal,NPL,3001,56978,18.99,224
2020,79,Latvia,LVA,2945,39742,13.49,243
2020,80,Oman,OMN,2796,64636,23.12,243
2020,81,Cuba,CUB,2767,18641,6.74,235
2020,82,Macao,MAC,2752,84068,30.55,249
2020,83,Luxembourg,LUX,2571,57191,22.24,300
2020,84,Uganda,UGA,2536,46337,18.27,253
2020,85,Kuwait,KWT,2534,53655,21.17,240
2020,86,Tanzania,TZA,2416,42560,17.62,245
2020,87,Cameroon,CMR,2356,48454,20.57,200
2020,88,Georgia,GEO,2332,48109,20.63,268
2020,89,Uruguay,URY,2150,26964,12.54,256
2020,90,Azerbaijan,AZE,2074,32421,15.63,167
2020,91,Bosnia and Herzegovina,BIH,2065,21198,10.27,158
2020,92,Iceland,ISL,2004,49745,24.82,415
2020,93,Venezuela,VEN,1656,18708,11.3,293
2020,94,Costa Rica,CRI,1641,25958,15.82,252
2020,95,Zimbabwe,ZWE,1318,19954,15.14,195
2020,96,Sudan,SDN,1314,20639,15.71,155
2020,97,Bahrain,BHR,1302,23203,17.82,145
2020,98,Palestine,PSE,1301,34032,26.16,165
2020,99,Armenia,ARM,1293,22543,17.43,244
2020,100,Malta,MLT,1188,22845,19.23,201
2020,101,Macedonia,MKD,1160,23195,20.0,184
2020,102,Yemen,YEM,1147,29494,25.71,137
2020,103,Senegal,SEN,1113,16485,14.81,169
2020,104,Malawi,MWI,1083,16619,15.35,195
2020,105,Myanmar,MMR,1075,14025,13.05,109
2020,106,Puerto Rico,PRI,1014,15337,15.13,294
2020,107,Botswana,BWA,917,24618,26.85,160
2020,108,Zambia,ZMB,908,15750,17.35,171
2020,109,Panama,PAN,841,32273,38.37,280
2020,110,Rwanda,RWA,838,19976,23.84,130
2020,111,Syrian Arab Republic,SYR,836,10341,12.37,156
2020,112,Brunei Darussalam,BRN,815,18445,22.63,147
2020,113,Burkina Faso,BFA,776,9180,11.83,150
2020,114,Benin,BEN,744,10249,13.78,134
2020,115,Albania,ALB,743,8682,11.69,117
2020,116,Libya,LBY,733,14573,19.88,129
2020,117,Côte d’Ivoire,,728,9824,13.49,147
2020,118,Mongolia,MNG,728,9760,13.41,146
2020,119,Moldova,MDA,708,8373,11.83,153
2020,120,Mozambique,MOZ,702,19561,27.86,150
2020,121,Montenegro,MNE,688,12163,17.68,105
2020,122,Namibia,NAM,629,9093,14.46,137
2020,123,Kyrgyzstan,KGZ,621,20359,32.78,122
2020,124,Fiji,FJI,592,9430,15.93,138
2020,125,Cambodia,KHM,587,9158,15.6,150
2020,126,Trinidad and Tobago,TTO,545,6123,11.23,140
2020,127,Bolivia,BOL,543,15838,29.17,179
2020,128,Democratic Republic Congo,COD,522,9671,18.53,103
2020,129,Mauritius,MUS,512,12111,23.65,146
2020,130,Paraguay,PRY,509,11622,22.83,122
2020,131,Jamaica,JAM,476,6549,13.76,146
2020,132,Madagascar,MDG,459,5733,12.49,134
2020,133,Congo,COG,449,10780,24.01,146
2020,134,Guatemala,GTM,439,7928,18.06,133
2020,135,Honduras,HND,411,7787,18.95,95
2020,136,Mali,MLI,385,6094,15.83,145
2020,137,Afghanistan,AFG,364,3412,9.37,81
2020,138,Tajikistan,TJK,364,4183,11.49,79
2020,139,Laos,LAO,348,5350,15.37,130
2020,140,Dominican Republic,DOM,343,5748,16.76,103
2020,141,Grenada,GRD,296,2512,8.49,85
2020,142,Togo,TGO,265,2487,9.38,79
2020,143,Monaco,MCO,259,12928,49.92,154
2020,144,Papua New Guinea,PNG,257,9363,36.43,130
2020,145,Gambia,GMB,256,8234,32.16,166
2020,146,Niger,NGA,250,3501,14.0,113
2020,147,Bhutan,BTN,233,2975,12.77,75
2020,148,North Korea,PRK,233,2447,10.5,60
2020,149,Sierra Leone,SLE,231,4739,20.52,99
2020,150,Gabon,GAB,215,3820,17.77,136
2020,151,New Caledonia,NCL,212,4146,19.56,131
2020,152,French Polynesia,PYF,179,2875,16.06,115
2020,153,Eswatini,SWZ,178,2540,14.27,96
2020,154,Barbados,BRB,175,7906,45.18,116
2020,155,Angola,AGO,171,1286,7.52,67
2020,156,French Guiana,GUF,163,4424,27.14,111
2020,157,Guinea,GIN,162,2133,13.17,94
2020,158,Nicaragua,NIC,155,2484,16.03,117
2020,159,Haïti,HTI,149,1550,10.4,88
2020,160,Greenland,GRL,141,2396,16.99,109
2020,161,Liechtenstein,LIE,140,4330,30.93,130
2020,162,Saint Kitts and Nevis,KNA,138,1475,10.69,60
2020,163,Burundi,BDI,136,1597,11.74,71
2020,164,El Salvador,SLV,126,3857,30.61,90
2020,165,Guyana,GUY,121,1529,12.64,71
2020,166,Lesotho,LSO,112,1249,11.15,59
2020,167,Maldives,MDV,104,1943,18.68,51
2020,168,Bahamas,BHS,99,1692,17.09,76
2020,169,Seychelles,SYC,99,1965,19.85,85
2020,170,Somalia,SOM,96,946,9.85,45
2020,171,Mauritania,MRT,95,1093,11.51,62
2020,172,Liberia,LBR,88,2367,26.9,74
2020,173,Faroe Islands,FRO,87,2009,23.09,91
2020,174,Guam,GUM,83,914,11.01,85
2020,175,Central African Republic,CAF,81,1546,19.09,74
2020,176,Guadeloupe,GLP,79,1186,15.01,90
2020,177,Chad,TCD,76,689,9.07,62
2020,178,Martinique,MTQ,74,1017,13.74,68
2020,179,Eritrea,ERI,74,1113,15.04,64
2020,180,Cape Verde,CPV,73,1274,17.45,53
2020,181,Samoa,WSM,73,1018,13.95,51
2020,182,Reunion,REU,72,1034,14.36,72
2020,183,Belize,BLZ,68,803,11.81,69
2020,184,Suriname,SUR,65,1357,20.88,62
2020,185,Guinea-Bissau,GNB,64,1434,22.41,78
2020,186,Solomon Islands,SLB,64,1092,17.06,64
2020,187,Bermuda,BMU,63,2529,40.14,117
2020,188,Republic of South Sudan,SSD,63,656,10.41,33
2020,189,San Marino,SMR,55,3878,70.51,56
2020,190,Vanuatu,VUT,49,843,17.2,56
2020,191,Timor-Leste,TLS,47,413,8.79,39
2020,192,Curaçao,NLD,40,366,9.15,21
2020,193,Djibouti,DJI,38,652,17.16,44
2020,194,Palau,PLW,34,597,17.56,49
2020,195,Andorra,AND,34,606,17.82,47
2020,196,Federated States of Micronesia,FSM,33,8132,246.42,56
2020,197,Tonga,TON,32,287,8.97,42
2020,198,Cayman Islands,CYM,29,250,8.62,48
2020,199,Aruba,ABW,26,351,13.5,30
2020,200,Dominica,DMA,26,129,4.96,53
2020,201,Antigua and Barbuda,ATG,22,177,8.05,35
2020,202,Comoros,COM,21,270,12.86,31
2020,203,Gibraltar,GIB,21,332,15.81,48
2020,204,Falkland Islands (Malvinas),FLK,21,391,18.62,57
2020,205,Turkmenistan,TKM,20,134,6.7,41
2020,206,Saint Vincent and the Grenadines,VCT,17,319,18.76,30
2020,207,Kiribati,KIR,17,405,23.82,24
2020,208,Anguilla,AIA,16,7154,447.13,28
2020,209,Equatorial Guinea,GNQ,16,153,9.56,40
2020,210,American Samoa,ASM,15,100,6.67,37
2020,211,Saint Lucia,LCA,14,455,32.5,35
2020,212,Vatican City State,VAT,14,61,4.36,19
2020,213,Virgin Islands (U.S.),VIR,13,199,15.31,50
2020,214,Mayotte,MYT,13,121,9.31,20
2020,215,Sao Tome and Principe,STP,12,204,17.0,26
2020,216,Turks and Caicos Islands,TCA,11,275,25.0,29
2020,217,Northern Mariana Islands,MNP,9,50,5.56,25
2020,218,Marshall Islands,MHL,8,161,20.13,32
2020,219,Cook Islands,COK,8,221,27.63,33
2020,220,Virgin Islands (British),VGB,7,42,6.0,39
2020,221,Montserrat,MSR,5,58,11.6,41
2020,222,Saint Helena,SHN,5,34,6.8,19
2020,223,Nauru,NRU,4,106,26.5,13
2020,224,British Indian Ocean Territory,IOT,4,83,20.75,14
2020,225,Svalbard and Jan Mayen,SJM,4,29,7.25,19
2020,226,Wallis and Futuna,WLF,3,19,6.33,9
2020,227,Tuvalu,TUV,3,31,10.33,17
2020,228,South Georgia and the South Sandwich Islands,SGS,1,2,2.0,7
2020,229,Saint Pierre and Miquelon,SPM,1,25,25.0,3
2020,230,French Southern Territories,ATF,1,0,0.0,5
2020,231,Tokelau,TKL,1,7,7.0,7
2020,232,Norfolk Island,NFK,1,0,0.0,11
2020,233,Niue,NIU,1,0,0.0,12
2020,234,Saint Martin (Dutch),SXM,1,7,7.0,9
2021,1,China,CHN,901535,12732170,14.12,1455
2021,2,United States,USA,768099,10697062,13.93,3213
2021,3,United Kingdom,GBR,253153,4117379,16.26,2048
2021,4,India,IND,249480,2598832,10.42,925
2021,5,Germany,DEU,216875,3005298,13.86,1797
2021,6,Italy,ITA,161154,2292197,14.22,1416
2021,7,Japan,JPN,149127,1500210,10.06,1364
2021,8,Russian Federation,RUS,136229,730999,5.37,806
2021,9,Canada,CAN,134733,2132237,15.83,1659
2021,10,France,FRA,134014,1975078,14.74,1604
2021,11,Australia,AUS,126601,2309903,18.25,1475
2021,12,Spain,ESP,126163,1686220,13.37,1303
2021,13,Brazil,BRA,104152,999091,9.59,844
2021,14,South Korea,KOR,102562,1476187,14.39,1004
2021,15,Iran,IRN,77975,1029066,13.2,541
2021,16,Netherlands,NLD,75996,1424826,18.75,1471
2021,17,Turkey,TUR,68521,716785,10.46,647
2021,18,Poland,POL,64677,723498,11.19,792
2021,19,Switzerland,CHE,59491,1070524,17.99,1369
2021,20,Indonesia,IDN,54587,287545,5.27,349
2021,21,Sweden,SWE,50631,894920,17.68,1232
2021,22,Saudi Arabia,SAU,47867,888133,18.55,618
2021,23,Taiwan,TWN,45768,609344,13.31,738
2021,24,Malaysia,MYS,42823,572309,13.36,559
2021,25,Belgium,BEL,42479,728083,17.14,1134
2021,26,Egypt,EGY,38786,588257,15.17,452
2021,27,Portugal,PRT,37302,505479,13.55,739
2021,28,Pakistan,PAK,36711,608571,16.58,481
2021,29,Denmark,DNK,35898,726923,20.25,1081
2021,30,South Africa,ZAF,34610,448620,12.96,702
2021,31,Austria,AUT,34469,527544,15.3,937
2021,32,Mexico,MEX,34074,348645,10.23,641
2021,33,Norway,NOR,30332,495051,16.32,896
2021,34,Hong Kong,HKG,29260,677906,23.17,863
2021,35,Czech Republic,CZE,28832,339949,11.79,667
2021,36,Israel,ISR,27493,411447,14.97,962
2021,37,Singapore,SGP,27380,620264,22.65,873
2021,38,Greece,GRC,27260,390787,14.34,725
2021,39,Finland,FIN,25969,443649,17.08,897
2021,40,Thailand,THA,25634,283643,11.07,485
2021,41,Ukraine,UKR,23824,118303,4.97,382
2021,42,Ireland,IRL,21744,364058,16.74,753
2021,43,Chile,CHL,20774,250788,12.07,555
2021,44,New Zealand,NZL,19796,298854,15.1,758
2021,45,Romania,ROU,19772,213952,10.82,454
2021,46,Viet Nam,VNM,18373,276073,15.03,350
2021,47,Colombia,COL,18368,165936,9.03,436
2021,48,Argentina,ARG,18244,189688,10.4,611
2021,49,Nigeria,NGA,18154,199827,11.01,340
2021,50,Iraq,IRQ,17929,162570,9.07,231
2021,51,Hungary,HUN,15076,199632,13.24,630
2021,52,Bangladesh,BGD,13532,223783,16.54,343
2021,53,United Arab Emirates,ARE,13512,258427,19.13,371
2021,54,Morocco,MAR,11625,126484,10.88,286
2021,55,Croatia,HRV,10474,112625,10.75,413
2021,56,Slovakia,SVK,10226,97004,9.49,381
2021,57,Serbia,SRB,10028,113931,11.36,384
2021,58,Algeria,DZA,9976,95203,9.54,263
2021,59,Tunisia,TUN,9363,95877,10.24,292
2021,60,Ethiopia,ETH,9092,121323,13.34,257
2021,61,Slovenia,SVN,8779,115964,13.21,439
2021,62,Peru,PER,8457,69490,8.22,340
2021,63,Bulgaria,BGR,8019,68124,8.5,373
2021,64,Jordan,JOR,8014,110834,13.83,281
2021,65,Philippines,PHL,7165,72465,10.11,351
2021,66,Qatar,QAT,6443,139025,21.58,340
2021,67,Ecuador,ECU,6351,53845,8.48,243
2021,68,Kazakhstan,KAZ,6209,53235,8.57,183
2021,69,Lithuania,LTU,5685,71297,12.54,319
2021,70,Kenya,KEN,5594,74952,13.4,371
2021,71,Ghana,GHA,5562,70015,12.59,251
2021,72,Estonia,EST,4733,79874,16.88,412
2021,73,Cyprus,CYP,4702,73058,15.54,328
2021,74,Lebanon,LBN,4702,76884,16.35,322
2021,75,Sri Lanka,LKA,4224,51099,12.1,277
2021,76,Oman,OMN,3636,60084,16.52,243
2021,77,Nepal,NPL,3549,46242,13.03,224
2021,78,Macao,MAC,3478,75720,21.77,249
2021,79,Uzbekistan,UZB,3415,23739,6.95,144
2021,80,Latvia,LVA,3357,33928,10.11,243
2021,81,Uganda,UGA,3140,45966,14.64,253
2021,82,Belarus,BLR,3063,23396,7.64,243
2021,83,Cuba,CUB,3043,16704,5.49,235
2021,84,Luxembourg,LUX,2943,51022,17.34,300
2021,85,Kuwait,KWT,2933,47498,16.19,240
2021,86,Tanzania,TZA,2817,32973,11.71,245
2021,87,Cameroon,CMR,2700,32856,12.17,200
2021,88,Uruguay,URY,2590,28850,11.14,256
2021,89,Georgia,GEO,2320,35169,15.16,268
2021,90,Bosnia and Herzegovina,BIH,2235,17151,7.67,158
2021,91,Iceland,ISL,2111,37457,17.74,415
2021,92,Azerbaijan,AZE,2037,18551,9.11,167
2021,93,Costa Rica,CRI,1810,21299,11.77,252
2021,94,Sudan,SDN,1752,20608,11.76,155
2021,95,Venezuela,VEN,1746,12616,7.23,293
2021,96,Yemen,YEM,1643,25570,15.56,137
2021,97,Zimbabwe,ZWE,1605,17961,11.19,195
2021,98,Palestine,PSE,1597,29306,18.35,165
2021,99,Bahrain,BHR,1569,20117,12.82,145
2021,100,Malta,MLT,1409,19346,13.73,201
2021,101,Armenia,ARM,1332,13076,9.82,244
2021,102,Malawi,MWI,1309,15413,11.77,195
2021,103,Macedonia,MKD,1225,15661,12.78,184
2021,104,Libya,LBY,1114,15822,14.2,129
2021,105,Senegal,SEN,1100,10300,9.36,169
2021,106,Syrian Arab Republic,SYR,1090,11036,10.12,156
2021,107,Puerto Rico,PRI,1083,15139,13.98,294
2021,108,Rwanda,RWA,1076,15527,14.43,130
2021,109,Zambia,ZMB,1055,13383,12.69,171
2021,110,Botswana,BWA,1035,11986,11.58,160
2021,111,Albania,ALB,1008,11290,11.2,117
2021,112,Panama,PAN,978,16359,16.73,280
2021,113,Brunei Darussalam,BRN,961,14684,15.28,147
2021,114,Benin,BEN,961,10183,10.6,134
2021,115,Côte d’Ivoire,,932,8943,9.6,147
2021,116,Burkina Faso,BFA,910,10057,11.05,150
2021,117,Mongolia,MNG,905,9047,10.0,146
2021,118,Myanmar,MMR,899,9650,10.73,109
2021,119,Mozambique,MOZ,845,16090,19.04,150
2021,120,Namibia,NAM,741,7901,10.66,137
2021,121,Moldova,MDA,736,5695,7.74,153
2021,122,Kyrgyzstan,KGZ,703,11055,15.73,122
2021,123,Montenegro,MNE,682,7631,11.19,105
2021,124,Cambodia,KHM,667,7429,11.14,150
2021,125,Democratic Republic Congo,COD,666,10539,15.82,103
2021,126,Bolivia,BOL,622,6071,9.76,179
2021,127,Trinidad and Tobago,TTO,591,5167,8.74,140
2021,128,Fiji,FJI,584,8301,14.21,138
2021,129,Mauritius,MUS,566,7703,13.61,146
2021,130,Paraguay,PRY,556,5926,10.66,122
2021,131,Afghanistan,AFG,551,6120,11.11,81
2021,132,Madagascar,MDG,535,6941,12.97,134
2021,133,Congo,COG,491,6447,13.13,146
2021,134,Jamaica,JAM,486,6741,13.87,146
2021,135,Guatemala,GTM,486,8858,18.23,133
2021,136,Mali,MLI,452,5476,12.12,145
2021,137,Honduras,HND,389,5007,12.87,95
2021,138,Dominican Republic,DOM,385,4214,10.95,103
2021,139,Laos,LAO,363,4186,11.53,130
2021,140,Tajikistan,TJK,336,2759,8.21,79
2021,141,Grenada,GRD,328,2966,9.04,85
2021,142,Gambia,GMB,318,4992,15.7,166
2021,143,Gabon,GAB,311,4140,13.31,136
2021,144,North Korea,PRK,306,2270,7.42,60
2021,145,Togo,TGO,302,2799,9.27,79
2021,146,Sierra Leone,SLE,299,4039,13.51,99
2021,147,Monaco,MCO,291,9017,30.99,154
2021,148,Papua New Guinea,PNG,282,4256,15.09,130
2021,149,Bhutan,BTN,279,4038,14.47,75
2021,150,Niger,NGA,261,2659,10.19,113
2021,151,Barbados,BRB,214,2400,11.21,116
2021,152,Guinea,GIN,192,1921,10.01,94
2021,153,El Salvador,SLV,191,1693,8.86,90
2021,154,New Caledonia,NCL,191,1875,9.82,131
2021,155,French Polynesia,PYF,183,2541,13.89,115
2021,156,Liechtenstein,LIE,182,2654,14.58,130
2021,157,Greenland,GRL,176,2224,12.64,109
2021,158,Angola,AGO,174,1474,8.47,67
2021,159,Eswatini,SWZ,172,1775,10.32,96
2021,160,Saint Kitts and Nevis,KNA,168,1474,8.77,60
2021,161,Haïti,HTI,160,2039,12.74,88
2021,162,Nicaragua,NIC,145,1349,9.3,117
2021,163,Somalia,SOM,140,1270,9.07,45
2021,164,Liberia,LBR,138,1776,12.87,74
2021,165,Lesotho,LSO,137,1064,7.77,59
2021,166,French Guiana,GUF,132,2134,16.17,111
2021,167,Faroe Islands,FRO,123,2116,17.2,91
2021,168,Burundi,BDI,123,1843,14.98,71
2021,169,Guyana,GUY,121,2031,16.79,71
2021,170,Mauritania,MRT,118,1002,8.49,62
2021,171,Bahamas,BHS,118,1781,15.09,76
2021,172,Chad,TCD,110,931,8.46,62
2021,173,Seychelles,SYC,105,1819,17.32,85
2021,174,Maldives,MDV,96,1006,10.48,51
2021,175,Samoa,WSM,95,1769,18.62,51
2021,176,Guadeloupe,GLP,89,649,7.29,90
2021,177,Eritrea,ERI,87,572,6.57,64
2021,178,Republic of South Sudan,SSD,85,595,7.0,33
2021,179,Cape Verde,CPV,84,588,7.0,53
2021,180,Central African Republic,CAF,83,979,11.8,74
2021,181,Guam,GUM,78,964,12.36,85
2021,182,Reunion,REU,74,1484,20.05,72
2021,183,Suriname,SUR,74,643,8.69,62
2021,184,Guinea-Bissau,GNB,73,817,11.19,78
2021,185,Belize,BLZ,73,925,12.67,69
2021,186,Djibouti,DJI,69,722,10.46,44
2021,187,San Marino,SMR,66,1023,15.5,56
2021,188,Solomon Islands,SLB,63,803,12.75,64
2021,189,Martinique,MTQ,55,357,6.49,68
2021,190,Timor-Leste,TLS,55,603,10.96,39
2021,191,Bermuda,BMU,54,1013,18.76,117
2021,192,Vanuatu,VUT,53,579,10.92,56
2021,193,Gibraltar,GIB,48,761,15.85,48
2021,194,Curaçao,NLD,48,632,13.17,21
2021,195,Turkmenistan,TKM,41,505,12.32,41
2021,196,Falkland Islands (Malvinas),FLK,40,636,15.9,57
2021,197,Cayman Islands,CYM,40,320,8.0,48
2021,198,Andorra,AND,39,487,12.49,47
2021,199,Antigua and Barbuda,ATG,35,343,9.8,35
2021,200,Dominica,DMA,32,320,10.0,53
2021,201,Equatorial Guinea,GNQ,31,373,12.03,40
2021,202,Aruba,ABW,31,347,11.19,30
2021,203,Palau,PLW,29,345,11.9,49
2021,204,Saint Vincent and the Grenadines,VCT,29,283,9.76,30
2021,205,Tonga,TON,29,310,10.69,42
2021,206,Virgin Islands (U.S.),VIR,26,278,10.69,50
2021,207,Comoros,COM,24,236,9.83,31
2021,208,Federated States of Micronesia,FSM,22,1557,70.77,56
2021,209,Sao Tome and Principe,STP,14,114,8.14,26
2021,210,Saint Lucia,LCA,14,87,6.21,35
2021,211,Marshall Islands,MHL,13,78,6.0,32
2021,212,Vatican City State,VAT,13,62,4.77,19
2021,213,Anguilla,AIA,12,472,39.33,28
2021,214,Kiribati,KIR,11,171,15.55,24
2021,215,Svalbard and Jan Mayen,SJM,10,121,12.1,19
2021,216,Virgin Islands (British),VGB,10,66,6.6,39
2021,217,Northern Mariana Islands,MNP,10,58,5.8,25
2021,218,American Samoa,ASM,10,29,2.9,37
2021,219,Montserrat,MSR,9,40,4.44,41
2021,220,Saint Martin (Dutch),SXM,9,54,6.0,9
2021,221,Saint Helena,SHN,8,162,20.25,19
2021,222,Turks and Caicos Islands,TCA,5,135,27.0,29
2021,223,Cook Islands,COK,4,29,7.25,33
2021,224,Mayotte,MYT,4,36,9.0,20
2021,225,Tuvalu,TUV,3,28,9.33,17
2021,226,Bouvet Island,BVT,3,4,1.33,3
2021,227,Saint Martin (French),MAF,3,11,3.67,6
2021,228,British Indian Ocean Territory,IOT,2,959,479.5,14
2021,229,South Georgia and the South Sandwich Islands,SGS,2,18,9.0,7
2021,230,Nauru,NRU,1,1,1.0,13
2021,231,Western Sahara,ESH,1,0,0.0,7
2021,232,Norfolk Island,NFK,1,1,1.0,11
2021,233,Saint Pierre and Miquelon,SPM,1,272,272.0,3
2021,234,Wallis and Futuna,WLF,1,3,3.0,9
2022,1,China,CHN,1042935,10057559,9.64,1455
2022,2,United States,USA,736868,6204694,8.42,3213
2022,3,India,IND,285584,1989622,6.97,925
2022,4,United Kingdom,GBR,247055,2462263,9.97,2048
2022,5,Germany,DEU,212823,1860540,8.74,1797
2022,6,Italy,ITA,159501,1431098,8.97,1416
2022,7,Japan,JPN,145207,956926,6.59,1364
2022,8,Canada,CAN,133868,1301440,9.72,1659
2022,9,France,FRA,129666,1113327,8.59,1604
2022,10,Australia,AUS,125497,1426752,11.37,1475
2022,11,Spain,ESP,123784,1067262,8.62,1303
2022,12,Russian Federation,RUS,117303,470191,4.01,806
2022,13,South Korea,KOR,103579,976100,9.42,1004
2022,14,Brazil,BRA,96742,580879,6.0,844
2022,15,Iran,IRN,78400,682817,8.71,541
2022,16,Netherlands,NLD,74392,833244,11.2,1471
2022,17,Turkey,TUR,72871,522636,7.17,647
2022,18,Poland,POL,61289,468846,7.65,792
2022,19,Switzerland,CHE,58784,669113,11.38,1369
2022,20,Saudi Arabia,SAU,57972,743724,12.83,618
2022,21,Sweden,SWE,50173,575557,11.47,1232
2022,22,Taiwan,TWN,47473,429112,9.04,738
2022,23,Indonesia,IDN,46799,206758,4.42,349
2022,24,Malaysia,MYS,45436,417111,9.18,559
2022,25,Egypt,EGY,43809,461303,10.53,452
2022,26,Belgium,BEL,41422,448025,10.82,1134
2022,27,Pakistan,PAK,41296,491323,11.9,481
2022,28,Portugal,PRT,38016,338714,8.91,739
2022,29,South Africa,ZAF,35639,312242,8.76,702
2022,30,Denmark,DNK,35294,429529,12.17,1081
2022,31,Austria,AUT,33848,323064,9.54,937
2022,32,Mexico,MEX,33774,220171,6.52,641
2022,33,Hong Kong,HKG,32843,499475,15.21,863
2022,34,Norway,NOR,30521,309990,10.16,896
2022,35,Thailand,THA,28864,213474,7.4,485
2022,36,Singapore,SGP,28403,416663,14.67,873
2022,37,Czech Republic,CZE,27543,226630,8.23,667
2022,38,Greece,GRC,27443,264868,9.65,725
2022,39,Israel,ISR,27133,255976,9.43,962
2022,40,Finland,FIN,26303,293290,11.15,897
2022,41,Ukraine,UKR,21794,83139,3.81,382
2022,42,Ireland,IRL,21221,231386,10.9,753
2022,43,Iraq,IRQ,20401,139797,6.85,231
2022,44,Romania,ROU,20126,164278,8.16,454
2022,45,Chile,CHL,19688,156493,7.95,555
2022,46,New Zealand,NZL,19665,185949,9.46,758
2022,47,Nigeria,NGA,18571,148321,7.99,340
2022,48,Viet Nam,VNM,18376,162727,8.86,350
2022,49,Colombia,COL,17847,107873,6.04,436
2022,50,Argentina,ARG,17310,119320,6.89,611
2022,51,United Arab Emirates,ARE,16548,209637,12.67,371
2022,52,Hungary,HUN,15592,134381,8.62,630
2022,53,Bangladesh,BGD,14280,163750,11.47,343
2022,54,Morocco,MAR,12800,103171,8.06,286
2022,55,Ethiopia,ETH,11760,99672,8.48,257
2022,56,Algeria,DZA,11081,74450,6.72,263
2022,57,Croatia,HRV,10599,78915,7.45,413
2022,58,Tunisia,TUN,10406,79770,7.67,292
2022,59,Serbia,SRB,10366,82268,7.94,384
2022,60,Slovakia,SVK,9794,60789,6.21,381
2022,61,Peru,PER,9723,52358,5.38,340
2022,62,Jordan,JOR,9580,97010,10.13,281
2022,63,Slovenia,SVN,8380,76970,9.18,439
2022,64,Philippines,PHL,8092,52510,6.49,351
2022,65,Bulgaria,BGR,7987,48154,6.03,373
2022,66,Ecuador,ECU,7156,40058,5.6,243
2022,67,Ghana,GHA,6796,61930,9.11,251
2022,68,Kazakhstan,KAZ,6487,42491,6.55,183
2022,69,Qatar,QAT,6425,90091,14.02,340
2022,70,Kenya,KEN,5815,54391,9.35,371
2022,71,Lithuania,LTU,5708,50086,8.77,319
2022,72,Cyprus,CYP,5034,54397,10.81,328
2022,73,Macao,MAC,4839,66395,13.72,249
2022,74,Lebanon,LBN,4714,46630,9.89,322
2022,75,Estonia,EST,4603,49499,10.75,412
2022,76,Sri Lanka,LKA,4404,41754,9.48,277
2022,77,Oman,OMN,4214,49266,11.69,243
2022,78,Nepal,NPL,3902,32453,8.32,224
2022,79,Uzbekistan,UZB,3699,27256,7.37,144
2022,80,Kuwait,KWT,3350,36714,10.96,240
2022,81,Uganda,UGA,3332,28888,8.67,253
2022,82,Latvia,LVA,3308,26013,7.86,243
2022,83,Luxembourg,LUX,3244,34328,10.58,300
2022,84,Tanzania,TZA,3000,23479,7.83,245
2022,85,Belarus,BLR,2962,15576,5.26,243
2022,86,Cameroon,CMR,2900,22700,7.83,200
2022,87,Cuba,CUB,2744,8534,3.11,235
2022,88,Uruguay,URY,2394,16977,7.09,256
2022,89,Georgia,GEO,2384,26218,11.0,268
2022,90,Iceland,ISL,2266,26460,11.68,415
2022,91,Azerbaijan,AZE,2116,14988,7.08,167
2022,92,Bosnia and Herzegovina,BIH,2113,11458,5.42,158
2022,93,Sudan,SDN,1921,16413,8.54,155
2022,94,Palestine,PSE,1890,21794,11.53,165
2022,95,Yemen,YEM,1877,26345,14.04,137
2022,96,Bahrain,BHR,1830,18588,10.16,145
2022,97,Costa Rica,CRI,1777,12614,7.1,252
2022,98,Zimbabwe,ZWE,1768,12809,7.24,195
2022,99,Malta,MLT,1574,13297,8.45,201
2022,100,Armenia,ARM,1519,11554,7.61,244
2022,101,Venezuela,VEN,1484,8273,5.57,293
2022,102,Macedonia,MKD,1417,12016,8.48,184
2022,103,Malawi,MWI,1294,10307,7.97,195
2022,104,Syrian Arab Republic,SYR,1286,9291,7.22,156
2022,105,Brunei Darussalam,BRN,1251,15656,12.51,147
2022,106,Senegal,SEN,1222,8010,6.55,169
2022,107,Rwanda,RWA,1192,9717,8.15,130
2022,108,Puerto Rico,PRI,1174,8914,7.59,294
2022,109,Zambia,ZMB,1160,10825,9.33,171
2022,110,Albania,ALB,1119,7978,7.13,117
2022,111,Panama,PAN,1105,12990,11.76,280
2022,112,Botswana,BWA,1090,12765,11.71,160
2022,113,Libya,LBY,1078,12200,11.32,129
2022,114,Burkina Faso,BFA,1035,7454,7.2,150
2022,115,Benin,BEN,951,7842,8.25,134
2022,116,Mongolia,MNG,903,10303,11.41,146
2022,117,Côte d’Ivoire,,842,6145,7.3,147
2022,118,Mozambique,MOZ,815,7582,9.3,150
2022,119,Cambodia,KHM,796,5634,7.08,150
2022,120,Democratic Republic Congo,COD,757,8335,11.01,103
2022,121,Madagascar,MDG,751,4416,5.88,134
2022,122,Namibia,NAM,743,4949,6.66,137
2022,123,Kyrgyzstan,KGZ,705,7505,10.65,122
2022,124,Afghanistan,AFG,704,5840,8.3,81
2022,125,Moldova,MDA,659,5223,7.93,153
2022,126,Bolivia,BOL,635,5707,8.99,179
2022,127,Myanmar,MMR,625,4128,6.6,109
2022,128,Trinidad and Tobago,TTO,623,4267,6.85,140
2022,129,Montenegro,MNE,602,5235,8.7,105
2022,130,Mauritius,MUS,600,5602,9.34,146
2022,131,Fiji,FJI,596,4989,8.37,138
2022,132,Paraguay,PRY,574,3984,6.94,122
2022,133,Congo,COG,552,5375,9.74,146
2022,134,Guatemala,GTM,528,5071,9.6,133
2022,135,Mali,MLI,501,4749,9.48,145
2022,136,Jamaica,JAM,500,3678,7.36,146
2022,137,Dominican Republic,DOM,427,4481,10.49,103
2022,138,Honduras,HND,426,1973,4.63,95
2022,139,Togo,TGO,370,2200,5.95,79
2022,140,Sierra Leone,SLE,365,4288,11.75,99
2022,141,Gabon,GAB,362,3488,9.64,136
2022,142,Laos,LAO,342,2717,7.94,130
2022,143,Gambia,GMB,342,9287,27.15,166
2022,144,North Korea,PRK,328,1841,5.61,60
2022,145,Papua New Guinea,PNG,304,2428,7.99,130
2022,146,Bhutan,BTN,301,3001,9.97,75
2022,147,Monaco,MCO,297,4424,14.9,154
2022,148,Tajikistan,TJK,288,1456,5.06,79
2022,149,Niger,NGA,283,1706,6.03,113
2022,150,Somalia,SOM,272,1405,5.17,45
2022,151,Grenada,GRD,270,1597,5.91,85
2022,152,Barbados,BRB,255,2098,8.23,116
2022,153,Liberia,LBR,240,2439,10.16,74
2022,154,El Salvador,SLV,232,1119,4.82,90
2022,155,Angola,AGO,227,1748,7.7,67
2022,156,New Caledonia,NCL,213,1511,7.09,131
2022,157,Eswatini,SWZ,208,1600,7.69,96
2022,158,Nicaragua,NIC,185,1371,7.41,117
2022,159,Guinea,GIN,184,1599,8.69,94
2022,160,Liechtenstein,LIE,183,2230,12.19,130
2022,161,Haïti,HTI,179,1529,8.54,88
2022,162,Lesotho,LSO,172,2054,11.94,59
2022,163,Saint Kitts and Nevis,KNA,170,1022,6.01,60
2022,164,Faroe Islands,FRO,158,2171,13.74,91
2022,165,Greenland,GRL,152,1264,8.32,109
2022,166,French Polynesia,PYF,149,926,6.21,115
2022,167,Burundi,BDI,142,2047,14.42,71
2022,168,Maldives,MDV,137,986,7.2,51
2022,169,Guyana,GUY,136,2096,15.41,71
2022,170,Republic of South Sudan,SSD,127,1541,12.13,33
2022,171,Chad,TCD,121,773,6.39,62
2022,172,French Guiana,GUF,116,1190,10.26,111
2022,173,Seychelles,SYC,104,1137,10.93,85
2022,174,Bahamas,BHS,102,2762,27.08,76
2022,175,Mauritania,MRT,100,599,5.99,62
2022,176,Cape Verde,CPV,99,1342,13.56,53
2022,177,Central African Republic,CAF,96,1804,18.79,74
2022,178,Eritrea,ERI,95,897,9.44,64
2022,179,Reunion,REU,94,491,5.22,72
2022,180,Guadeloupe,GLP,94,502,5.34,90
2022,181,Samoa,WSM,86,798,9.28,51
2022,182,Guam,GUM,86,503,5.85,85
2022,183,Belize,BLZ,76,496,6.53,69
2022,184,Gibraltar,GIB,70,772,11.03,48
2022,185,San Marino,SMR,70,1807,25.81,56
2022,186,Martinique,MTQ,69,689,9.99,68
2022,187,Guinea-Bissau,GNB,68,613,9.01,78
2022,188,Curaçao,NLD,64,451,7.05,21
2022,189,Suriname,SUR,62,436,7.03,62
2022,190,Solomon Islands,SLB,59,301,5.1,64
2022,191,Timor-Leste,TLS,57,271,4.75,39
2022,192,Vanuatu,VUT,55,616,11.2,56
2022,193,Bermuda,BMU,53,2318,43.74,117
2022,194,Andorra,AND,48,412,8.58,47
2022,195,Antigua and Barbuda,ATG,45,608,13.51,35
2022,196,Djibouti,DJI,43,390,9.07,44
2022,197,Turkmenistan,TKM,43,81,1.88,41
2022,198,Aruba,ABW,37,756,20.43,30
2022,199,Cayman Islands,CYM,35,372,10.63,48
2022,200,Sao Tome and Principe,STP,33,287,8.7,26
2022,201,Palau,PLW,30,250,8.33,49
2022,202,Dominica,DMA,30,340,11.33,53
2022,203,Virgin Islands (U.S.),VIR,27,201,7.44,50
2022,204,Tonga,TON,26,286,11.0,42
2022,205,Equatorial Guinea,GNQ,23,195,8.48,40
2022,206,Falkland Islands (Malvinas),FLK,21,225,10.71,57
2022,207,Saint Vincent and the Grenadines,VCT,20,230,11.5,30
2022,208,Saint Lucia,LCA,20,199,9.95,35
2022,209,Comoros,COM,19,218,11.47,31
2022,210,Federated States of Micronesia,FSM,19,1625,85.53,56
2022,211,Anguilla,AIA,16,263,16.44,28
2022,212,Kiribati,KIR,15,90,6.0,24
2022,213,Saint Martin (Dutch),SXM,15,98,6.53,9
2022,214,Cook Islands,COK,12,88,7.33,33
2022,215,Vatican City State,VAT,12,28,2.33,19
2022,216,Virgin Islands (British),VGB,12,153,12.75,39
2022,217,Northern Mariana Islands,MNP,10,35,3.5,25
2022,218,Montserrat,MSR,10,201,20.1,41
2022,219,Marshall Islands,MHL,10,40,4.0,32
2022,220,American Samoa,ASM,10,31,3.1,37
2022,221,Mayotte,MYT,9,45,5.0,20
2022,222,Turks and Caicos Islands,TCA,8,156,19.5,29
2022,223,Tuvalu,TUV,7,53,7.57,17
2022,224,Nauru,NRU,6,22,3.67,13
2022,225,Saint Helena,SHN,4,50,12.5,19
2022,226,Saint Martin (French),MAF,4,15,3.75,6
2022,227,Wallis and Futuna,WLF,3,11,3.67,9
2022,228,South Georgia and the South Sandwich Islands,SGS,2,7,3.5,7
2022,229,Western Sahara,ESH,1,44,44.0,7
2022,230,Niue,NIU,1,0,0.0,12
2022,231,Tokelau,TKL,1,9,9.0,7
2022,232,United States Minor Outlying Islands,UMI,1,1,1.0,12
2022,233,Norfolk Island,NFK,1,8,8.0,11
2022,234,Bouvet Island,BVT,1,0,0.0,3
2023,1,China,CHN,1076300,5528908,5.14,1455
2023,2,United States,USA,734258,3074160,4.19,3213
2023,3,India,IND,318271,1151877,3.62,925
2023,4,United Kingdom,GBR,245243,1228702,5.01,2048
2023,5,Germany,DEU,207772,935660,4.5,1797
2023,6,Italy,ITA,159596,743854,4.66,1416
2023,7,Japan,JPN,137304,472862,3.44,1364
2023,8,Canada,CAN,130352,641547,4.92,1659
2023,9,France,FRA,125789,553649,4.4,1604
2023,10,Spain,ESP,124444,563700,4.53,1303
2023,11,Australia,AUS,121008,712556,5.89,1475
2023,12,Russian Federation,RUS,114424,214698,1.88,806
2023,13,South Korea,KOR,102373,514082,5.02,1004
2023,14,Brazil,BRA,91172,277090,3.04,844
2023,15,Turkey,TUR,75398,302474,4.01,647
2023,16,Iran,IRN,74150,348173,4.7,541
2023,17,Netherlands,NLD,73956,406182,5.49,1471
2023,18,Saudi Arabia,SAU,61580,430376,6.99,618
2023,19,Indonesia,IDN,61334,122129,1.99,349
2023,20,Poland,POL,60414,248454,4.11,792
2023,21,Switzerland,CHE,58012,339364,5.85,1369
2023,22,Sweden,SWE,49785,280132,5.63,1232
2023,23,Malaysia,MYS,46593,215147,4.62,559
2023,24,Taiwan,TWN,44701,212260,4.75,738
2023,25,Egypt,EGY,42722,254580,5.96,452
2023,26,Belgium,BEL,41275,225022,5.45,1134
2023,27,Pakistan,PAK,40563,265278,6.54,481
2023,28,Portugal,PRT,38520,167483,4.35,739
2023,29,Denmark,DNK,36020,221304,6.14,1081
2023,30,South Africa,ZAF,35596,150021,4.21,702
2023,31,Hong Kong,HKG,34988,280660,8.02,863
2023,32,Austria,AUT,34272,168839,4.93,937
2023,33,Mexico,MEX,33274,105441,3.17,641
2023,34,Norway,NOR,31328,156130,4.98,896
2023,35,Singapore,SGP,28616,220210,7.7,873
2023,36,Greece,GRC,27719,139419,5.03,725
2023,37,Thailand,THA,27351,102687,3.75,485
2023,38,Israel,ISR,27210,126891,4.66,962
2023,39,Czech Republic,CZE,26896,117154,4.36,667
2023,40,Iraq,IRQ,26595,96897,3.64,231
2023,41,Finland,FIN,25960,140679,5.42,897
2023,42,Ukraine,UKR,23469,51390,2.19,382
2023,43,Ireland,IRL,21734,115635,5.32,753
2023,44,Romania,ROU,20443,84075,4.11,454
2023,45,Chile,CHL,20271,81752,4.03,555
2023,46,United Arab Emirates,ARE,20007,129456,6.47,371
2023,47,Nigeria,NGA,19397,78258,4.03,340
2023,48,Viet Nam,VNM,19181,87338,4.55,350
2023,49,New Zealand,NZL,18372,91570,4.98,758
2023,50,Colombia,COL,17977,53591,2.98,436
2023,51,Argentina,ARG,17094,58049,3.4,611
2023,52,Hungary,HUN,16300,72252,4.43,630
2023,53,Bangladesh,BGD,14998,90349,6.02,343
2023,54,Morocco,MAR,14836,61824,4.17,286
2023,55,Jordan,JOR,11877,63830,5.37,281
2023,56,Algeria,DZA,11129,43309,3.89,263
2023,57,Peru,PER,10854,26893,2.48,340
2023,58,Ethiopia,ETH,10853,45032,4.15,257
2023,59,Croatia,HRV,10669,37690,3.53,413
2023,60,Serbia,SRB,10644,43548,4.09,384
2023,61,Slovakia,SVK,10274,33726,3.28,381
2023,62,Tunisia,TUN,10223,39583,3.87,292
2023,63,Philippines,PHL,8668,25629,2.96,351
2023,64,Bulgaria,BGR,8444,23376,2.77,373
2023,65,Slovenia,SVN,8165,36501,4.47,439
2023,66,Ecuador,ECU,7584,23493,3.1,243
2023,67,Kazakhstan,KAZ,7261,25276,3.48,183
2023,68,Ghana,GHA,7020,30363,4.33,251
2023,69,Uzbekistan,UZB,6908,24462,3.54,144
2023,70,Qatar,QAT,6503,44483,6.84,340
2023,71,Lebanon,LBN,6484,49451,7.63,322
2023,72,Kenya,KEN,5896,22323,3.79,371
2023,73,Lithuania,LTU,5858,26381,4.5,319
2023,74,Macao,MAC,5345,36751,6.88,249
2023,75,Cyprus,CYP,5315,29578,5.57,328
2023,76,Estonia,EST,4645,24178,5.21,412
2023,77,Oman,OMN,4517,26392,5.84,243
2023,78,Sri Lanka,LKA,4467,17101,3.83,277
2023,79,Kuwait,KWT,3721,20150,5.42,240
2023,80,Uganda,UGA,3688,15031,4.08,253
2023,81,Nepal,NPL,3633,15186,4.18,224
2023,82,Latvia,LVA,3535,13710,3.88,243
2023,83,Tanzania,TZA,3350,12036,3.59,245
2023,84,Luxembourg,LUX,3311,17339,5.24,300
2023,85,Cameroon,CMR,3019,12014,3.98,200
2023,86,Azerbaijan,AZE,2851,9119,3.2,167
2023,87,Georgia,GEO,2577,11701,4.54,268
2023,88,Belarus,BLR,2560,6003,2.34,243
2023,89,Uruguay,URY,2513,9113,3.63,256
2023,90,Cuba,CUB,2402,3873,1.61,235
2023,91,Palestine,PSE,2323,12986,5.59,165
2023,92,Bosnia and Herzegovina,BIH,2228,6971,3.13,158
2023,93,Iceland,ISL,2224,10965,4.93,415
2023,94,Bahrain,BHR,2153,10012,4.65,145
2023,95,Zimbabwe,ZWE,1821,5216,2.86,195
2023,96,Sudan,SDN,1820,8519,4.68,155
2023,97,Yemen,YEM,1774,12315,6.94,137
2023,98,Costa Rica,CRI,1751,6583,3.76,252
2023,99,Armenia,ARM,1742,6452,3.7,244
2023,100,Malta,MLT,1546,8686,5.62,201
2023,101,Brunei Darussalam,BRN,1490,8407,5.64,147
2023,102,Macedonia,MKD,1440,5774,4.01,184
2023,103,Venezuela,VEN,1428,4195,2.94,293
2023,104,Syrian Arab Republic,SYR,1337,5582,4.18,156
2023,105,Malawi,MWI,1332,4535,3.4,195
2023,106,Puerto Rico,PRI,1316,5458,4.15,294
2023,107,Rwanda,RWA,1234,4473,3.62,130
2023,108,Albania,ALB,1228,4366,3.56,117
2023,109,Senegal,SEN,1222,3617,2.96,169
2023,110,Zambia,ZMB,1180,6015,5.1,171
2023,111,Libya,LBY,1144,6269,5.48,129
2023,112,Botswana,BWA,1131,5009,4.43,160
2023,113,Burkina Faso,BFA,1066,3553,3.33,150
2023,114,Panama,PAN,1031,4679,4.54,280
2023,115,Mongolia,MNG,1008,4616,4.58,146
2023,116,Benin,BEN,937,3091,3.3,134
2023,117,Kyrgyzstan,KGZ,914,3936,4.31,122
2023,118,Côte d’Ivoire,,902,2976,3.3,147
2023,119,Cambodia,KHM,890,2704,3.04,150
2023,120,Mozambique,MOZ,805,3353,4.17,150
2023,121,Namibia,NAM,799,3307,4.14,137
2023,122,Democratic Republic Congo,COD,791,3467,4.38,103
2023,123,Moldova,MDA,771,2752,3.57,153
2023,124,Trinidad and Tobago,TTO,648,2390,3.69,140
2023,125,Bolivia,BOL,637,2453,3.85,179
2023,126,Montenegro,MNE,634,3107,4.9,105
2023,127,Myanmar,MMR,628,2003,3.19,109
2023,128,Afghanistan,AFG,623,2880,4.62,81
2023,129,Paraguay,PRY,604,2057,3.41,122
2023,130,Fiji,FJI,590,2561,4.34,138
2023,131,Mauritius,MUS,515,2087,4.05,146
2023,132,Madagascar,MDG,513,1868,3.64,134
2023,133,Honduras,HND,485,1494,3.08,95
2023,134,Jamaica,JAM,485,1573,3.24,146
2023,135,Guatemala,GTM,485,2168,4.47,133
2023,136,Congo,COG,475,1680,3.54,146
2023,137,Dominican Republic,DOM,439,1858,4.23,103
2023,138,Mali,MLI,415,1589,3.83,145
2023,139,Gambia,GMB,364,3565,9.79,166
2023,140,Tajikistan,TJK,360,862,2.39,79
2023,141,North Korea,PRK,357,1101,3.08,60
2023,142,Laos,LAO,340,1243,3.66,130
2023,143,Somalia,SOM,337,1292,3.83,45
2023,144,Togo,TGO,336,961,2.86,79
2023,145,Sierra Leone,SLE,334,957,2.87,99
2023,146,Liberia,LBR,299,1151,3.85,74
2023,147,Grenada,GRD,289,863,2.99,85
2023,148,Gabon,GAB,285,1402,4.92,136
2023,149,Papua New Guinea,PNG,282,1395,4.95,130
2023,150,Bhutan,BTN,279,690,2.47,75
2023,151,Niger,NGA,275,936,3.4,113
2023,152,Barbados,BRB,257,835,3.25,116
2023,153,El Salvador,SLV,253,659,2.6,90
2023,154,Monaco,MCO,244,2145,8.79,154
2023,155,Angola,AGO,235,896,3.81,67
2023,156,Eswatini,SWZ,207,497,2.4,96
2023,157,Guinea,GIN,201,536,2.67,94
2023,158,Liechtenstein,LIE,188,890,4.73,130
2023,159,Lesotho,LSO,186,425,2.28,59
2023,160,Greenland,GRL,182,777,4.27,109
2023,161,New Caledonia,NCL,182,824,4.53,131
2023,162,French Polynesia,PYF,175,642,3.67,115
2023,163,Guyana,GUY,171,422,2.47,71
2023,164,Nicaragua,NIC,166,519,3.13,117
2023,165,Haïti,HTI,158,527,3.34,88
2023,166,Maldives,MDV,145,698,4.81,51
2023,167,Mauritania,MRT,145,445,3.07,62
2023,168,Chad,TCD,141,398,2.82,62
2023,169,Saint Kitts and Nevis,KNA,138,434,3.14,60
2023,170,Burundi,BDI,135,889,6.59,71
2023,171,French Guiana,GUF,127,624,4.91,111
2023,172,Faroe Islands,FRO,113,480,4.25,91
2023,173,Central African Republic,CAF,101,312,3.09,74
2023,174,Cape Verde,CPV,95,423,4.45,53
2023,175,Bahamas,BHS,94,647,6.88,76
2023,176,Suriname,SUR,90,412,4.58,62
2023,177,Samoa,WSM,90,366,4.07,51
2023,178,Republic of South Sudan,SSD,89,195,2.19,33
2023,179,Eritrea,ERI,83,341,4.11,64
2023,180,Belize,BLZ,82,239,2.91,69
2023,181,Guam,GUM,80,280,3.5,85
2023,182,Timor-Leste,TLS,79,197,2.49,39
2023,183,Gibraltar,GIB,77,444,5.77,48
2023,184,Seychelles,SYC,77,575,7.47,85
2023,185,Guadeloupe,GLP,76,165,2.17,90
2023,186,Curaçao,NLD,71,150,2.11,21
2023,187,San Marino,SMR,69,955,13.84,56
2023,188,Antigua and Barbuda,ATG,66,202,3.06,35
2023,189,Guinea-Bissau,GNB,63,233,3.7,78
2023,190,Bermuda,BMU,63,551,8.75,117
2023,191,Djibouti,DJI,59,193,3.27,44
2023,192,Reunion,REU,59,132,2.24,72
2023,193,Turkmenistan,TKM,56,258,4.61,41
2023,194,Solomon Islands,SLB,54,141,2.61,64
2023,195,Andorra,AND,48,269,5.6,47
2023,196,Comoros,COM,46,332,7.22,31
2023,197,Cayman Islands,CYM,46,114,2.48,48
2023,198,Aruba,ABW,44,120,2.73,30
2023,199,Martinique,MTQ,44,83,1.89,68
2023,200,Vanuatu,VUT,37,388,10.49,56
2023,201,Falkland Islands (Malvinas),FLK,34,134,3.94,57
2023,202,Virgin Islands (U.S.),VIR,32,123,3.84,50
2023,203,Dominica,DMA,31,116,3.74,53
2023,204,American Samoa,ASM,30,142,4.73,37
2023,205,Equatorial Guinea,GNQ,29,90,3.1,40
2023,206,Tonga,TON,28,143,5.11,42
2023,207,Palau,PLW,25,118,4.72,49
2023,208,Federated States of Micronesia,FSM,21,60,2.86,56
2023,209,Sao Tome and Principe,STP,17,29,1.71,26
2023,210,Cook Islands,COK,17,79,4.65,33
2023,211,Saint Vincent and the Grenadines,VCT,17,82,4.82,30
2023,212,Turks and Caicos Islands,TCA,16,103,6.44,29
2023,213,Vatican City State,VAT,16,19,1.19,19
2023,214,Anguilla,AIA,15,22,1.47,28
2023,215,Kiribati,KIR,14,79,5.64,24
2023,216,Saint Martin (Dutch),SXM,13,84,6.46,9
2023,217,Saint Lucia,LCA,12,51,4.25,35
2023,218,Mayotte,MYT,11,35,3.18,20
2023,219,Marshall Islands,MHL,7,12,1.71,32
2023,220,Montserrat,MSR,7,36,5.14,41
2023,221,Svalbard and Jan Mayen,SJM,7,19,2.71,19
2023,222,Northern Mariana Islands,MNP,6,56,9.33,25
2023,223,Virgin Islands (British),VGB,6,4,0.67,39
2023,224,Nauru,NRU,4,17,4.25,13
2023,225,Saint Helena,SHN,4,6,1.5,19
2023,226,Norfolk Island,NFK,2,8,4.0,11
2023,227,Saint Martin (French),MAF,2,33,16.5,6
2023,228,Tokelau,TKL,2,12,6.0,7
2023,229,Tuvalu,TUV,2,1,0.5,17
2023,230,Wallis and Futuna,WLF,1,3,3.0,9
2023,231,Niue,NIU,1,12,12.0,12
2023,232,British Indian Ocean Territory,IOT,1,9,9.0,14
2023,233,United States Minor Outlying Islands,UMI,1,0,0.0,12
2024,1,China,CHN,1215824,1404224,1.15,1455
2024,2,United States,USA,743884,694392,0.93,3213
2024,3,India,IND,351928,308228,0.88,925
2024,4,United Kingdom,GBR,252604,295326,1.17,2048
2024,5,Germany,DEU,206323,214421,1.04,1797
2024,6,Italy,ITA,162794,178188,1.09,1416
2024,7,Japan,JPN,138991,107928,0.78,1364
2024,8,Canada,CAN,132596,149192,1.13,1659
2024,9,Spain,ESP,126393,131281,1.04,1303
2024,10,France,FRA,125764,131911,1.05,1604
2024,11,Australia,AUS,124941,170342,1.36,1475
2024,12,South Korea,KOR,109408,124067,1.13,1004
2024,13,Russian Federation,RUS,97957,45787,0.47,806
2024,14,Brazil,BRA,93592,65522,0.7,844
2024,15,Turkey,TUR,82150,81106,0.99,647
2024,16,Netherlands,NLD,75748,95552,1.26,1471
2024,17,Iran,IRN,75501,89492,1.19,541
2024,18,Saudi Arabia,SAU,72167,121838,1.69,618
2024,19,Indonesia,IDN,64596,33317,0.52,349
2024,20,Poland,POL,61667,60130,0.98,792
2024,21,Switzerland,CHE,58724,77229,1.32,1369
2024,22,Sweden,SWE,51897,65346,1.26,1232
2024,23,Malaysia,MYS,50854,55267,1.09,559
2024,24,Taiwan,TWN,46238,49884,1.08,738
2024,25,Egypt,EGY,43835,65813,1.5,452
2024,26,Pakistan,PAK,43007,70394,1.64,481
2024,27,Belgium,BEL,42489,53342,1.26,1134
2024,28,Hong Kong,HKG,39526,69652,1.76,863
2024,29,Portugal,PRT,38395,39749,1.04,739
2024,30,South Africa,ZAF,37121,35874,0.97,702
2024,31,Denmark,DNK,36594,51213,1.4,1081
2024,32,Austria,AUT,34522,41693,1.21,937
2024,33,Mexico,MEX,34041,24124,0.71,641
2024,34,Norway,NOR,31793,37661,1.18,896
2024,35,Singapore,SGP,31255,52362,1.68,873
2024,36,Thailand,THA,30754,27694,0.9,485
2024,37,Iraq,IRQ,28606,28575,1.0,231
2024,38,Czech Republic,CZE,27686,28920,1.04,667
2024,39,Greece,GRC,27650,31755,1.15,725
2024,40,Finland,FIN,27413,33963,1.24,897
2024,41,Israel,ISR,27120,28273,1.04,962
2024,42,United Arab Emirates,ARE,22930,34749,1.52,371
2024,43,Ukraine,UKR,22713,13323,0.59,382
2024,44,Ireland,IRL,22267,27436,1.23,753
2024,45,Viet Nam,VNM,22046,21663,0.98,350
2024,46,Chile,CHL,21474,20045,0.93,555
2024,47,Romania,ROU,20298,19355,0.95,454
2024,48,Nigeria,NGA,19951,19174,0.96,340
2024,49,New Zealand,NZL,18758,22706,1.21,758
2024,50,Colombia,COL,18413,13432,0.73,436
2024,51,Morocco,MAR,18273,18959,1.04,286
2024,52,Hungary,HUN,17575,18746,1.07,630
2024,53,Argentina,ARG,17416,14453,0.83,611
2024,54,Bangladesh,BGD,16231,25192,1.55,343
2024,55,Jordan,JOR,14427,21143,1.47,281
2024,56,Algeria,DZA,13081,13311,1.02,263
2024,57,Ethiopia,ETH,12800,11668,0.91,257
2024,58,Tunisia,TUN,11465,10773,0.94,292
2024,59,Peru,PER,11151,6728,0.6,340
2024,60,Serbia,SRB,10618,10298,0.97,384
2024,61,Croatia,HRV,10161,8368,0.82,413
2024,62,Slovakia,SVK,10061,7967,0.79,381
2024,63,Philippines,PHL,9948,6779,0.68,351
2024,64,Kazakhstan,KAZ,9142,7571,0.83,183
2024,65,Bulgaria,BGR,8734,5848,0.67,373
2024,66,Slovenia,SVN,8725,9282,1.06,439
2024,67,Ecuador,ECU,8445,6901,0.82,243
2024,68,Uzbekistan,UZB,8168,8522,1.04,144
2024,69,Ghana,GHA,7763,7680,0.99,251
2024,70,Lebanon,LBN,7618,18857,2.48,322
2024,71,Qatar,QAT,7151,12071,1.69,340
2024,72,Macao,MAC,6875,10924,1.59,249
2024,73,Oman,OMN,6133,8469,1.38,243
2024,74,Lithuania,LTU,6056,6444,1.06,319
2024,75,Kenya,KEN,5705,6022,1.06,371
2024,76,Cyprus,CYP,5475,7341,1.34,328
2024,77,Kuwait,KWT,4755,7329,1.54,240
2024,78,Estonia,EST,4577,6074,1.33,412
2024,79,Azerbaijan,AZE,4570,5521,1.21,167
2024,80,Sri Lanka,LKA,4555,5016,1.1,277
2024,81,Nepal,NPL,4102,3882,0.95,224
2024,82,Uganda,UGA,3961,3758,0.95,253
2024,83,Tanzania,TZA,3778,3260,0.86,245
2024,84,Luxembourg,LUX,3384,4102,1.21,300
2024,85,Cameroon,CMR,3375,3843,1.14,200
2024,86,Latvia,LVA,3361,3216,0.96,243
2024,87,Georgia,GEO,2621,2904,1.11,268
2024,88,Bahrain,BHR,2582,3371,1.31,145
2024,89,Palestine,PSE,2542,3830,1.51,165
2024,90,Belarus,BLR,2525,1720,0.68,243
2024,91,Uruguay,URY,2503,2131,0.85,256
2024,92,Iceland,ISL,2349,3079,1.31,415
2024,93,Bosnia and Herzegovina,BIH,2273,1968,0.87,158
2024,94,Cuba,CUB,2258,1049,0.46,235
2024,95,Armenia,ARM,2109,2000,0.95,244
2024,96,Sudan,SDN,1976,2252,1.14,155
2024,97,Yemen,YEM,1859,3496,1.88,137
2024,98,Costa Rica,CRI,1854,1479,0.8,252
2024,99,Zimbabwe,ZWE,1738,1309,0.75,195
2024,100,Malta,MLT,1545,1953,1.26,201
2024,101,Syrian Arab Republic,SYR,1416,1234,0.87,156
2024,102,Rwanda,RWA,1407,1567,1.11,130
2024,103,Malawi,MWI,1387,1133,0.82,195
2024,104,Albania,ALB,1381,1296,0.94,117
2024,105,Brunei Darussalam,BRN,1377,2105,1.53,147
2024,106,Macedonia,MKD,1331,1285,0.97,184
2024,107,Senegal,SEN,1320,834,0.63,169
2024,108,Venezuela,VEN,1286,618,0.48,293
2024,109,Zambia,ZMB,1275,1341,1.05,171
2024,110,Puerto Rico,PRI,1272,1627,1.28,294
2024,111,Libya,LBY,1271,2353,1.85,129
2024,112,Kyrgyzstan,KGZ,1216,1087,0.89,122
2024,113,Burkina Faso,BFA,1167,911,0.78,150
2024,114,Botswana,BWA,1146,1474,1.29,160
2024,115,Mongolia,MNG,1119,1486,1.33,146
2024,116,Panama,PAN,1049,1210,1.15,280
2024,117,Benin,BEN,1039,866,0.83,134
2024,118,Côte d’Ivoire,,891,555,0.62,147
2024,119,Democratic Republic Congo,COD,856,880,1.03,103
2024,120,Mozambique,MOZ,844,734,0.87,150
2024,121,Namibia,NAM,822,1256,1.53,137
2024,122,Afghanistan,AFG,780,1007,1.29,81
2024,123,Cambodia,KHM,780,986,1.26,150
2024,124,Moldova,MDA,779,597,0.77,153
2024,125,Laos,LAO,732,414,0.57,130
2024,126,Montenegro,MNE,707,890,1.26,105
2024,127,Bolivia,BOL,699,628,0.9,179
2024,128,Trinidad and Tobago,TTO,632,1258,1.99,140
2024,129,Paraguay,PRY,617,404,0.65,122
2024,130,Mauritius,MUS,585,421,0.72,146
2024,131,Congo,COG,573,518,0.9,146
2024,132,Myanmar,MMR,571,364,0.64,109
2024,133,Somalia,SOM,567,806,1.42,45
2024,134,Fiji,FJI,536,584,1.09,138
2024,135,Honduras,HND,528,293,0.55,95
2024,136,Guatemala,GTM,520,974,1.87,133
2024,137,Jamaica,JAM,501,273,0.54,146
2024,138,Dominican Republic,DOM,489,511,1.04,103
2024,139,Madagascar,MDG,479,307,0.64,134
2024,140,Togo,TGO,460,431,0.94,79
2024,141,Mali,MLI,432,551,1.28,145
2024,142,Gambia,GMB,379,936,2.47,166
2024,143,Sierra Leone,SLE,374,244,0.65,99
2024,144,Tajikistan,TJK,345,207,0.6,79
2024,145,Gabon,GAB,336,328,0.98,136
2024,146,Liberia,LBR,335,213,0.64,74
2024,147,Papua New Guinea,PNG,319,172,0.54,130
2024,148,Angola,AGO,288,199,0.69,67
2024,149,Niger,NGA,284,146,0.51,113
2024,150,Bhutan,BTN,280,192,0.69,75
2024,151,Grenada,GRD,277,124,0.45,85
2024,152,North Korea,PRK,259,164,0.63,60
2024,153,Monaco,MCO,251,510,2.03,154
2024,154,Barbados,BRB,243,350,1.44,116
2024,155,El Salvador,SLV,232,159,0.69,90
2024,156,Guyana,GUY,219,173,0.79,71
2024,157,Maldives,MDV,194,219,1.13,51
2024,158,Greenland,GRL,192,176,0.92,109
2024,159,Lesotho,LSO,189,174,0.92,59
2024,160,Guinea,GIN,187,109,0.58,94
2024,161,New Caledonia,NCL,187,106,0.57,131
2024,162,Chad,TCD,182,101,0.55,62
2024,163,Burundi,BDI,174,291,1.67,71
2024,164,Eswatini,SWZ,170,85,0.5,96
2024,165,Mauritania,MRT,164,107,0.65,62
2024,166,Haïti,HTI,159,96,0.6,88
2024,167,Liechtenstein,LIE,158,226,1.43,130
2024,168,Nicaragua,NIC,156,167,1.07,117
2024,169,French Polynesia,PYF,155,133,0.86,115
2024,170,French Guiana,GUF,152,135,0.89,111
2024,171,Saint Kitts and Nevis,KNA,148,97,0.66,60
2024,172,Faroe Islands,FRO,148,124,0.84,91
2024,173,Republic of South Sudan,SSD,113,59,0.52,33
2024,174,Central African Republic,CAF,112,194,1.73,74
2024,175,Timor-Leste,TLS,107,60,0.56,39
2024,176,Seychelles,SYC,100,113,1.13,85
2024,177,Turkmenistan,TKM,94,59,0.63,41
2024,178,Cape Verde,CPV,94,75,0.8,53
2024,179,Eritrea,ERI,94,87,0.93,64
2024,180,Bahamas,BHS,89,123,1.38,76
2024,181,Guam,GUM,89,76,0.85,85
2024,182,Belize,BLZ,75,36,0.48,69
2024,183,Guadeloupe,GLP,74,35,0.47,90
2024,184,Martinique,MTQ,73,69,0.95,68
2024,185,Antigua and Barbuda,ATG,73,231,3.16,35
2024,186,Gibraltar,GIB,73,97,1.33,48
2024,187,Djibouti,DJI,72,59,0.82,44
2024,188,Suriname,SUR,72,38,0.53,62
2024,189,San Marino,SMR,67,254,3.79,56
2024,190,Solomon Islands,SLB,67,47,0.7,64
2024,191,Samoa,WSM,67,33,0.49,51
2024,192,Curaçao,NLD,63,37,0.59,21
2024,193,Guinea-Bissau,GNB,61,46,0.75,78
2024,194,Bermuda,BMU,59,37,0.63,117
2024,195,Reunion,REU,59,42,0.71,72
2024,196,Andorra,AND,54,65,1.2,47
2024,197,Vanuatu,VUT,52,32,0.62,56
2024,198,Cayman Islands,CYM,47,21,0.45,48
2024,199,Comoros,COM,43,91,2.12,31
2024,200,Sao Tome and Principe,STP,39,32,0.82,26
2024,201,Aruba,ABW,37,15,0.41,30
2024,202,Dominica,DMA,32,19,0.59,53
2024,203,Palau,PLW,31,30,0.97,49
2024,204,Tonga,TON,29,66,2.28,42
2024,205,Federated States of Micronesia,FSM,27,196,7.26,56
2024,206,Virgin Islands (U.S.),VIR,24,14,0.58,50
2024,207,Equatorial Guinea,GNQ,22,14,0.64,40
2024,208,Falkland Islands (Malvinas),FLK,22,24,1.09,57
2024,209,Saint Vincent and the Grenadines,VCT,20,10,0.5,30
2024,210,American Samoa,ASM,19,15,0.79,37
2024,211,Saint Lucia,LCA,16,9,0.56,35
2024,212,Vatican City State,VAT,16,12,0.75,19
2024,213,Anguilla,AIA,15,4,0.27,28
2024,214,Montserrat,MSR,14,59,4.21,41
2024,215,Kiribati,KIR,13,14,1.08,24
2024,216,Mayotte,MYT,10,3,0.3,20
2024,217,Cook Islands,COK,10,24,2.4,33
2024,218,Virgin Islands (British),VGB,9,10,1.11,39
2024,219,Saint Martin (French),MAF,9,118,13.11,6
2024,220,Marshall Islands,MHL,8,3,0.38,32
2024,221,Saint Martin (Dutch),SXM,7,1,0.14,9
2024,222,Northern Mariana Islands,MNP,7,6,0.86,25
2024,223,United States Minor Outlying Islands,UMI,7,1,0.14,12
2024,224,Niue,NIU,6,3,0.5,12
2024,225,Saint Helena,SHN,6,15,2.5,19
2024,226,Tuvalu,TUV,5,2,0.4,17
2024,227,Turks and Caicos Islands,TCA,5,3,0.6,29
2024,228,Norfolk Island,NFK,5,2,0.4,11
2024,229,Svalbard and Jan Mayen,SJM,5,3,0.6,19
2024,230,British Indian Ocean Territory,IOT,4,1,0.25,14
2024,231,South Georgia and the South Sandwich Islands,SGS,3,0,0.0,7
2024,232,Bouvet Island,BVT,1,0,0.0,3
2024,233,Saint Pierre and Miquelon,SPM,1,0,0.0,3
2024,234,Pitcairn,PCN,1,0,0.0,2
2024,235,Tokelau,TKL,1,0,0.0,7
2024,236,Nauru,NRU,1,1,1.0,13
